2,"i danni da vaccino superano quelli delle malattie coperte senza vaccino https://t.co/6raafswoxk"
0,"@rossbrescia finché non ci sarà un vaccino o comunque una cura efficace dubito torneremo alla normalità tanto presto"
2,"gates scoperto vaccino contro coronavirus mio migliore investimento!
allarme italia pericolo africa! 

https://t.co/att76z9mqe di @youtube"
1,"#coronavirus, policlinico milano: con modellazione cellulare piu' veloci verso vaccino https://t.co/bw14cpr3eg"
0,"@rainews ma come si fa a pensare che basti questo? i ragazzi sono sempre vicini vicini, riaprire le scuole con virus in giro e senza vaccino vuol dire strage"
1,"non dite cazzate!!!!coronavirus, die welt: ""trump cerca di corrompere azienda tedesca per avere il vaccino"". ma società farmaceutica smentisce - il fatto quotidiano https://t.co/rrupsjickw"
2,"@acidelius anzi, ti dir� di pi�. fare una vaccinazione di massa con un vaccino costituito da un virus vivo attenuato in un momento di epidemia potrebbe addirittura acuirla."
2,"@fredericknapoli il rischio di una dittatura è altissimo infatti. quello di questa scemenza di virus ""pandemico"" fa ridere. e il vaccino non serve a niente. se lo facciano i beoti che credono ancora alle balle di questo governo di farabutti e dei suoi ""esperti"" prezzolati."
2,"questa volta sono stati troppo precipitosi per... https://t.co/rg8yvgqcvr"
0,"@verginescriba aiuto che spettacolo! speriamo solo nel vaccino"
2,"@vfeltri non abbia fretta. prima si deve realizzare l'agenda di bill gates e bigpharma, poi ci concederanno la libertà provvisoria a patto di subire il loro vaccino ovviamente obbligatorio. https://t.co/e5i1mangza"
1,"#coronavirus e #vaccino, come si sta muovendo l'europa https://t.co/foolxpsfhx https://t.co/0wefffgljt"
2,"@juvemyheart più fanno scena più il prezzo del vaccino aumenta. i governi speculano su queste situazioni e poni dicono a noi di non farlo."
1,"@alessandrocrip6 @laregione quello senz’altro! 
non è cambiato molto rispetto a un mese fa’: non c’è un farmaco, il vaccino arriverà l’anno prossimo, gli ospedali sono pieni... per cui riaprire alla carlona è molto rischioso!"
0,"@alfonsofuggetta la gente non capisce. non è solo questione di trovare un vaccino per *questo* virus. ne arriveranno altri in futuro e bisogna per forza progettare un sistema completo e integrato per gestire la pandemia."
0,"@barillarim5s @colvieux grazie per la dritta che quando serve un vaccino, chi ci guadagna è chi produce il vaccino, cioè le case farmaceutiche.
e io che ho sempre pensato che a produrre i vaccini fosse la centrale del latte.

ps penso al tuo stipendio con tanta gente che ora è in difficoltà e mi incazzo"
1,"@signorernesto il riferimento alla vaccinazione contro l'influenza non è per proteggersi dal coronavirus, vero? no perché, a me sembra scritto in maniera leggermente ambigua e la mamma dello scemo..."
0,"@giovangolo @giornalettismo @peppesignore peccato che a prescindere dalla cura, il vaccino serva."
2,"perch� non dite che a brescia e #bergamo hanno vaccinato a tappeto la popolazione per la meningite a fine gennaio,devastandogli il sistema immunitario,come accade ai bimbi che hanno la febbre per giorni dopo il vaccino,e poi si ammalano? #dimartedi #covid19"
0,"@leo_the_teacher stiamo dicendo la stessa cosa, con una piccola differenza, per l'influenza stagionale esiste un vaccino e le persone più fragili dovrebbero averlo fatto. per il coronavirus no"
1,"coronavirus: al via sperimentazione vaccino di 'takis' sui topi. in autunno sull' uomo https://t.co/akt2sxgmzu"
0,"@odiata @ratatouillestay per quello la gente fa il vaccino per l’influenza!!! cea gente non può permettersi di avere un’influenzaaaaaaaaa"
0,"@salpaladino al di là di questo, ci sarà comunque timore... perchè non ci sarà ancora una cura certa nè un vaccino..."
1,"trump vuole il vaccino per il coronavirus in esclusiva per gli usa, l’ira della germania: “sarà per tutto il mondo” #16marzo https://t.co/f0ultwecdx"
0,"@side73dark @barillarim5s questo perché dipende dal vaccino. l'anno scorso ad esempio alcune regioni hanno comprato il vaccino trivalente che non dava sufficiente copertura. in sardegna avevamo il tetra che invece ha protetto."
1,"coronavirus, parla l’esperto: test del vaccino in 2-3 mesi. le ultime novità https://t.co/l4xunixsjk  11/02/2020"
2,"@2111colfed @monica__2008 @kappati a convivere ...a distanza di 40 anni c'è tantissima gente che continua a contagiarsi e a morire (si parla di circa 40.000.000 di morti nel mondo) ..il vaccino,sempre dato per pronto, non è mai arrivato ..esistono delle cure ..ecco, pure col covid dovremmo imparare a conviverci"
1,"bill gates chiamerà conte sul vaccino per il coronavirus https://t.co/cuq5q8edun"
0,"@matteo07294851 senza vaccino funzionante e testato i manubri impregnati di sudore, le docce.... figurati.
continuo ad allenarmi a casa."
2,"nella prima foto campagna pagata da big pharma per 200 casi allanno su tutta la popolazione italiana, nella seconda i dati delle reazioni avverse al #vaccino mprv : 400 reazioni avverse ogni 1.000 dosi (di cui 40 gravi)   veniteci a parlare di rischio beneficio  #libertadiscelta https://t.co/ll13quaaau"
2,"@carmeme1 @balli271 @alessandra1605 @minervamcgrani1 ma è quello che dico io solo che la cura non farebbe entrare tutti i soldi che porterebbe un vaccino"
2,"il dr. john bergman  svela che il vaccino antinfluenzale : diffonde il cancrohttps://t.co/yoklkqy8jb https://t.co/r0mkq1ghyb"
1,"justin ha donato oltre 3milioni di dollari per trovare un vaccino per il coronavirus, ha amici nell'industria kpop e si sta tenendo in contatto con loro per ricevere notizie in tempo reale. mi sembra strano che hailey bieber sia così mal informata, in ogni caso state esagerando"
2,"@minervamcgrani1 il problema non sono i vaccini,ma il fatto che gliene sono stati sparati 8 in un giorno.
non prendete ogni occasione buona per fare i no-vax"
2,"@dacchio @biggiale @robertoburioni @medicalfactsit @chiedonoperme giusto che venga impiegata e che venga ulteriormente approfondita magari con tecniche, già in studio, che permettano di produrre più sacche da un unico prelievo, quello che non è giusto è zittire tutto perchè il vaccino è l'unica cosa importante... sappiamo per chi..."
2,"@byoblu in compenso é scomparsa tutta la censura di google sul tema vaccini... provate a cercare “danni da vaccino” e rimarrete strabiliati.
provate adesso prima che si ritorni come prima!!
ps secondo me fra poco, con la scusa che lo usiamo troppo, viene chiusa la rete."
2,"il plasma e' una cura, nessun vaccino grazie! https://t.co/hwifaxdzmv via @youtube"
1,"#coronavirus, negli #usa oltre 35 mila casi #vaccino russo pronto in 11 mesi  #ansa #23marzo #covid19 https://t.co/wjaxzd0c0l"
2,"america  ora ufficialmente un sistema di caste! il new jersey vota per la modifica della legge s2173 su #vaccine esenzioni per bambini ricchi delle scuole private! va bene ferire e uccidere i poveri - bianchi e neri - quelli che non possono permettersi le scuole private. https://t.co/b04xdy0i6a"
0,"ima, vacchi: «le macchine del gruppo per le dosi iniettabili del futuro vaccino» https://t.co/7blrcds8ts"
0,"i nemici del “#vaccino dei popoli”. l’accesso sostenibile ai farmaci #covid19 segnerà il crinale di una guerra ad alta densità geopolitica. in gioco c’è il diritto alla salute. la rubrica di @ndentico https://t.co/wy2ivzndw9 https://t.co/nf7vnpehvb"
1,"ma si continui ad aspettare “terapia efficace e/o vaccino” e nel frattempo vedere come va. nel frattempo potrebbe passare un anno, ma dettagli.
anziché conviverci, dunque, e tornare gradualmente alla normalità, si continua a praticare un distanziamento sociale che lascerà"
0,"#billgates pronto a finanziare il #vaccino per tutti, se funziona.
una cosa eccezionale da un uomo eccezionale. #imprenditore e persona assoluta. il mondo ringrazia e spera. #hope #covid https://t.co/z1lvcz7uej"
0,"a tutti quelli che vogliono tornare in chiesa per la messa propongo di curarsi non con il futuro vaccino per #covid19 ma di affidarsi al cuore immacolato di maria #asteroide #sciacalli"
2,"@potus
vuoi che ci vacciniamo per viaggiare negli states?
stiamo a casa volentieri...

 https://t.co/bytsmdbiff"
0,"@bettergiovanni tare sta già lavorando al vaccino"
2,"@minervamcgrani1 mia madre, 85 anni, consigliata dal medico e caldeggiata da mio fratello, ha voluto sottoporsi al vaccino antinfluenzale. ora ha avuto un netto aggravamento delle sue condizioni, con gravi difficolt� di deambulazione, problemi neurologici"
1,"@matteorenzi e se magari, prima del vaccino, arrivasse una cura? non é la stessa cosa, ma sarebbe una gran cosa. ed é meno complessa."
1,"@gualtierieurope @mariannamadia e il divieto di brevettare sul genoma e i suoi derivati? vi rendete conto che l'irbm é campata di assistenzialismo statale e i nostri concittadini non vedranno il vaccino? e le perdite economiche su questo? @pdnetwork https://t.co/jiasoquhhh"
1,"ma secondo voi che cazzo doveva dire?? uscite vedetevi e moltiplicatevi! cazzo è una pandemia mondaliale causata da un virus per cui nn esiste  un vaccino...svegliaa #fase2"
2,"@minervamcgrani1 @sonialavera finalmente qualcuno ha capito e ti dirò di più, quando avverrà il g20 a breve, come d'incanto arriverà il vaccino."
2,"#coronavirus, #billgates chiama conte: ""ha riconosciuto l'impegno dell'italia. accordo su cooperazione mondiale per trovare il #vaccino"" - il fatto quotidiano
“to può tenè” è già stato detto? https://t.co/nog7ya5kfc"
1,"coronavirus: il vaccino in un anno in poche settimane test sulluomo -  #coronavirus: #vaccino #poche  https://t.co/6c1eqzbgbh"
0,"vaccino contro il covid-19 l'immunologo svizzero esce allo scopero: ""possibilità di successo"" https://t.co/ouzjgiqhsm"
0,"per sviluppare un candidato vaccino #covid19 dobbiamo contare sulla forza e il supporto degli altri.

e proprio quando la distanza sociale ci mette di fronte a nuove sfide, condividiamo i nostri progressi per accelerare la corsa verso il #vaccino

#janssenatourbest #wewontrest https://t.co/tydkb6mxcq"
2,"@minervamcgrani1 per iniziare minerva, per iniziare... ne hanno tanti da smaltire prima di rendere l'umanità schiava di ogni vaccino. vorrebbero che uccidessimo per averli, ma accadrà il contrario. poi ci sono quei film del 2011 tipo contagion, è così chiaro tutto..."
0,"hey conte ho capito che dal 4 maggio inizieremo la fase 2 e che dovremo usare le mascherine e guanti fino al vaccino, ma chi ha una relazione a distanza e rivedrà finalmente il proprio partner? come funzionerà là quando riapriranno le regioni e i comuni?"
1,"quando sarà pronto (realisticamente) il vaccino contro il coronavirus -  #quando #pronto #(realisticamente)  https://t.co/lacmhfdsdk"
1,"coronavirus nel mondo, trump: ""vicini a un vaccino"". in brasile altro giorno nero: quasi 1.300 morti https://t.co/37qdwv0vwh"
2,"questo   il  giornalismo?  altra #fakenews sul razzismo che non c'  stato ..ma nessuna denuncia per il #vaccino che ha ammazzato  sei tu che fai schifo. tu giornalista bugiardo https://t.co/wfo9ryimch"
2,"@andi_sx_veg @graziel65255465 @angy_cocco @piersar62 @gael99 @pediatriaoggi @xenonian1 tu hai visto questo?  bambini indiani che hanno preso la paralisi flaccida da vaccino della polio?  ignorante pericoloso  https://t.co/6rtmgcit5q https://t.co/0p3uinlex"
0,"@corriere bene , ora farmacologi italiani per trovare vaccino"
0,"che tenera la gente erborista-no-vax-antimicrochip che pensa che facendo una vita sana non ti può succedere niente.... poracci..."
2,"@szampa56 @robersperanza @ministerosalute un vaccino che non funziona neanche sulle scimmie? 3 mesi di sperimentazioni quando in genere servono 10 anni? per un virus rna? ma di che stiamo parlando?"
2,"noi con trump | dr. fauci conferma al congresso come il vaccino alimenta la pericolosità del coronavirus https://t.co/zqyxlpacis"
1,"primo studio sull’uomo del vaccino covid-19. https://t.co/w19ulyjuzm"
1,"@lidia25aprile @mariakostourou @alexa5313 @angelaangelmi @elvielly @50genny @siparisipari @loanartemisia @lopec15 @valerymell1 @mbmarino @gianpaolag18 @raffym48 @ritadv100 @titzbiltz @nikkio48 @giulicat1512 @angelinascanu @agata46_ @martabolzoni3 @spatresano @maurizio101112 @giovann00341278 @giordanobattini @annamar06982989 @arnaldabolzoni @brancarossana @mammanunmat64 @antonel12659251 @giuspecoraro buongiorno lidia. saremo anche un popolo di adolescenti ma dobbiamo crescere e non è possibile rimanere a casa fino a quando si troverà il vaccino. non possiamo permetterci di vivere di rendita . non tutti almeno."
0,"@beppesarno tieni comunque conto che verosimilmente prossimo o fra qualche anno diventerà l'influenza stagionale.
ma avremo il vaccino (speriamo).
e come quest'anno, credo che lo farò.
voi?"
2,"""il grossissimo problema è che qualsiasi nuovo vaccino contro il #coronavirus potrebbe innescare reazioni immunitarie letali quando le persone vaccinate entreranno in contatto con il virus selvaggio!""

ma che problema c'è? facciamo subito la sperimentazione umana.

#covid19"
2,"questo studio dimostra come le piccole mutazioni della bordetella pertussis abbiano portato nel tempo (e in corrispondenza dell'inizio della somministrazione delle dosi massicce del vaccino a favorire l'insorgenza di ceppi di bordetella resistenti.. https://t.co/kxfjge9vpl"
1,"aspettare il vaccino per togliere la mascherina appare inverosimile in #lombardia, ma vedremo se anche questo è una affermazione tiramolla. 
https://t.co/snt6d8ylxc via @milanoevents.it | news ed eventi a milano"
2,"@francescolauria @huffpostitalia guarda sono tutto tranne un no vax .
non fraintendiamoci.
se fosse necessario lo farei anche io il vaccino.
é solouna opinione basata sui numeri . ma sono il primo a fare un passo indietro davanti al parere dei medici ( non del tuo)"
0,"«coronavirus fasullo», denunciato il guru dei no vax stefano montanari - vicenzapiù https://t.co/puq6edrle2"
2,"il bimbo di 3 mesi  morto per meningite...  una strana coincidenza se si considera che la scorsa settimana il bambino era stato sottoposto al vaccino proprio della #meningite #brindisi #vaccini https://t.co/cbhw9thzwu"
2,"zingaretti e la propaganda del vaccino. fottiti #nonelarena"
0,"@seredomenici @tiecolino @danielamondorff lo sono pure io....e so cosa vuol dire respirare male per infiammazione o allergeni, pulisco casa di continuo il vaccino antinfluenzale lo evito ma questo ben venga per me a 60 anni meglio non rischiare, se sono stati così male a 18 e 38
poi ognuno è libero di pensarla come vuole"
1,"djokovic a contatto con un positivo al coronavirus. intanto il tennista si dice contrario al vaccino… https://t.co/iphgpn6ibq https://t.co/j47dxwvusq"
0,"@robersperanza a tutti gli scenziatoni #novax , va bene se non volete farlo, ma se vi contagiate poi vi andate a pagare tutte le spese mediche privatamente, così non peserete con la vostra ignoranza al ssn"
2,"fanno il vaccino antinfluenzale, poi si ammalano e prendono l'influenza, alcuni purtroppo muoiono, e nemmeno si fanno domande.  si puo' morire d'influenza a 11 anni...no,  si puo' morire iniettandosi sostanze neurotossiche...si.  https://t.co/7yhh8wuexb https://t.co/km8uf6hb3f https://t.co/hu1udsmaka"
2,"inefficacia vaccino morbillo  plotkin chiede nuovi studi https://t.co/f38qfvug8n via @libera scelta"
0,"@randallflagg71 io faccio il vaccino dal 2001.
nel 2000 avevo avuto un’influenza terribile che non passava mai.
ma nessuno ricorda l’asiatica del 1957?"
0,"no vax no ask no app si traduce in si racism, si fascism? perché molti di loro mi sembrano gli stessi."
0,"@matteograndi strano il silenzio dei novax, forse hanno capito quanto sono stati stupidi ed incoscienti!"
2,"2.300.000.000 di persone obese 3.000.000 di morti per alcol allanno 700.000 morti per infezioni da batteri resistenti   ma un pensiero per il #morbillo e il #vaccino c sempre. quante dosi devono ancora smaltire le case farmaceutiche?  https://t.co/xxjfkqxt7w"
2,"@robersperanza il vaccino lo faccia lei e i suoi parenti. lei non può obbligare a fare un emerito cazzo . e spenda i suoi soldi x comprare merda non i nostri. se solo avesse un minimo di dignità si dimetterebbe ma cryedi che nemmeno la vendessero lei sarebbe capace di trovarla."
0,"emilia romagna ore 14 , vado senza appuntamento a asl per vaccino antinfluenzale. fatto. esco alle 14,30 e dopo alcune ore mi � arrivata la email con aggiornamento del mio libretto vaccinale, anche nel fascicolo sanitario online una sanit� proprio da cambiare, mi raccomando ????"
2,"@mgmaglie vogliono mantenere il blocco per persuaderci che possiamo uscirne solo con un vaccino. l'italia è un laboratorio per prove tecniche di totalitarismo"
0,"@lor_biagetti @gianlucac1 la soluzione c’è sempre stata.
soppressione dell’epidemia.
adottata da sempre.
caccia agli infetti, rinchiuderli nei lazzaretti, se peggiorano in ospedali dedicati.
testare, rintracciare, testare, isolare, quarantenare, curare.
fino alla scomparsa del patogeno o al vaccino."
2,"tratto dal discorso di #henrykissinger al @who il 25.02.09. 
si nota una certa somiglianza con gli intendimenti di @billgates /#rockefeller , che ne è l'erede intellettuale...
ora, sotto coi #vaccini..!
#covidー19 
#coronavirus 
#covid19 
#novax https://t.co/ncreokun36"
1,"insieme al vaccino, a un bambino verrebbe iniettato un po 'di colorante invisibile ad occhio nudo ma facilmente visibile con uno speciale filtro per telefono cellulare @criticascient @euromasochismo @ppdalmon @paolo_gibilisco @entropicbazaar  https://t.co/s1anumqwxt"
0,"coronavirus, dalla cina primi successi per il vaccino https://t.co/olfinbjzy4"
1,"come si distribuiranno le dosi del vaccino anti coronavirus? -  #distribuiranno #vaccino #coronavirus? https://t.co/sj2ojsl3av"
2,"si pu eradicare la polio col vaccino? https://t.co/3uaumh6cr1"
1,"@giuseppeconteit @robersperanza avevate detto che il vaccino non sarebbe stato pronto prima dell'anno prossimo e va bene così, sono un medico e so quali sono i tempi della sperimentazione; poi #speranza firma l'accordo per 400 milioni di dosi in autunno.
la puzza di merda si sente da 1 km.
#governodellavergogna"
2,"@elele08 @salvatore585 @robertodavoli1 i miei figli, purtroppo vaccinati hanno uno allergie e l'altra difficoltà cognitive. ma ce ne sono a centinaia di giovani pieni di allergie, autistici, con problemi cognitivi, guarda caso esponenzialmente aumentati con la vaccinazione. avessi saputo quel che so oggi zero vaccini"
2,"i primi a fare il vaccino sperimentale (inutile) sarete voi medici e forze dell'ordine.
mo' so cazzi."
2,"al cotugno, ospedale di napoli specializzato in malattie infettive, vi sono stati alcuni casi di meningite. stessa cosa a bergamo. questo per� � un ceppo contro cui non c'� vaccino che tenga perch� il ceppo � subsahariano. silenzio totale dei media, ovviamente."
0,"@stefaniaconti @antonioripa @gianlucac1 @thmanfredi mi sono spiegato? 
la mia domanda è semplice: lockdown fino al vaccino? 
o è il caso di progettare un futuro prossimo?"
2,"peggio che essere stuprata ???? https://t.co/wtvvujmuay"
1,"@merynga1981 ti giuro che rula ha detto così.
che gli stati repubblicani americani sono no vax e contrari alla scienza.
e i poveri si ammalano.
giuro."
2,"@diegofusaro porteremo le mascherine fino al vaccino! siete contenti? e il vaccino lo fareste?"
2,"@maurodottorini @repubblica se ammalarsi di covid-19 e guarirne non conferisce immunità, come potrà mai conferirla un vaccino?
si ritiene tanto intelligente da bollare come demente la sen. cunial ma allo stesso tempo non riesce a fare una deduzione così elementare..."
0,"@giorgioasnaide3 @stanzaselvaggia “si stanno buttando miliardi per il vaccino”....... ma voi vi meritate l’estinzione!"
0,"di questa #quarantena ricorderò le litigate con i complottisti e i #novax su facebook.
grazie, mi avete regalato emozioni nelle mie giornate altrimenti vuote.
❤"
0,"@filippofacci1 che poi adesso fanno il delizioso esercizio retorico “i novax non sono contro i vaccini ma contro l’obbligo”.

c’è nessuno che “non è contro le cinture di sicurezza, ma contro l’obbligo delle cinture?” qui che ci vuole spiegare nel concreto la differenza?"
2,"questa mamma racconta praticamente in diretta la regressione allo stato autistico della figlia dopo 48 ore dall'iniezione del vaccino esavalente.  ""ieri avevo una bambina che era sana al 100%, oggi ho una figlia ferita, per non scrivere disabile""!  https://t.co/o2blqcmdjl https://t.co/9gpqmzpcwp"
0,"@alessandro19_07 @fattoquotidiano certo sembrerebbe essere questo lo scenario. ma nessuno ha la palla di vetro per poter avere un'idea chiara del futuro anche se, e questo pare evidente , molti dovranno rinunciare al vecchio lavoro e adeguarsi ai nuovi tempi. me compreso. fino al vaccino quantomeno."
2,"@pbecchi 

secondo uno studio i virus competerebbero per le cellule da infettare, il che spiega il susseguirsi di epidemie di diversi tipi di virus, un virus meno pericoloso per l’uomo ma forse più forte del covid2 anziché l’incerto vaccino !"
1,"@fangbianmen @pmo_w @t_tonii +++ il governo americano dichiara che il vaccino per il #coronavirus è già pronto e domani parte la sperimentazione clinica +++
https://t.co/l8mjtrr93y
@italianpolitics @minutemanitaly @gr_grim @cckki @renatosouvarine @giuseppe_masala @buffagniroberto @432wps @euromasochismo"
1,"il canada avvia i test clinici del vaccino contro coronavirus - https://t.co/fdmqsjtgov... https://t.co/hyykqmihay"
1,"sfida usa-germania sul vaccino e altre notizie interessanti https://t.co/ngeq0gt0ju https://t.co/jysn40n9i1"
2,"noi lo dicevamo che l’obbligo vaccinale sui bambini era il cavallo di troia...ma voi ci chiamate novax...
#covidー19
#vaccini https://t.co/vje1nqhwvg"
2,"altra mamma. altra testimonianza. vaccino meningococco b. prognosi sindrome di kawasaki. era nel bugiardino come effetto avverso. i medici riconoscono il legame ma non lo mettono per iscritto. #vaccini https://t.co/d35e2dpthx"
1,"contro il coronavirus non manca solo il vaccino, manca la politica https://t.co/l3quk9bxko via @linkiesta"
2,"al vertice mondiale sulla sicurezza dei vaccini dell'oms hanno fatto rivelazioni sorprendenti:  i vaccini possono essere mortali   gli studi sulla sicurezza sono inefficaci   il monitoraggio della sicurezza  inadeguato  gli adiuvanti aumentano il rischio  https://t.co/z5qi0njdr5 https://t.co/d5udjndkfd"
2,"quando la stampa poteva ancora informare sui danni da #vaccino https://t.co/qcsba5dmrb"
0,"coronavirus e seconda ondata: “le nuove infezioni sono inevitabili fino al vaccino” https://t.co/xprfsqhetj"
0,"@elisa34012803 @robersperanza gentile elisa, da medico con 30anni di esperienza ospedaliera alle spalle ti dico: non ti far coinvolgere in questa campagna anti vaccinazione. tra qualche anno ti potresti accorgere di esserti sbagliata. (continua)"
2,"le azioni della bill &amp; melinda gates e delle altre multinazionali impegnate nella ricerca del ""vaccino"" hanno preso il decollo, mentre il resto crollava."
2,"breve storia triste. madre di bambino convinta che il vaccino antinfluenzale sia indispensabile ogni anno. faticosamente riesce a prendere appuntamento per lei e il figlio circa un mese fa. oggi la madre ha preso l'influenza. eh va beh, sar� per l'anno prossimo."
0,"oggi ho avuto il piacere di intervenire ad una iniziativa di fondazione mondo digitale e msd italia sull'importanza della corretta comunicazione scientifica e sanitaria, con un focus sulla prevenzione vaccinale. #salutelazio #lovemyjob #vaccini #vax #novax https://t.co/gwwfam3cfc"
2,"@petuffotanker @robersperanza l’australia ha vaccinazioni obbligatorie vietnam e thailandia ha vaccinazioni consigliate . io sono contrario al vaccino covid . questo cercavo di far capire e non accetterò nessun tipo di imposizione ."
2,"@animavera14 raga io devo ancora decidere ed ho paura...se mi vaccino non so gli effetti collaterali....se non mi vaccino e mi prendo il covid?poi x quanto sarò in pericolo?se mi vaccino x quanto funzionera'?ho paura...consigli???"
0,"@albeggiava52 @agnosticit @robertoburioni avrai la consapevolezza che finché il virus è in giro sarà opportuno rimanere in casa perché potrebbe ripartire in qualsiasi momento. propongo quindi, per compensare l'italico vizio, di assecondare questo istinto e lasciarvi in casa fino alla disponibilità di un vaccino."
0,"@gadlernertweet si saranno accorti che il virus non può essere debellato subito. senza vaccino. cosa fare? tanto vale ricominciare."
0,"#coronavirus, ecco i due farmaci che fanno sperare i contagiati ma la missione è il vaccino 
https://t.co/2xeedjhijm"
0,"""capisco che tutti abbiamo voglia di tornare alla normalità. ma la normalità che abbiamo conosciuto non ci sarà più fino a quando non ci sara' un vaccino"". lo ha detto il ministro per gli affari regionali, francesco boccia."
2,"@luca_mussati @giochirilly forse credi che la app di tracciamento vogliono imporla per tracciare i positivi?credi che la favola del vaccino (inutile visto che le influenze non danno immunità) non sia x scopi diversi dal ""per il bene dell'umanità""?che i microchip siano nella fantasia dei complottisti?"
1,"""vaccino, il virus in gran bretagna sta scomparendo: mancano malati per test"" - https://t.co/9ovbuvcgh2 https://t.co/rz0a0kvqut"
0,"@clarence101010 basta fare due ricerche comunque, conferenza stampa fatta da quei novax che si son trovati miracolati grazie al m5s, organizzata alla camera e che sostanzialmente ha portato ad un nulla di fatto visto che,  e cito(1/2)"
0,"il peggio del peggio 
#corrieredellasera: coronavirus, la nuova battaglia di burioni: «prima i no-vax, ora i no-mask».
https://t.co/rfxwiit24b

tramite @googlenews"
0,"@bidombi @sruotolo1 e gli immunodepressi che non possono fare il vaccino? se lo stato ragionasse come voi, avremmo ancora il vaiolo e la polio."
2,"coronavirus, vaccino moderna: speculazione e conflitto di interesse? - https://t.co/hlhxnuai7a"
1,"@oradecima @huffpostitalia who e unicef  controllano i programmi di immunizzazione in moltissimi paesi per epatite, polio, rosolia ecc.  https://t.co/tjgf9nfiza     https://t.co/lpdxt6mmvk"
0,"attenti al morbillo! https://t.co/r9qsxshmq4"
2,"global vaccine safety summit: le dichiarazioni degli esperti che mettono in dubbio sicurezza ed efficacia dei vaccini (sub ita) #invaccineswetrust #lascienza #scienceissettled  https://t.co/lvqngwy3wd"
1,"""l'accordo con rottapharm biotech ci dà un po' di benzina per pianificare gli studi sul nostro vaccino e fare le cose con più tranquillità. stiamo disegnando lo studio di fase 1-2, che partirà a ottobre e coinvolgerà all'inizio un'ottantina di persone"". https://t.co/i5p7foqyei"
2,"il vaccino di gates modifica il dna: scienziati ed esperti di etica danno l’allarme     
https://t.co/rawxdxny9e    

https://t.co/kvbn31sma0"
0,"vaccino fatto..  adesso una bella passeggiata zona zattere... https://t.co/ipmzpjwlzx"
0,"facciamo una cosa: se esce il vaccino per il #coronavirus, noi sorosiani, ordoliberisti, complici della big pharma e gretini lo facciamo.  voi furbacchioni ""iononcicasco"", invece, vi curate con acqua, limone, spremuta di cetriolo e coronaparty.  ci state? qua la mano!"
1,"che vi venga un colpo! ????????????????????????coronavirus, stampa tedesca: washington vuole l'esclusiva di un vaccino - rai news https://t.co/qnqhpqniof"
2,"la chiesa di satana provax, ma tu guarda... con lavallo dei clinton poi. toh! https://t.co/dhrbwjpa9v"
2,"@danieleg1976 conoscevo.. bhe nel caso di bergamo, però, erano un po obbligati a fare il secondo vaccino x il meningococco. tra meningite e #covid19 meglio il secondo.
la possibilità però che i vaccini abbiano indebolito il sistema immunitario, favorendo l'infezione di corona, è molto alta."
2,"@maurizio62 @cfineight @nadia_hopppe1 @chetempochefa @robertoburioni vabbè lei proprio non vuole capire. se lo stato mi obbliga ad un tso perché mi fa firmare addossandomi la responsabilità?  lo sa che se non firmi non te lo fanno il vaccino?"
1,"il magnate di #microsoft #billgates ha investito in questa piccola biotech company. i primi test per il #vaccino saranno effettuati su 40 adulti #coronavirus #covid19 https://t.co/idps0ocuu1"
2,"gardasil, il vaccino contro il papilloma virus umano (hpv)  , sta distruggendo le ovaie delle ragazze e i sistemi riproduttivi.https://t.co/vq8j0qfmks https://t.co/7xte0kjpqn"
2,"@octavianzaki @sarahconnor_18 stai sul discorso immuni. quindi non dovremmo uscire fino al vaccino? e si troverà, visto che chi ha gli anticorpi non è sicuro sia immune? ma perché chi è nei servizi essenziali può lavorare in sicurezza già adesso? fattele due domande."
2,"@antoniosocci1 questa è una traccia:
https://t.co/wqo6jrpuze
teniamo presente che il nostro bill sarebbe a favore per un diminuzione della popolazione mondiale, ma forse è solo una fake news ... intanto, però, dovrebbe vedersi con conte"
2,"lo studio che smentisce tutto ► ""vaccino inutile! covid virus banale che... https://t.co/jffoxchvhc di @youtube"
2,"a moe!  condannati bambini perfetti,  sani e innocenti,  discriminati a vita,  perseguitati come i sioux,  braccati da cani avidi e alla catena. che i vermi vi mangino vivi! https://t.co/xfexdoylgq"
2,"il primo vaccino contro la malaria accende la speranza. ma riuscirà a vincere la malattia?  | national geographic https://t.co/5olrbloceo"
1,"@adtacito sì ho letto anch'io. teoria sbagliata però: quel vaccino non viene fatto ai bambini italiani (anche perché funziona poco ed è in disuso)"
0,"iniziamo male anche oggi: mi alzo e vedo che quell’ignorante della mia vecchia host mom americana scrive poemi su facebook su come il coronavirus sia stato creato in laboratorio e poi trasmesso intenzionalmente per obbligare i no-vax a vaccinarsi"
0,"@solaripaolo @robertoburioni @mariaritadadamo @matteosalvinimi se ha un caso ne discutiamo, alla agenzia del farmaco non risultano casi, bisogna dimostrare che l'insorgenza della patologia è correlata con il vaccino, dimostrato solo con il vecchio vaccino antipolio opv #sabin  un caso su 750000"
0,"dopo qualche settimana di defaticamento eccoli lì di nuovo i #novax, col petto fiero e il sole in fronte.

oggi in parlamento non si è parlato di scuola e istruzione.

siamo vittime del #coronavirus si, ma più dell'analfabetismo di ritorno, da anni.

#braindown https://t.co/vp0shb8vr0"
0,"@stopconinomi purtroppo c’è stata una sottovalutazione mostruosa......
speriamo che il vaccino sia trovato al più presto!!"
2,"@luigidimaio @italymfa vi siete venduti a bill per un vaccino che non serve perché ci sono altre medicine  o altri metodi economici."
0,"@marioscelzo1 io ho una malattia cronica autoimmune, sono  immunodepressa per la terapia, abito a mezz'ora di strada dal focolaio veneto e sinceramente tanto tranquilla non sono. per l'influenza stagionale infatti faccio il vaccino."
2,"oggi sono 7 anni che giacomo � volato via... dopo atroci sofferenze causate da un vaccino che lo ha reso tetraplegico! un abbraccio enorme va ai suoi coraggiosissimi genitori, mario e concetta, sempre in prima fila per la battaglia a favore della libert� di scelta vaccinale."
2,"il vaccino contro la varicella pu causare la meningite. https://t.co/fzjsjhkkpr"
2,"avviso:  il vaccino antinfluenzale 2018-19  contiene mercurio  (pericolosissimo!) e mette in pericolo soprattutto le donne incinte e i bambini https://t.co/m2ojmmerao https://t.co/rw38umyfko"
0,"@francescatotolo ma si figuri! l' unica speranza è un vaccino.. questi non ne vogliono sentir parlare di chiudere alcunché.. cmq, ho scoperto che lei è l' unica.. fino ad ora.. bocconiana di cui condivido ciò che scrive, dico l' ""unica"" perché con bifarini ci ho litigato, e mi ha bloccato.."
0,"#coronavirus, #arcuri: ""l'emergenza finisce solo con il vaccino. #immuni scaricata da 2 milioni di utenti"" https://t.co/0mzjjcp6hk"
1,"l'ipotesi del #complotto riguardo al #coronavirus si è spostata sugli interessi delle ditte farmaceutiche #globali, che si starebbero dando da fare per produrre un #vaccino. a pagamento.  #coronaviruswuhan #coronavirusitalia  #globalizzazione

https://t.co/ctcriqmojg"
0,"@servino_angela @socialmentediv1 ricordatelo, quando uscirà il vaccino per il covid, dille che se lo fa aiuti i suoi figli a menarla"
0,"@filipposala3 @biologiscienza @lucatelese e per quello che non mette le pubblicazioni nel cv?  guardi, io parlo con tutti, ma non con i no vax. quindi mi scusi"
0,"pensavo che quei dementi dei #novax fossero spariti ed invece eccoli spuntare come funghi alla notizia di #djokovic https://t.co/b7lhyq6lmn"
2,"fate presto.????ebola prossima epidemia. ne sono certo, hanno predisposto i pezzi sulla scacchiera ?: immigrazione africana incontrollata, epidemie mediatiche di ebola in africa fermate con vaccino, vaccino pronto in milioni di dosi, europa al centro dellepidemia.???? https://t.co/rddbb6bv8g"
2,"@ponytaele concordo; ricorda però al vaccino non possono costituzionalmente obbligare, tranne per la frequenza a scuola o se frequenti comunità di volontariato o centri istituzionali"
0,"#coronavirus: #vaccino imminente dalla #germania - https://t.co/fxwxctjmf1 - #curevac #trump https://t.co/eozjlkjuka"
1,"coronavirus | boris johnson | “il vaccino potrebbe non arrivare mai” https://t.co/7twdxpnd8t"
2,"https://t.co/ygy65gkcuq il tribunale condanna il ministero della salute, che non paga... nonostante sia stato riconosciuto colpevole! oltre il danno da vaccino...la beffa!  #vaccini #stragedistato"
2,"pensavano a mettere il digital id (marchio sottopelle) assieme ai vaccini già dal 20 settembre 2020. casualmente è arrivato il virus (brevettato da bill gates), e il vaccino (creato da bill gates), imposto dall'oms (finanziata da bill gates). tutto normale, no?"
0,"@ricpuglisi i #novax hanno trovato la cura del secolo: la mascherina!"
2,"basta che non obbligano la vaccinazione..
io prediligo la strada per la  cura.. #dimartedi"
2,"papilloma virus: il vaccino riduce davvero il rischio di cancro? https://t.co/ux6k8lmq3z @vocidallestero"
2,"con una copertura vaccinale sulla difterite all 99%, in grecia torna la difterite!   morto un bambino.  70 anni di pace ficchiateveli su per il culo.  la povert uccide, la povert porta malattie e nessun vaccino potr mitigare questo dato di fatto! https://t.co/27fml7jpaj"
