label,text,index
0,"nonni vaccinati, sono un po‚Äô pi√π sollevata‚ù§Ô∏è",0
2,"""ci stanno somministrando un vaccino ancora in sperimentazione, secondo l'agenzia del farmaco cinese √® potenzialmente pericoloso"" ‚ñ∑ prof. leopardi link",1
1,vaccino o certificato di negativit√† per chi arriva in sardegna: la proposta link,2
0,user user user user_kuzzo cosa c‚Äô√® di non chiaro nell‚Äôaffermazione ‚Äúi vaccini non proteggono dal contagio ma da sviluppo di forme di malattia gravi / morte‚Äù iniziate a sembrare seriamente deficienti a riportare ste notizie.,3
2,user finitela di fare disinformazione! in ospedale oltre al #greenpass richiedono tampone negativo per assistenza post-parto‚Ä¶ quind il vs. #greenpass e le vs. vaccinazioni non servono ad un cazzo!,4
0,"fra le simpatiche terapie domiciliari che ultimamente vantano i no-vax spicca l'uso dell'ivermectina un antiparassitario per cavalli e vacche. se posso permettermi, vi consiglio frontline, cosi terrete lontani oltre al covid-19 anche pulci, zecche e pidocchi masticatori. üò¨üòâ link",5
1,"asl avellino. sospensione attivit√†‚Äô centri vaccinali nella giornata di domani, luned√¨ riprendono le vaccinazioni - link link",6
1,"""arrivano da firenze e cremona i primi indagati ‚Äòno vax‚Äô. l‚Äôaccusa formulata dal magistrato nei confronti di un 66enne lombardo √® chiaro: ‚Äúistigazione alla disobbedienza delle leggi, di ordine pubblico, in vigore a tutela della salute pubblica nel periodo di emergenza pandemica.",7
0,"¬´sono un ragazzo vaccinato¬ª, jovanotti gioisce su facebook link",8
0,i migliori vaccini sono darwiniani link #mondo,9
0,ma quindi abbiamo davvero bloccato un vaccino per 30 trombosi su 5 milioni di vaccinati? #astrazeneca,10
1,"user user user_claudio un virus muta in modo casuale a prescindere dai vaccini, e le varianti pi√π contagiose diventano dominanti. le vaccinazioni sono iniziate in uk in dicembre, link la variante alpha fu scoperta in novembre da campione preso in settembre. link",11
0,user user gli operatori sanitari novax debbono essere licenziati in tronco per evitare rischi per gli altri,12
2,"ecco la prima denuncia contro la rai per la disinformazione su vaccini e cure domiciliari"" link 8",13
2,"io non deploro chi si inocula il siero, se poi muoiono comunque di covid o di nessuna correlazione mi dispiace per loro. #sottilidifferenze",14
0,iniziate vaccinazioni over 70. finalmente! #toscana #vaccini,15
1,"queste che vedete in fila sotto la pioggia sono decine di soggetti fragili in attesa del vaccino in fiera. basterebbero un paio di gazebo, ma la ‚Å¶user‚Å© dov‚Äô√®? #palermo #sicilia #vaccini  link",16
1,"ristoranti, calcetto, pass vaccinale, mense scolastiche: al #cts i nodi da sciogliere in vista delle riaperture del #26aprile so' problemi #vaccini #covid19italia",17
1,il vaccino di johnson  link via user,18
0,#quellavoltachedraghi trov√≤ un neurone nel cranio di un novax,19
2,i pazzi under 50 che si fanno astrazeneca vanno fermati! governo di assassini!!!,20
0,"user l'unica (magra) consolazione che mi da questa psicosi, √® che presumibilmente la data della mia vaccinazione dovrebbe avvicinarsi in modo consistente per le  rinunce che arriveranno",21
0,"vaccini fuori lista, in procura a bari primi interrogatori. il legale: ""sono stati chiamati, nessuno ha saltato la fila"" link  vergogna #infiltrati e #saltafila!!!",22
1,"user una domanda, come mai il contatore delle vaccinazioni riporta una cifra di circa un milione di somministrazioni prime dosi in pi√π rispetto alle statistiche ufficiali?",23
2,"user ""forzare"", il governo e le istituzioni vogliono forzare un vaccino sperimentale e pericoloso nelle persone. buttate fuori questi delinquenti fascisti!!!",24
2,user user zone rosse ora con questo caldo. l'anno scorso i vaccini non c'erano e ora che ci sono √® la stessa minestra. ma andate a caxare.,25
2,"#nessunacorrelazione, quindi #vaccinoaigiornalisti che hanno sempre sostenuto l'obbligo.",26
0,impoante risoluzione del consiglio d‚Äôeuropa : vaccini per tutti senza discriminazioni di ogni genere link,27
0,"user si ok, √® un intimidazione un abuso una via di mezzo, ma in realta se ho capito lei ha criticato il generale responsabile della logistica dell approvvigionamento vaccini perch√© non vuole vedere le divise, che √® assurdo perch√© ora i vaccini circolano meglio",28
2,user_sibari user allora mi dica il vaccino e autorizzato alla vendita in emergenza ma rimane sperimentale fino al 2023  un obbligo da parte dello stato impone che lo stato stesso si faccia carico di eventuali danni rendendo superfluo il consenso firmato  chi pagher√†?,29
1,"vaccini: ruffo (sissa), ancora in attesa comunicazione asugi. universit√† trieste e udine gi√† informati, cominceranno gioved√¨ #ansa link",30
0,"cari novax ‚Äú libert√† di scelta‚Äù,  la vostra libert√† finisce dove incomincia la mia di non essere contagiata da voi #novax",31
0,"i #vaccini slegano l‚Äôandamento dei contagi da quello dei morti. vedremo il prosieguo, ma l‚Äôeffetto comincia ad essere evidente. #variantedelta russia 13% uk 63% 1st dose 1st dose link",32
2,"user user basta analizzare le percentuali di non letalit√† del covid e quelle di garanzia dei vaccini, sono simili. vuole dire che i vaccini non cambieranno la situazione, e lo stiamo gi√† vedendo nei fatti",33
0,"il presidente mattarella √® intervenuto alla convention annuale di comunione e liberazione. si √® espresso in modo netto sui vaccini, ricordando anche le parole di papa francesco. #covid19 #vaccinilink",34
2,user_official üòÅüòÅüòÅüòÅüòÅsapete quante varianti devono ancora uscire  parecchie e una cosa grave ///i vaccini non riescono ad anticipare perch√© √® impossibile bloccare il mondo! !!!,35
0,vaccinato questa mattina 08 00  prima dose con  pftruser  puffazer..... pitzifur  pizziffer   vabbe' so vaccinato üòÇüòÇüòÇüòÇ  #pfizervaccine,36
1,"#vaccini anti #covid19 in italia, dosi somministrate su base quotidiana.dosi somministrate il 11/05/2021 : 429.134 media mobile a 7 giorni: 465.570 #covid_19 #vaccinaitalia #astrazeneca #coronavirus #pfizer #modernavaccine link",37
2,"mia cugina, fatto il vaccino 5 giorni fa questa notte trasportata in ospedale e deceduta. proviene da un ceppo familiare che vive 100 anni. nessuna patologia, sportiva, ballava, rideva , ma non ha voluto ascoltarmi voleva essere libera con il vaccino. amen link",38
1,"vaccini lazio, al via 'open week' astrazeneca per maggiorenni - adnkronos link",39
1,"user user_it user user gentile sig. #calenda, spiace vedere che pur di farsi pubblicit√† lei sia disposto a scendere a cos√¨ bassi livelli. non pu√≤ non capire che la frase ""il vaccino rende liberi"" √® davvero infelice. protesti contro coloro che la utilizzano, non contro chi ne fa notare l'inadeguatezza.",40
2,user user user chi √® vaccinato pu√≤ infettarsi e trasmettere il virus su questo non ci piove. con il gp uno non fa pi√π controlli per 8/12 mesi perch√© pensa di essere sano. la soluzione sono i tamponi salivari rapidi. dal 7 agosto l'aifa ha riconosciuto l'uso delle monoclinali per la cura.,41
1,user_maffi user a tg lombardia conferenza stampa prima regione a raggiungere 1 milione di vaccinati,42
1,"rivolto a chi si riconosce! brutti stronzi! adesso che la lombardia e le regioni di destra sono prime nelle vaccinazioni, non dite pi√π nulla? link",43
2,"coloro che ci hanno messo paura a causa del covid, sono gli stessi che ci vogliono imporre la somministrazione del vaccino link",44
1,"user mi piacerebbe essere contadino in ogni caso in una comunit√† si pu√≤ esprimere il proprio gradimento o critica. e in una comunit√† europea non ha senso che ogni nazione vada per la sua strada tra vaccinazioni e chiusure. ci vorrebbe uniformit√†,oppure ciao europa",45
0,user spero che facciate i complimenti anche alla regione lazio dato che ha gestito le vaccinazioni meglio di tutti .... diciamo un bravo a zingaretti,46
0,grandissimi pezzi di ceüöΩsse unitamente a tutti i üçíoni no vax che vivete nella nostra sicilia--  ci siete riusciti siamo primi per contagi e ultimi per vaccinazioni da luned√¨ 30 saremo di un bel colore giallo! guardatevi allo specchio e ‚Ä¶.ü§ßü§ß link,47
2,"107 euro al mese in pi√π per fare da cavie. perugia, poliziotta 43enne ricoverata dopo il vaccino astrazeneca link",48
1,"covid, uno studio conferma: l‚Äôefficacia del vaccino mrna cala in 6 mesi link #saluteinforma #salute link",49
0,"user user_ casa di riposo di mia madre: il primo piano √® in quarantena perch√® un oss non si √® vaccinato e ha contratto il covid. mia cugina, che opera nel settore, mi ha detto che circa il 40% dei sanitari non √® vaccinato..",50
0,difficile per ora fare previsioni #covid19. di certo con la vaccinazione le nostre abitudini potranno tornare ad una nuova normalit√† molto pi√π agibile della presente link,51
1,user la roba del contact tracing va avanti da mesi. √® una vergogna ma adesso la colpa ce l'ha pure il governo. non puoi aprire tutto e poi imporre quarantena per i vaccinati. √® un controsenso,52
0,le farmacie veronesi sono tra le pi√π virtuose a livello regionale per numero di inoculazioni effettuate: 3637 le dosi somministrate dall'inizio della campagna. vecchioni: ¬´soddisfatti dell'apprezzamento da parte della popolazione¬ª. leggi sul sito: link,53
1,"i 2 decessi registrati oggi si riferiscono a ‚Ä¢ 2 donne di 80 e 83 annierano residenti a scandiano e vetto d'enza üíâieri sono state vaccinate 1.141 persone, oggi ne erano programmate 750",54
1,user user user user_italia qui il contenuto della interrogazione a firma armando siri e alberto bagnai al ministro speranza sui vaccini. link,55
2,quando la finiranno di dire falsit√†? l'hosempre detto e sostenuto. 1 il vaccino per virus che mutano non serve. 2 il #covid19 si cura benissimo a casa 3 siamo comunque al 70% di vaccinati ma in pratica siamo messi peggio della scorsa estate?liberi tutti! link,56
2,‚Äúi vaccini vanno ritirati! abbiamo scoperto che mancano presupposti per metterli in commercio‚Äù ‚ñ∑ avv. holzeisen link via user,57
1,"vaccini in sardegna, ieri oltre 13 mila somministrazioni e 60 mila prenotazioni link",58
1,"15 milioni di dosi di vaccino j&amp;j buttati per un errore umano. il tecnico di laboratorio minimizza: "" ho mischiato pfizer, j&amp;j, soda, lime e vodka e a me sembrava buono""",59
1,covid. al via due studi dell‚Äôiss per il monitoraggio immunologico post vaccinazione in¬†italia link,60
0,"burioni espatria: ""se costretti a chiudere per colpa dei no-vax me ne vado in francia"" | il primato nazionale link",61
1,"su circa 10,7 milioni di prime dosi del vaccino #pfizer 9,7 milioni di dosi del vaccino #astrazenaca e circa 0,8 milioni di seconde dosi di vaccino pfizer. quindi, i dati di tali effetti collaterali di astrazeneca non si discostano molto da quelli di pfizer.",62
1,"link ministero della salute, rezza: ""immunit√† di gregge quando avremo vaccinato il 67% della popolazione""",63
1,"user ci vorrebbe onest√† intellettuale di non limitare alla "" destra "" le pulsioni no vax di questo paese . erano organici ai 5 stelle unial , bonafede , taverna , barillari , conte . nn ricordate nulla ? #lamemoriadelcriceto",64
0,ùêíùêûùêßùê≠ùê¢ùê´ùê¨ùê¢ ùê´ùêûùê¨ùê©ùê®ùêßùê¨ùêöùêõùê¢ùê•ùê¢  per se e per gli altri! lo stato italiano e la situazione storica ci chiedono e ci impongono la #responsabilita attraverso la chiamata alla vaccinazione di massa.  #vaccini #covid19 #governoitaliano #pandemia  link,65
2,byoblu:aumento delle infezione nei vaccinati. la svezia vieta l‚Äôingresso agli israeliani   link 28,66
1,"da luned√¨ 7 giugno verr√† sospesa l'#attivit√† per la somministrazione del vaccino anti-#covid presso l'#ambulatorio distrettuale della asl 3 in via xii ottobre a #genova. l‚Äôattivit√† #vaccinale, si legge nella nota dell'#asl, ‚Äúproseguir√† presso l‚Äô#hub della #fiera del #mare. link",67
2,user user sul fatto che gli italiani non siano popolo bue ho molte riserve. gente disposta a farsi vaccinare anche con l‚Äôacquaragia pur di andare in vacanza ‚Äúimmunizzati‚Äù e gi√† pronti a sacrificare anche i loro figli sull‚Äôaltare del dio vax. popolo bue anche troppo poco per sta gente ..,68
1,campagna vaccinazione in cina: oltre 2 mld dosi somministrate   video link,69
1,"#vaccini, l'italia procede a rilento? com'√® la situazione in altri paesi #ue? ora su user: fabrizio pregliasco user, don pietro sigurani e user_anfossi di user_cristiana. link link",70
1,"user regione marche: liste  per caregiver ad oggi, per i comuni disabili gravi, ancora non aperte, stando al sito della regione, ma  i furbetti del vaccino (es. un avvocato),  sono stati vaccinati nei giorni scorsi pronunciando semplicemente la parola ‚Äúcaregiver‚Äù.",71
1,"11) banco informazioni, ti danno un modulo ""lo compilo e glielo d√≤ adesso?"" 12) ti fanno prendere appuntamento dal sito 13) complimenti ha un appuntamento per consegnare il modulo fra un mese. 14) la pandemia √® finita, non ho la tessera sanitaria e non ho ancora il vaccino",72
1,voi vi lamentate dei #novax ma al mondo ci sono persone che in tre ordinano una bottiglia di vino da 0.375... #cuccioli,73
2,"user user__ no, sono sperimentali, leggi il bugiardino e vedrai cosa scrivono. sono vaccini sperimentali somministrati in larga scala per via della pandemia.",74
2,"user user questo lo potremo dire con sicurezza in autunno,nessuno in questo momento mi sta garantendo che il vaccino funziona,i dati dell'anno scorso in questo periodo non sono tanto diversi",75
0,"# user: covid, figliuolo: ""obiettivo tutti vaccinati entro l'estate"" link",76
2,pioggia di miliardi un anno fa vaccini a raffica oggi imprese pochi euro e al collasso vaccini niente ma ci rendiamo conto di quanto sti personaggi mantenuti da noi ci prendono per il culo intanto citt√† invase da clandestini spacciatori??,77
2,user tranqi che col vaccino ci dimezzano,78
2,"per la cronaca e come volevasi dimostrare, la figlia del mio collega, ieri, √® risultata positiva. ora andate a quel paese voi e il vostro vaccino.",79
1,user insomma ho fatto il vaccino e comincia a farmi molto male il braccio quindi ho messo del ghiaccio √® per questo che rispondo ora scusami,80
1,"#vaccini domani, 5 maggio, sul portale della regione #toscana aprono le agende per prenotare il johnson&amp;johnson per chi ha pi√π di 65 anni link user",81
2,user user user user non so in quanti sopravviveremo a  altri due anni di vaccini !!??!?üò±üò±üò±‚Ä¶ e lo avevano detto ‚Ä¶siamo in troppi al mondoüò°üò§üò§,82
1,covid-19. oggi 1.712 dosi di vaccino somministrate dall‚Äô asl di avellino. ‚Äì retesei |¬†link link,83
1,"‚Äúa palermo c‚Äô√® una evidente escalation dei contagi, in particolare per la diffusione delle varianti, pi√π aggressive. abbiamo i primi casi di virus in soggetti gi√† vaccinati.""",84
0,. user qualcuno lo fermi perch√© ha perso il lume della ragione e lo dico da convinta sostenitrice dei vaccini,85
2,"studio scientifico vaccini covid-19 .. forte risposta immunitaria infiammatoria, compresi polmoni e fegato ..... affaticamento, mal di testa, brividi, dolori muscolari, febbre e dolori articolari ..... intense reazioni infiammatorie e trombotiche ..link",86
1,user user_iacoboni la met√† dei no-vax che ho tra i contatti √® grillina,87
1,piano vaccini | la preoccupazione dei medici di base | ¬´sui pazienti fragili c'√® il rischio di una giungla delle priorit√†¬ª ‚Äì l'intervista link,88
2,tutti leoni e poi si cagano sotto...e fanno le corse per fare il vaccino,89
2,"cosa succeder√†? i dati #covid miglioreranno ancora e beccamorto user frener√†, incatenando e chiudendo il paese con l‚Äôavallo di user_chigi che la mena con i #vaccini. a quel punto user reagir√†? di sicuro il popolo insorger√† furiosamente. #dittaturasanitaria",90
1,in arrivo i primi 40 mila green pass per i valdostani vaccinati contro il covid link,91
0,per l'ottimo andamento della campagna vaccinale voglio ringraziare marco travaglio. ogni sua lacrima sono sui 50mila vaccinati in pi√π,92
2,"user user user user guarda che √® pieno di fully vaxxed che si beccano il covid lo stesso. se poi ci aggiungi gli effetti avversi...vedremo da ottobre contro le varianti, quale sar√† la reale efficacia. in gb stanno gi√† aumentando i casi e hanno un numero di vaccinati altissimo.",93
0,"via libera dell‚Äôema, il vaccino astrazeneca √® sicuro ed¬†efficace link",94
2,"brutti ignoranti buzzurri, la cura √® una sola(o s√≥la) il vaccino, anche se non funziona.",95
1,"le spie non sono solo nei film. lo dimostra la vicenda dell‚Äôufficiale arrestato mentre passava ai russi documenti riservati. atto ostile, dice la farnesina mentre mosca minaccia ritorsioni cio√® l‚Äôespulsione di qualche nostro diplomatico. putin non vende solo vaccini sputnik... link",96
2,"user user i testimonial come lui  e  affini dovrebbe pubblicare i titoli anticorpali prima e dopo il vaccino. cos√¨, giusto per confermare che sbadatamente  loro non abbiano ricevuto il placebo .lo facciamo perch√© ci teniamo tanto alla loro salute e alla scienza",97
1,appena ha saputo che non poteva entrare alla sagra della porchetta o al papeta #salvini si √® vaccinato stamattina a milano - cronaca - ansa link,98
2,"user ""il vaccino √® il futuro""""mi farei iniettare anche petrolio pur di poter tornare libero""questi sono due esempi di cose che hanno udito le mie povere orecchie",99
1,#vaccinicovid   vaccini e rischio trombosi: dimezzare le dosi potrebbe ridurre i rischi link via user,100
1,user le persone che rientrano nelle categorie definite fragili in che modo possono accedere al vaccino prima degli altri?nessuno lo dice!,101
2,il vaccino lo farei a loro! veramente √® non per finta! üëéüëéüëé,102
1,"vaccini covid lombardia, moratti: ‚Äúi pazienti vulnerabili possono aderire con il sito delle poste‚Äù link",103
2,"covid, la pediatra angelina farella: ‚Äúpensare di sottoporre i bambini a questo tipo di vaccini √® un crimine‚Äù: link",104
1,"#vaccini anti #covid19 in italia, aggiornamento del 11/04/2021 ore 11:28 andamento delle somministrazioni per classe di et√†. #covid_19 #vaccinaitalia #astrazeneca #coronavirus #pfizer #modernavaccine link",105
1,pfizer sta pensando di adattare il nuovo richiamo alle varianti.,106
2,"basta dittatura‚ùóÔ∏è, [24 lug 2021 alle 21:52] covid, codacons chiede oggi ufficialmente la radiazione dall'albo per roberto burioni, che in un post ha definito ‚Äòsorci‚Äô coloro che non si sottopongono al vaccino augurando agli stessi gli ‚Äòarresti domiciliari  link link",107
1,vaccini a pasquetta quasi 148 mila vaccinazioni. il 20% delle dosi ancora nei frigoriferi delle regioni - #vaccini #pasquetta #quasi link link,108
2,i dati che preoccupano l‚Äôinventore del vaccino mrna (imprtanti e vietati ai virologi da tv) link #news #feedly,109
0,"√® bellissimo sentire i commenti delle persone grandi sul momento della loro vaccinazione. servizio,gentilezza degli operatori sanitari e grande soddisfazione x avere ricevuto a loro tutela la salvezza. siamo in #emiliaromagna",110
0,"oh sentite io mi sono truccata figa, magari rimorchio qualche militare al vaccino",111
0,"user user_ spiegazione:classe di et√† &gt;50 vaccinati 95% non vaccinati 5% : il rapporto √® 19:1 tabella: morti: vaccinati  279 non vaccinati 131: il rapporto √® 2.2:1.  quindi il vaccino ha protetto gli over 50,anche se il  numero dei loro morti √® superiore a quello dei non vaccinati.",112
2,"user user lobbligo del vaccino preclude solo se vi e' una pandemia,fatto e ke se si cerka sul web ilvirus sarsa nn e pandemico perke nn letale ,xessere letale ki e contagiato deve morire ,invece il sarsa ,nn e letale colpisce i + emaciati con altre patologie e vecci over 80",113
2,"covid-19. l'oms continua a stupire per la grande confusione e contraddizione dei suoi membri. e' preoccupata e dubbiosa per l'efficacia dei vaccini sulla 'variante inglese'. per√≤ consiglia di accelerare la vaccinazione, che ormai √® inutile per la vecchia influenza passata,",114
2,"assassini! lorenzo si era anche sottoposto al vaccino anti-covid, lo scorso 5 giugno. una scomparsa la sua che sconvolge la comunit√†, stretta intorno ai genitori",115
1,"mentre le #bigpharma registrano guadagni da capogiro, il #wto si incontra per parlare della sospensione dei #brevetti sui #vaccini anti #covid. ecco cosa potrebbe succedere senza un accesso equo ai vaccini #covax #omc #oms link",116
1,user coglione infame imbroglione ha votato a favore del passaporto vaccinale!!!!  infame lo sai che questo significa che l economia italiana croller√† a picco! perch√© i vaccini in italia non ci sono e non arrivano prima di natale  ! ci√≤ significa che  il turismo italiano √® morto! munez,117
0,user perch√© le case famiglia e le comunit√† alloggio di roma sono rimaste senza vaccino?  le persone fragili residenti continuano ad ammalarsi nonostante vivano in sostanziale lockdown da un anno! intanto c'√® una petizione link via user,118
1,ma i vip/politici lo sanno che possono fare il vaccino anche senza darci la prova con i selfie? viviamo benissimo anche senza.,119
1,"non una signora che dopo il vaccino se n'√® uscita con ""mah la seconda dose pu fistinu"" cio√® la festa patronale mi piscio addosso",120
0,sii utile a te stesso e agli altri vatti a vaccinare.#vaccinatevi l'alternativa non c'√®,121
0,.... aspettando il turno per il vaccino ma porca troooota perch√© al mio comune fan tutti schifo aooooo datelo a tutti wtf,122
1,"un nuovo articolo: (vaccini covid, da domani in sicilia prenotazioni per i ragazzi dai 12 ai 15 anni) √® stato pubblicato su: tempo stretto - ultime notizie da messina e reggio calabria - link link",123
1,"vaccini lazio, ripartono le prime dosi: la chiusura degli hub ora slitta a ferragosto - link link",124
1,#covid19 #coronavirus dati in #toscana #9giugno ‚ñ™Ô∏è 127 nuovi casi ‚ñ™Ô∏è 15.898 tamponi eseguiti ‚ñ™Ô∏è 341 ricoverati (-33 da ieri) ‚ñ™Ô∏è 80 in terapia intensiva (-4 da ieri) ‚ñ™Ô∏è 9 decessi (6.784 totali) ‚ñ™Ô∏è 230.765 guarigioni (+425 da ieri) ‚ñ™Ô∏è 2.390.805 vaccinazioni link link,125
0,user user_vanpelt a breve sarete tutti sistemati con il vaccino obbligatorio.,126
0,"user chi sceglie di non vaccinarsi √® come quello che non rispetta il divieto di sosta e di fermata nei giorni di mercato. chi si √® vaccinato ha pagato il suolo pubblico e si √® iscritto alla camera di commercio, e loro ne approfittano a sbafo.",127
1,"0,5% vaccinati media per tutta l'africa, 15-20% media europa dell'est. perche' temete l'immigrazione? moriranno tutti, no?",128
2,aprite questa pagina e notate come i commenti ammessi sono solo quelli favorevoli a questa vergognosa iniziativa. e' censura vera e propria della libert√† di pensiero e di espressione perpetrata giornalmente dal user_it  #nazipass #nazivax link,129
1,"user user ma lo vogliamo capire che il virus non verr√† sconfitto dai vaccini ,che servono per evitare di prendere il covid in forma lieve o comunque non mortale",130
1,"prima √® mutato il virus, adesso su twitter mutano anche i vaccini. l'hashtag #astrazeneca diventa #astrazenaca e diventa virale.",131
1,"user_2022 ho aprezzato della conferenza stampa di #draghi mes: ‚Äúcon questi tassi di interesse non √® detto che convenga e poi serve per la sanit√†, oggi √® inutile‚Äù. ‚Äúsui vaccini se l‚Äôeuropa far√†, bene, altrimenti si va da soli.",132
1,vaccini: fontana al via hub tra i pi√π imponenti deuropa -  #vaccini: #fontana #imponenti #deuropa link,133
0,"condivido in pieno... se c'√® qualcosa che bisogna sapere che venga fuori subito! aggiungo: in uk hanno vaccinato 12m di persone con az, ora capisco che gli inglesi siano stoici e pragmatici mentre in europa siamo un p√≤ chiagnoni ma escludo che abbiano sotterrato i morti!",134
2,"link #astrazeneca , #antonellaviola e l'allarme sui #vaccini: ""i #rischi superano ampiamente i #benefici, ma non l'hanno letto?""  #liberoquotidiano",135
0,buongiorno user e roby! finalmente ho smaltito il vaccino e oggi posso essere con voi come sempre! #frenchgp üá´üá∑ #moto3 #motorzn user_it,136
2,"nessuna correlazione, ma un nesso c' √®. a chi √® morto un caro ucciso dal vaccino non girano le palle neanche un po'?",137
2,"user user user user io non  ho mai parlato di sieri e non √® il termine che conferisce o meno la funzionalit√†. sto dicendo altro, ovvero che i vaccini sono tutti sperimentali per cui non si conoscono gli effetti a medio e lungo termine, mentre a breve vediamo decessi e ricoveri eccessivi...",138
2,user il vaccinato √® pericoloso. si contagia e pu√≤ contagiare. solo i guariti meritano il green pass.,139
0,"user user user user gli under12, devono mantenere le precauzioni pre-vaccinali. ovviamente a maggior ragione i docenti devono essere vaccinati. quando ci sar√†, sembra in autunno, autotizzazione pediatrica, si vaccineranno.",140
2,hanno fatto questo video perch√© la nazionale italiana ha vinto e la campagna di vaccinazione sta andando male.link,141
2,quarta dose obbligatoria? non scherziamo.,142
0,"il vaccino limita i rischi e basta, sta cosa di ""√® inutile che mi faccio il vaccino tanto sono tutti vaccinati "" √® una stronzata",143
2,persino la dottoressa bolgan trova che l'unico modo per uscirne sia la disobbedienza civile. i vaccini sono l'opposto di quello che vogliono farci credere. link,144
0,"come si chiama quella sensazione di quando vieni a sapere di un conoscente #novax della prima ora finisce in ospedale mentre i suoi parenti vaccinati non hanno neanche un raffreddore? ah s√¨, ""mi ride anche il buco del culo"". #vaccinazioni #covid19",145
1,"europei e vaccini: s√¨ di italia e belgio, no dell‚Äôinghilterra. caos in spagna, libera scelta per francia e¬†svizzera link",146
1,"manifestazione dei ""no green pass"" a milano: circa mille persone sfilano per le vie del centro al grido di ""non sono vaccini, ma sieri assassini"" - il fatto quotidiano link",147
1,"covid, al via le vaccinazioni per caregiver e familiari di soggetti fragili: ecco chi rientra nella categoria link",148
0,"tu provi a far finta di niente, a mantenere la calma poi sti novax si paragonano agli ebrei durante la seconda guerra mondiale e ti vien voglia di prenderli a sberle tipo mulino a vento.",149
0,"a questo punto per√≤ c‚Äô√® da aspettarsi anche il titolo ‚Äúmuore all‚Äôimprovviso, una settimana fa aveva prenotato il vaccino #astrazeneca‚Äù link",150
0,"user_patrizia una mia ex vicina di casa, gravemente obesa e diabetica, nonostante avesse la priorit√† del vaccino, non l'ha voluto fare. √® in terapia intensiva in condizioni disperate. ma come si fa....",151
0,"l‚Äôok alla presenza di spettatori alle gare di #uefa2020 allo stadio #olimpico √® un gran bel segnale di #speranza (maiuscolo e minuscolo). ora, per√≤, urge un protocollo rigido del #cts e, soprattutto, un‚Äôaccelerazione nelle #vaccinazioni. altrimenti sar√† l‚Äôennesimo, vuoto proclama",152
0,mia nonna fhe cerca di far ragionare mia madre e farci fare il vaccinoüíóüíñüíòüíï,153
2,"user siamo sempre guariti dalle polmoniti, le cure esistono.. √® di vaccino che si muore, e non ci sono storie, e non sanno nemmeno riconoscerlo tanto pi√π che essendo sperimentale dovrebbero verificare le cause dei decessi anzich√© catalogarli come ‚Äúmalore improvviso ‚Äú... vergogna..",154
1,festa: ‚Äúritardi nelle vaccinazioni. fuksas ha rinunciato al progetto dogana‚Äù link link,155
2,"user user √® esattamente cos√¨. mi piacerebbe poi sapere quanti decessi per coronavirus e quanti invece con coronavirus. ma queste informazioni non le sapremo mai, importante √® negare che il vaccino sia potenzialmente pericoloso.",156
2,"user user_claudio prima, ogni morto, anche 100enne, oddio, morto per covid!! adesso, vaccinato che muore di covid, eeeh...ma cosa vuoi che sia, era vecchio, aveva patologie pregresse!  mammamia che ipocrisia!!",157
2,cosa non ci hanno detto in italia sui vacciniüò± link,158
1,"user quello che fa veramente incaxxare √® che in sardegna, pretendevano assolutamente che tutti quelli che arrivavano fossero vaccinati! e loro non di vaccinano?",159
2,"user user_freisa chiedo a te che mi pare sia informato. √® una domanda non provocatoria, ma seria. si hanno fonti attendibili circa l'ausilio di cellule derivanti da feti morti per la ricerca o messa a punto del vaccino az o j&amp;j?",160
1,"coronavirus, a matera continuano le vaccinazioni senza prenotazione link",161
2,"detto questo figliuolo riceve ordini e li esegue. da lui non si cava un ragno dal buco. la vaccinazione dei minorenni √® un atto gravissimo, tirannico, figlio di una ideologia assurda ed inquietanta. purtroppo non bastano le buone maniere per far sentire il proprio dissenso.",162
1,giro di vite per 45mila sanitari. per i non vaccinati stop all‚Äôattivit√† link,163
2,"user user gratuito o cazz ,lo paghiamo anche sulla assicurazione rca. e poi a tutti i vaccinati che ribeccano  il virus ......gli facciamo pagare anche il costo del flaconcino di merda che si iniettano?",164
2,10‚Ç¨ sulle rsa chiuse per altri motivi con l‚Äôarticolista che ha buttato gli 87 non vaccinati nel titolo per fare sensazionalismo.,165
0,"ad ottobre, quando ci rinchiuderanno nuovamente, ricordate che quel 30% in meno di efficacia del vaccino pu√≤ comunque fare la differenza! quindi vaccinatevi! perch√© anche per delta, con il vaccino per lo meno non muoio, senza non so! sappiatelo! #greenpassobbligatorio #pfizerdown",166
2,"l'#autopsia su francesca tuscano, l'#insegnante di 32 anni deceduta il giorno di #pasqua, ha confermato la #morte per un quadro ""#trombotico ed emorragico cerebrale"". alla giovane era stato inoculato il #vaccino #astrazeneca il 22 marzo. al momento non sarebbero emerse anomalie. link",167
2,"user avvisiamo la signora merkel che la parola ""immunizzato"" per chi si √® vaccinato, non si pu√≤ pi√π usare.covid, contagiati in 20 su 360 sulla nave scuola amerigo vespucci, la marina militare:¬†¬´sono tutti vaccinati¬ª¬† link",168
0,utili di pfizer coprono + che adeguatamente costi e rischi adesso x evitare milioni di morti e rischi varianti x noi bisogna fare licenze obbligatorie nei paesi emergenti e/o sospendere brevetto su questo vaccino (non su quelli che verranno o su farmaci non #covid_19) #11maggio link,169
2,la gravidanza solidale. il vaccino solidale. il pass solidale. gli immobili solidali. la parolina magica per coprire le porcate.,170
1,chiedete a #vaia del vaccino #reithera #spallanzani #domenicain. confidiamo in #giovannabotteri,171
2,fino che non avranno vaccinato 18 milioni di italiani loro non si fermano lo sa la sx e anche il cdx,172
0,"i dati della nuova #campagnavaccinale testimoniano il cambio di passo: in un mese, da 60mila somministrazioni giornaliere a oltre 250mila e abbiamo ampliato platea vaccinatori e punti vaccinali (+30% in un mese). ne ho parlato ieri su user link",173
0,"un giorno qualcuno disse: nessuno si salva da solo. quindi, se qualcuno che √® in procinto di farsi il vaccino #astrazeneka avesse intenzione di rifiutarsi, mi contatti pure, sarei ben lieto di prendere io il suo posto #vaccini",174
2,"user libro ""bambini super vaccinati"" capitolo virus a/h1n1. libro di una decina di anni fa. c'√® gi√† quasi tutto dentro, tutto quello che sta capitando. il pediatra esercita ancora privatamente. siamo in mano a dei lucidi criminali.",175
1,"politici e vaccino: da salvini e meloni a letta, renzi e grillo. chi lo ha fatto e chi non lo far√† user‚Å©  link",176
1,"2 settembre alle 20:00, a vibo, sar√≤ alla presentazione del libro di matteo bassetti. intanto √® notizia di oggi: ennesima aggressione dei no vax nei confronti dell'infettivologo bassetti inseguito e minacciato: ""ci ucciderete tutti con questi vaccini e ve la faremo pagare"". link",177
2,"#vaccinazioni #greenpass chi si √® vaccinato si √® assunto consapevolmente dei rischi firmando una liberatoria. benissimo, dunque in base al ragionamento dei fanatici dei vaccini, le reazioni avverse vengano curate solo a pagamento. #ultracorpi #iostoconborghi",178
1,√® scontro tra virologi sulle mascherine: bassetti propone l‚Äôaddio per i vaccinati. gismondo dissente link link,179
2,"docente in gravi condizioni al policlinico, le era stato somministrato astrazeneca: scatta la segnalazione all'aifa link",180
2,"covid, muore a 52 anni dopo il vaccino pfizer: richiesta autopsia | virgilionotizie link",181
2,ecco qua... infettata anche una ragazza vaccinata con due dosi. perch√© rompete i c... ai non vaccinati? qual √® la differenza? deficienti! link,182
0,"user n√© il vaccino pfizer n√© quello moderna vengono prodotti usando linee cellulari di conseguenza √® impossibile che contengano cellule di feti. altri vaccini necessitano di linee cellulari per la produzione (mrc-5, wi-38 e hek393 originarie degli anni 60/70), ma non ne contengono.",183
0,"l'idea per il futuro di creare un vaccino che possa proteggere contemporaneamente da pi√π coronavirus e pi√π varianti del sars-cov-2. lo studio, in una fase molto iniziale e su animali, ha mostrato primi risultati favorevoli. link",184
0,"covid, persi oltre 9mila posti di lavoro in abruzzo: ‚Äúavanti spediti con campagna vaccini‚Äù link #abruzzo",185
0,user user ho citato tutte trasmissioni passate che diffondevano falsit√†. per me √® grave per lei no. hanno diffuso le fake sui vaccini. per me √® di una gravit√† inaudita. enorme. per lei no. libere opinioni per carit√†...ma parlare di trasmissione attendibile no eh. link,186
1,"al momento sono 29.969.854 le dosi di vaccino somministrate alla popolazione italiana, mentre 9.759.934 persone hanno concluso il ciclo vaccinale sul territorio nazionale (16,47% della popolazione).",187
1,"fauci, stiamo lavorando a vaccino anti-covid in pillole link",188
1,"asl na 2 nord, stop alle prime dosi per mancanza di¬†vaccini link",189
1,"video #vaccinazioni a #frabosasottana, #cirio: ""ai nostri giovani somministrato pfizer e moderna, la scienza ci dia indicazioni chiare sull'uso dei vaccini"". ""da luned√¨ piemonte zona bianca"" link",190
1,"biontech e pfizer hanno sviluppato un vaccino per la variante delta e vogliono verificarne l'efficacia. le aziende chiederanno l'autorizzazione alla food and drug administration statunitense per una terza dose di richiamo, ma per l'fda due inoculazioni sono sufficienti.",191
1,"vaccini: da luned√¨ le prenotazioni dei cinquantenni. 85mila dosi al giorno ‚Äì ballabio news ‚Äì quotidiano online di ballabio, morterone e piani dei resinelli link",192
0,voler far ragionare un no vax √® come volersi ubriacare con la coca-cola.,193
1,ma se non si fanno le foto appena fatto il vaccino non funziona ?,194
0,razza di mongoloide ‚Ä¶ discriminazione?! un vaccino accessibile a chiunque gratuitamente ‚Ä¶ vai a cagare,195
2,#greenpass per viaggiare! #israele vieta l'ingresso ai #vaccinati perch√© portano la #variantedelta! #sipario!!! link,196
0,"ho letto abbastanza cazzate su #dedonno da parte di fascisti e novax.  adesso che lui ha compiuto l'estremo gesto, queste bestie cominciano con il solito tam tam complottista.  almeno per rispetto dell'uomo tacete una buona volta. strumentalizzatevi sto cazzo.",197
0,"user se procediamo cos√¨, al ritmo di mezzo milione di vaccini giornalieri, se ne pu√≤ uscire in fretta. per quanto mi riguarda, dobbiamo solo sperare che si prosegua su questa strada",198
2,sono simpaticissimi questi provax .,199
1,"2,5 milioni di over 60 ancora non vaccinati.
5 milioni di over 50 ancora non vaccinati.",200
2,user user il vaccino √® solo un mezzo. il fine √® il grande reset,201
0,"user per√≤ a parte i no vax ci sono altre problematiche. te lo dice un vaccinato, con unica dose di pfizer in quanto guarito 5 mesi prima della vaccinazione. del green pass nemmeno l'ombra. e non c'√® verso di fare la seconda dose. benvenuti nel limbo",202
0,"speranza: ‚Äúentro l‚Äôestate tutti gli italiani vaccinati, questo √® l‚Äôobiettivo‚Äù | video link via user",203
2,"user consiglio di seguire lui üëá l'inventore del mrna messaggero e molto critico sulle scelte vaccinali e politiche che non considerano gli studi e la famosa ""scienza"" link",204
1,"user_pallina user i vaccini non ti impediscono di contrarre il virus, impediscono teoricamente di avere effetti avversi ad esso.",205
0,mario draghi: chi rifiuta il vaccino sostenga i costi della propria ospedalizzazione! - firma la petizione! link via user,206
1,user inutile inviare dosi di vaccino alle regioni che non riescono a farle.,207
2,user per√≤ ci danno un‚Äôarma. unitevi pi√π che mai voi medici e rifiutate il vaccino. vedremo se vi sospenderanno. i psicologicamente compromessi da covid andranno all‚Äôestero a curarsi.,208
0,tra di noi ci sono moltissimi concittadini che sono nati in altri paesi e hanno bisogno di aiuto per prenotare il #vaccino. molti non chiedono per pudore. solo oggi ne ho prenotati tre per persone che conoscevo. talvolta la cosa pi√π scontata per noi non lo √® per gli altri.,209
2,"vaccini covid, morte sospetta di un docente: il piemonte sospende astrazeneca #calabrianotizie #newscalabria link",210
2,"user user un passaporto per vaccini che hanno ottenuto solamente l'emergency use authorization, ovvero non ancora validati da fda, etc? se cosi fosse continuero' con il delivery, l'ecommerce e gli esercizi al parco o a casa. buona fortuna a tutti. link",211
0,user il green pass e' una misura ipocrita e sgangherata. rendere il vaccino obbligatorio sarebbe stato piu' dignitoso.,212
0,"il governo prenda subito la decisione di rendere obbligatoria la vaccinazione! stiamo rischiando un blocco totale che far√† molto male alla nostra economia, oltre che a tutti. smettiamola di essere ignoranti egoisti!link",213
2,"user_cersei i tre grandi paesi in forte crisi  di leadership politica,  usa, italia e francia , sono quelli con feroce controllo e persistente allarme sanitario. valido strumento  paradigmatico , vaccino  o pass, per limitare e condizionare le libert√† dei cittadini ed inibire cambi di rotta.",214
1,...peccato che ora la bottery sia quarantenata in #chinaüá®üá≥ e non si possa vedere la sua faccia visto che aveva detto che l'arrivo del #vaccino #johnsonandjohnson era la svolta per accelerare le vaccinazioniüò¨ #lineanotte,215
0,"user user_panta cosa del mio discorso ti ha fatto evincere che bisogna fare dei lager? cerchi di rendere inutile il mio discorso estremizzandolo all inverosimile? io sono vaccinato e sto bene, mio padre,  madre, nonna, zii e cugini, amici vaccinati e stanno tutti bene. non potete vaccinarvi?",216
1,user user gli esperti del user mentre fanno il calcolo dell'aumento delle vaccinazioni in friuli. link,217
0,ma allora ditelo che basta avere un amico in paradiso e il vaccino te lo fanno anche con 25 anni di et√†. solo sulla carta viene previsto prima over 80 poi over 60 dopo il resto della popolazione. non si deve aprire un fascicolo si deve punire severamente i furbi,218
1,user tanto pure se tutti i fedelissimi del cav. si schierano ciecamente a favore dei vaccini non ci riescono a fare eleggere berlusconi presidente della repubblica. si illudono mentre vendono l'ultima fetta di culo di chi lo aveva votato,219
0,"user caro massimo, almeno io, non ho idea dello stress delle strutture sanitarie. concordo che questi lockdown a singhiozzo non sono ideali, ma oggettivamente questa pandemia √® devastante. piuttosto cerchiamo di stringere sulle vaccinazioni. un caro saluto alessandro",220
0,"user chi si prende la responsabilit√† di mandare il personale scolastico sopra i 50 anni allo sbaraglio? se la prende lei, ministro? qualcuno dovr√† spiegare perch√© riaprire le scuole senza aver vaccinato gli insegnanti. chi ne risponder√†, se qualcuno si contagia e ci lascia la pelle??",221
2,"user user_lz user user user_claudio user_marco bhe devo dire che questa ‚Äúcorrezione di fake news‚Äù fa molto ridere. il vaccino immunizza solo per poche settimane? no, in realt√† solo per pochi mesi. sai che differenza üôÑ",222
1,"vaccini covid, la classifica delle regioni link",223
0,"con l‚Äô85% degli over 60 vaccinati, israele ha registrato un calo del 77% dei casi covid. studio nature su medical facts link",224
2,"user_claudio grazie per la solerzia con cui ha verificato la segnalazione. e adesso che si fa? a parer mio questa cosa √® gravissima, dimostra la malafede che circonda il vaccino in italia e l‚Äôistituzionale ostilit√† nei confronti di chi sceglie di non farsi iniettare un siero sperimentale",225
1,ecco come prenotarsi per ricevere il #vaccinoanticovid. link,226
1,marsala: rissa per i vaccini covid clicca per leggere link,227
0,tra due ore mi vaccino link,228
0,"il #covid19 continua a colpire i #neonati. tre casi nel vicentino, tutti con familiari #nonvaccinati. altri ricoveri in #rianimazione. servizio di giovanni stefani, montaggio gianpaolo gigante #ioseguotgr link",229
2,"user user_andme qualcuno vorrebbe escludere i cittadini non vaccinati dal #ssn. va bene, pero' non saremo piu' tenuti a versare tasse e contribuzioni e ci rivolgeremo al privato. alla fin dei conti gia' succede: per una visita col ssn mesi di attesa...privatamente domattina alle ore 8.00 !!!",230
1,a quanto pare i #vaccini dopo 7-8 mesi iniziano a perdere efficacia. il governo intanto sta meditando di ampliare la validit√† del #greenpass da 9 a 12 mesi. link,231
2,medico in incognito parla dei vaccini covid link via user,232
2,user_cersei nei laboratori militari c'√® la prassi di sviluppare parallelamente a ogni arma biologica il suo vaccino. link,233
1,"user basta guardare i dati uk la delta non √® per nulla la pi√π letale,alpha e beta la surclassano,la beta ha solo percentuale decessi maggiore nel campione tra i vaccinati,ma nel computo generale tra letalit√† pi√π bassa.ü§¶",234
1,speranza ‚Äúpi√π vaccini o non escludiamo restrizioni‚Äù  - #retewebitalia #news #oggi #italia #notizie #accadeoggi - link,235
0,"credevo di aver bonificato i miei follower, e invece ‚Ä¶ ‚Äòsti novax spuntano come scarafaggi di notte",236
2,"neppure se toccati personalmente ammettono l‚Äôirrazionalit√† di ci√≤ che subiscono e che impongono. una #politica morta, miope, subordinata ai militari come #figliuolo. #zingaretti #vaccini #greenpass #covid19  #greenpassobbligatorio link",237
2,"antidiplomatico:""non si tratta di pro-vax e no-vax"": la discriminazione come metodo educativo e la retorica dell'inclusione link 11",238
0,"ema verso l‚Äôok al vaccino pfizer per i 12-15 anni, speranza: ‚Äústrategico per il prossimo anno scolastico‚Äù link",239
0,"user #de luca si √® vaccinato per vincere i timori delle persone. lo ha fatto sotto i riflettori. se voleva fare il furbo lo avrebbe fatto di nascosto. se fosse stato in lombardia, i lombardi e tutti noi non avremmo assistito a questo schifo di amministratori incapaci ed inetti.",240
0,"user_en scusate visto che vivo in un paese di merda e l'ue √® peggio, politic parlando, posso io italiano ed europeo vaccinarmi comprando dall'estero il biglietto? penso che lo sputnik sia il miglior vaccino sul mercato in questo periodo. grazie i love russia‚ù§‚úå",241
0,user user il 40% di ricoverati √® vaccinato non vuole dire che il 40% di vaccinati √® ricoverato. le due affermazioni sono molto diverse! mi sembra che in tanti stiano equivocando‚Ä¶,242
2,user sicuramente non accetter√≤ mai #pfizer üëá link fin'ora non ho letto nulla di simile sul #vaccino #sputnik  qualcuno che ne sappia pi√π di me ? link,243
1,l' #europa si √® dimostrata un fallimento anche per  l' approvvigionamento del #vaccino   #coffeebreakla7,244
1,"mio padre mi ha salutato questa mattina con ""mi sa che non andremo a venezia il *data mio vaccino*, temo saranno costretti a sospendere astrazeneca."" 
l'ottimismo √® il profumo della vita e il buongiorno si vede dal mattino!",245
2,"user e‚Äô quello a cui puntavano fin dall‚Äôinizio (ma era roba da complottisti). il test √® inaffidabile ed √® un trattamento medico che nessuno pu√≤ imporre alla persona, tantomeno il vaccino. il #passaportovaccinale possono metterselo in quel posto.",246
1,"2 vaccini, gb sperimenta immunizzazione",247
0,"#ottoemezzo siete schizofrenici, non contraddittori. c'√® un virus pericoloso sconosciuti, che muta ed √® pi√π veloce di noi... e apriamo tutto? fateci scegliere i vaccini e mettere i monoclonali a disposizione di tutti. √® la via per la nuova normalit√†",248
0,sto pensando ai vaccini! link,249
0,"user_opamp user 1 i vaccini mrna vengono studiati da 20 anni quindi se ne conoscono gli effetti a lungo termine.
2 in europa sono stati rilasciati con la pratica dell'approvazione condizionata, utilizzata con dal 2006 con diversi altri farmaci.",250
1,"vaccino, se la seconda dose √® quando sono in vacanza: come si comportano le regioni¬†italiane link",251
2,"user user user diffondere il pi√π possibile, solo con le cure si blocca il vaccino. 1) erik grimaldi: terapia domiciliari precoci. 2) link  queste sono associazioni italiane che se fosse necessario basta contattarli per ricevere assistenza, e non chiedono niente in cambio",252
2,"ci arrivano piano piano a dire #vaccino #covid obbligatorio per tutti, dalla nascita ai 125 anni ma dategli un paio di mesi. tanto ormai vaccinano pure durante la gravidanza, poi passeranno agli animali vedrete. e quello sar√† il momento che i #fruttariani diventeranno tantissimi.",253
1,ma quindi il vaccino immunizza? chi si vaccina pu√≤ anche togliere la mascherina e non rispettare la distanza?,254
0,"e difficile far capire loro quello che succede, solo con dei ricoverati novax pubblicare le loro foto. e forse capiranno anche sono manovrare da qualcuno di certo.  e bravi 'no-pass': urlano che vogliono la libe√† e ci fanno rischiare nuove chiusure link",255
1,new post: leggi la notizia! in vista obbligo vaccinale per sanitari no vax: pena la link #veneto #notizie #news,256
1,"vaccini: sileri,verosimile ripeterli ogni¬†anno link",257
1,"i #magistrati se ne fottono di anziani e fragili, vogliono i #vaccini per se stessi. una casta pi√π pericolosa di altre.",258
1,"user c‚Äô√® stata molta politicizzazione in questa epidemia. il vaccino √® diventato merce di scambio di voti, ed √® stato sacrificato il diritto alla salute dei pi√π fragili. questo √® molto triste.",259
2,"a #controcorrente #fedriga nega che il vaccino crei le nuove varianti. poi ""io sono favorevole alle scelte del governo fino ad oggi compreso il #greenpass "". il centrodestra che dovremmo votare.",260
