2,"user user_lella user user_laffitte user per non piegarmi al vaccino, devo assolutamente cambiare lavoro. chi pu√≤ aiutarmi, sappia che ho sempre fatto qualunque cosa, tranne rubare."
1,"user quello che fa veramente incaxxare √® che in sardegna, pretendevano assolutamente che tutti quelli che arrivavano fossero vaccinati! e loro non di vaccinano?"
0,"user ancora ad oggi i miei cari non sono stati ne vaccinati ne chiamati da nessuno mia mamma di 92 anni e mio zio infermo di 89 la stampa tace e la toscana tace una vergogna infinita ( siamo di firenze) il #governodeipeggiori"
1,"user √® stato il vaccino"
2,"medico in incognito parla dei vaccini covid link via user"
1,"user_m user e la vaccinazione con discriminazione?
√® una variante evolutiva?"
0,"user inoltre a fronte degli anziani over 80 e dai 70 ai 79 anni che √® la fascia meno vaccinata e qui bisogna correre davvero bisogna fare una vaccinazione parallela con farmacisti cliniche privati per la popolazione pi√π giovane dai 18 anni in su che √® fondamentale vaccjnare"
0,"¬´sono un ragazzo vaccinato¬ª, jovanotti gioisce su facebook link"
0,"user_grim 1. per alcune categorie di lavoratori il vaccino (antitetanico) √® gi√† obbligatorio. 2. il datore di lavoro √® responsabile della salute dei lavoratori e rischia di andare sotto processo se qualche lavoratore si prende il #covid sul luogo di lavoro. continua"
1,"brasile. al via campagna ‚Äúvaccini nel braccio e cibo nel piatto‚Äù | radio m modica link"
0,".... aspettando il turno per il vaccino ma porca troooota perch√© al mio comune fan tutti schifo aooooo datelo a tutti wtf"
1,"al momento sono 29.969.854 le dosi di vaccino somministrate alla popolazione italiana, mentre 9.759.934 persone hanno concluso il ciclo vaccinale sul territorio nazionale (16,47% della popolazione)."
0,"utili di pfizer coprono + che adeguatamente costi e rischi
adesso x evitare milioni di morti e rischi varianti x noi bisogna fare licenze obbligatorie nei paesi emergenti e/o sospendere brevetto su questo vaccino (non su quelli che verranno o su farmaci non #covid_19) #11maggio link"
1,"pure il vaccino proletario.

detto da un miliardario.

grandioso."
0,"nonni vaccinati, sono un po‚Äô pi√π sollevata‚ù§Ô∏è"
0,"vaccino, papa ‚Äústrumento essenziale nella lotta alla pandemia‚Äù link"
0,"i dati della nuova #campagnavaccinale testimoniano il cambio di passo: in un mese, da 60mila somministrazioni giornaliere a oltre 250mila e abbiamo ampliato platea vaccinatori e punti vaccinali (+30% in un mese). ne ho parlato ieri su user
link"
2,"coloro che ci hanno messo paura a causa del covid, sono gli stessi che ci vogliono imporre la somministrazione del vaccino 
link"
2,"dott. de mari : spiega cosa fare se si attacca la calamita nel braccio dopo il vaccino link"
0,"user il green pass e' una misura ipocrita e sgangherata. rendere il vaccino obbligatorio sarebbe stato piu' dignitoso."
1,"user ma guarda..io mi fido ciecamente dell'operato dell'esercito, difatti ho scritto che approvo la nomina militare per i vaccini. non amo i militari significa che non amo la vita militare..e non credo sia un offesa"
2,"user tranqi che col vaccino ci dimezzano"
1,"anche roberta aveva detto di non parlare di harry perche questa serata era dedicata a louis 
voi harries rovinate‚Ä¶ ‚Äî madonna ma tutto bene hai fatto il vaccino  link"
0,"covid, persi oltre 9mila posti di lavoro in abruzzo: ‚Äúavanti spediti con campagna vaccini‚Äù link #abruzzo"
0,"user se vai in giro sono quasi tutti senza mascherina o distanziamento 

vaccino non significa zero casi ma ospedali liberi e gente non al cimitero 

se fai anti influenzale non ti dice che non la prendi ma che se la prendi √® leggera"
1,"#covid19 #coronavirus
dati in #toscana #9giugno
‚ñ™Ô∏è 127 nuovi casi
‚ñ™Ô∏è 15.898 tamponi eseguiti
‚ñ™Ô∏è 341 ricoverati (-33 da ieri)
‚ñ™Ô∏è 80 in terapia intensiva (-4 da ieri)
‚ñ™Ô∏è 9 decessi (6.784 totali)
‚ñ™Ô∏è 230.765 guarigioni (+425 da ieri)
‚ñ™Ô∏è 2.390.805 vaccinazioni
link link"
1,"...peccato che ora la bottery sia quarantenata in #chinaüá®üá≥ e non si possa vedere la sua faccia visto che aveva detto che l'arrivo del #vaccino #johnsonandjohnson era la svolta per accelerare le vaccinazioniüò¨

#lineanotte"
2,"link
la proteina spike entra in circolo nel sangue e forti percentuali sono state riscontrate nella milza, nel cuore e nelle ovaie di coloro che si sono sottoposti al vaccino. un gruppo campione di 13 sanitari. 11/13!"
1,"a quanto pare i #vaccini dopo 7-8 mesi iniziano a perdere efficacia.
il governo intanto sta meditando di ampliare la validit√† del #greenpass da 9 a 12 mesi. link"
1,"**covid: cottarelli, ‚Äòpass? perch√® un nuovo documento? basta burocrazia‚Äô**: roma, 18 apr. (adnkronos) - ""servono 2-3 mesi per creare il pass unico per chi √® vaccinato, non ha link"
2,"user user ma se hanno detto (gliscienziati) che i vaccinati infettano ugualmente.... che si vaccinano a fare?"
1,"user user_lorenzo probabilmente nelle previsioni non erano considerate le vaccinazioni degli over 80,sanitari,rsa."
1,"user_fenzi se il cognato di fontana avesse prodotto vaccini, i lombardi sarebbero gi√† tutti vaccinati"
2,"""evidenzia una grande quantit√† di #asintomatici""
quindi, se il #vaccino eviterebbe il manifestarsi di sintomi gravi, a che cazzo serve davvero se ci son tutti sti asintomatici?
c-r-i-m-i-n-a-l-i negazionisti della libert√† si sapeva,ora si sa neanche avvezzi alla logica
#tagadala7"
2,"io non deploro chi si inocula il siero, se poi muoiono comunque di covid o di nessuna correlazione mi dispiace per loro.
#sottilidifferenze"
1,"festa: ‚Äúritardi nelle vaccinazioni. fuksas ha rinunciato al progetto dogana‚Äù

link link"
1,"campagna vaccinazione in cina: oltre 2 mld dosi somministrate   video link"
1,"insomma, uk segue israele e vuole introdurre il pass vaccinale per l'accesso a pub, ristoranti, teatri, etc. esenzione solo per ospedali e supermercati. 
questi sono i due stati pi√π avanti con le vaccinazioni. 

poi non dite che non ve l'avevo detto. link"
0,"user user anche, certo. eppure mi pare che anche nel nostro ricco, ospedalizzante, ben nutrito, vitaminizzato paese senza i vaccini non √® che stavamo messi bene."
2,"user user gratuito o cazz ,lo paghiamo anche sulla assicurazione rca. e poi a tutti i vaccinati che ribeccano  il virus ......gli facciamo pagare anche il costo del flaconcino di merda che si iniettano?"
2,"uomo del nj in ospedale con covid dopo essere stato completamente vaccinato.  ma almeno ha il suo passaporto, giusto? #earlytreatment is the key! link"
1,"ma quindi il vaccino immunizza? chi si vaccina pu√≤ anche togliere la mascherina e non rispettare la distanza?"
1,"ristoranti, calcetto, pass vaccinale, mense scolastiche: al #cts i nodi da sciogliere in vista delle riaperture del #26aprile
so' problemi
#vaccini #covid19italia"
1,"asl avellino. sospensione attivit√†‚Äô centri vaccinali nella giornata di domani, luned√¨ riprendono le vaccinazioni - link link"
1,"vaccino, se la seconda dose √® quando sono in vacanza: come si comportano le regioni¬†italiane link"
1,"covid. al via due studi dell‚Äôiss per il monitoraggio immunologico post vaccinazione in¬†italia link"
0,"speranza: ‚Äúentro l‚Äôestate tutti gli italiani vaccinati, questo √® l‚Äôobiettivo‚Äù | video link via user"
2,"secondo i dati ufficiali, negli ultimi tre mesi sono morte pi√π persone a causa dei vaccini che nell'ultimo decennio
alvaro colombres garmendia | thebl 03/31/21, 13:54 link"
1,"ü§°l‚Äôuniversit√† che tramite email rimanda la somministrazione del vaccino a data da stabilire il giorno prima, letteralmente 10minuti prima del mio arrivo (sono fuorisede), dopo 2h di treno e 9,60‚Ç¨ di biglietto di sola andata ü§°"
0,"user caro don, i vaccini servono tantissimo, proteggono indirettamente anche gli altri limitando la diffusione del virus. e meno circola meno muta. don un peccato contro la ragione √® un peccato grave! lo dico da medico cattolico."
1,"user i novax. si ha ragione."
0,"user user user il lockdown inglese non √® stato ""pi√π duro e pi√π lungo"". le loro norme erano molto pi√π sopportabili delle nostre (vedasi immagine) e le chiusure delle scuole sono state molto pi√π limitate. per√≤ hanno vaccinato presto e bene. link"
1,"i 2 decessi registrati oggi si riferiscono a

‚Ä¢ 2 donne di 80 e 83 anni

erano residenti a scandiano e vetto d'enza

üíâieri sono state vaccinate 1.141 persone, oggi ne erano programmate 750"
2,"persino la dottoressa bolgan trova che l'unico modo per uscirne sia la disobbedienza civile. i vaccini sono l'opposto di quello che vogliono farci credere.
link"
2,"vaccini covid, morte sospetta di un docente: il piemonte sospende astrazeneca #calabrianotizie #newscalabria link"
1,"politici e vaccino: da salvini e meloni a letta, renzi e grillo. chi lo ha fatto e chi non lo far√† 
‚Å¶user‚Å©  link"
2,"la ""variante"" delta in inghilterra colpisce i vaccinati 6 volte di pi√π dei non vaccinati. se hai capito l'antifona, indovina chi colpir√† di pi√π ad ottobre la variante ""gamma"" (proveniente stavolta dalla manciuria)? link"
0,"seguivo un noto personaggio della community trash italiana ma ho visto pubblicate un sacco di cazzate e speculazioni sui vaccini da questa persona, quindi l‚Äôunfollow √® stato automatico e senza alcuna piet√†"
2,"user e se questi vaccini non fossero sufficienti in futuro (viste le varianti) ??? ci aggiungiamo ulteriori altri vaccini ??
ma per piacereeeeee..........!!"
0,"user_opamp user 1 i vaccini mrna vengono studiati da 20 anni quindi se ne conoscono gli effetti a lungo termine.
2 in europa sono stati rilasciati con la pratica dell'approvazione condizionata, utilizzata con dal 2006 con diversi altri farmaci."
1,"le battute sul 5g dopo che fate il vaccino anche meno. avete fracassato le palle"
0,"dopo quella vaccinazione 56 anni senza nemmeno un raffreddore ! link"
0,"‚Äúvaccinari √® megghiu di futtiri‚Äù"
2,"covid-19. l'oms continua a stupire per la grande confusione e contraddizione dei suoi membri. e' preoccupata e dubbiosa per l'efficacia dei vaccini sulla 'variante inglese'. per√≤ consiglia di accelerare la vaccinazione, che ormai √® inutile per la vecchia influenza passata,"
1,"piano vaccini | la preoccupazione dei medici di base | ¬´sui pazienti fragili c'√® il rischio di una giungla delle priorit√†¬ª ‚Äì l'intervista link"
1,"#piazzapulita intervista di giulia cerino a szlavik janos, infettivologo di budapest, che spiega perch√© il suo paese considera sicuri il vaccino russo e cinese.  link"
1,"una ricerca #pfizer ha concluso che frizionandolo appena sulla testa la copertura vaccinale arriva al 66,6% e aumenta di un tot ogni qualvolta ci specchiamo, fino a raggiungere l'immunizzazione totale dopo il terzo plenilunio, ma solo finch√© non ci rifacciamo lo shampoo... ü¶†"
1,"2 settembre alle 20:00, a vibo, sar√≤ alla presentazione del libro di matteo bassetti.
intanto √® notizia di oggi:
ennesima aggressione dei no vax nei confronti dell'infettivologo bassetti inseguito e minacciato: ""ci ucciderete tutti con questi vaccini e ve la faremo pagare"". link"
1,"user #novax col vaccino degli altri?"
2,"l'#europa (450 milioni di abitanti( prenota 1.8 miliardi di vaccini...mettiamoci l'animo in pace, ce ne toccano 4 a testa per i prossimi anni!"
0,". user qualcuno lo fermi perch√© ha perso il lume della ragione e lo dico da convinta sostenitrice dei vaccini"
1,"vaccini covid, la classifica delle regioni link"
1,"non mi interessa quale vaccino mi fanno.
mi piacciono sia la pfeiffer che la johansson."
2,"#staseraitalia le varianti si sviluppano dove non si vaccina? √® esattamente il contrario, si chiama pressione selettiva dei vaccini."
1,"limes:carta: la distribuzione dei vaccini link 25"
2,"brutti ignoranti buzzurri, la cura √® una sola(o s√≥la) il vaccino, anche se non funziona."
1,"la #gruber che chiede a #salvini di postare il video della sua vaccinazione, sembra la #durso coi matrimoni o le ecografie vip

#ottoemezzo"
1,"user le persone che rientrano nelle categorie definite fragili in che modo possono accedere al vaccino prima degli altri?nessuno lo dice!"
2,"user user un passaporto per vaccini che hanno ottenuto solamente l'emergency use authorization, ovvero non ancora validati da fda, etc? se cosi fosse continuero' con il delivery, l'ecommerce e gli esercizi al parco o a casa. buona fortuna a tutti. link"
1,"ravenna, focolaio nella casa di riposo. il coordinatore della rsa: ¬´il 42% dei nostri operatori ha rifiutato il #vaccino. non ci saranno spostamenti o demansionamenti: questo personale √® necessario¬ª user"
1,"hanno visto un maresciallo con una forma di vaccini sotto braccio."
1,"user prova a instaurare un dibattito sull'accesso ai vaccini ostacolato da gates, mentre attorno la menano con i vaccini g5 e i microchip.
o prova a far lo stesso con il 9/11 etc.
non vedi che anche tu alla fine sei ""costretto"" a evocare i complotti e a metter le mani avanti?"
2,"cosa non ci hanno detto in italia sui vacciniüò±

 link"
1,"2,5 milioni di over 60 ancora non vaccinati.
5 milioni di over 50 ancora non vaccinati."
2,"a #controcorrente #fedriga nega che il vaccino crei le nuove varianti.
poi ""io sono favorevole alle scelte del governo fino ad oggi compreso il #greenpass "".

il centrodestra che dovremmo votare."
1,"auguro vacanze all'insegna della dissenteria per tutti quelli che si son vaccinati scavalcando anziani, immunodepressi e malati cronici."
1,"user insomma ho fatto il vaccino e comincia a farmi molto male il braccio quindi ho messo del ghiaccio √® per questo che rispondo ora scusami"
1,"ma sugli alieni sar√† efficace il vaccino üò∞üò∞??"
2,"docente in gravi condizioni al policlinico, le era stato somministrato astrazeneca: scatta la segnalazione all'aifa
link"
0,"le farmacie veronesi sono tra le pi√π virtuose a livello regionale per numero di inoculazioni effettuate: 3637 le dosi somministrate dall'inizio della campagna. vecchioni: ¬´soddisfatti dell'apprezzamento da parte della popolazione¬ª.

leggi sul sito: link"
0,"sii utile a te stesso e agli altri vatti a vaccinare.
#vaccinatevi
l'alternativa non c'√®"
2,"mia cugina, fatto il vaccino 5 giorni fa questa notte trasportata in ospedale e deceduta. proviene da un ceppo familiare che vive 100 anni. nessuna patologia, sportiva, ballava, rideva , ma non ha voluto ascoltarmi
voleva essere libera con il vaccino.
amen link"
0,"user user_francesco user quindi non ti vaccini contro il tetano fino a che non muori di tetano perch√© in base alla tua esperienza personale il tetano non esiste. d'accordo."
1,"link ministero della salute, rezza: ""immunit√† di gregge quando avremo vaccinato il 67% della popolazione"""
1,"covid. l'assenza per effetti collaterali da vaccino, √® malattia o infortunio? link"
1,"non una signora che dopo il vaccino se n'√® uscita con ""mah la seconda dose pu fistinu"" cio√® la festa patronale mi piscio addosso"
1,"#vaccini anti #covid19 in italia, aggiornamento del 11/04/2021 ore 11:28
andamento delle somministrazioni per classe di et√†.
#covid_19 #vaccinaitalia #astrazeneca #coronavirus #pfizer #modernavaccine link"
1,"user user user_claudio un virus muta in modo casuale a prescindere dai vaccini, e le varianti pi√π contagiose diventano dominanti. le vaccinazioni sono iniziate in uk in dicembre, link la variante alpha fu scoperta in novembre da campione preso in settembre. link"
1,"user_it vaccino per i preti"
1,"user user user_it user user user user user user per me non corrisponde a un criterio sanitario che dovrebbe essere centrato sulla vaccinazione di anziani/fragili, per i quali la persuasione basata sulla possibilit√† di andare in discoteca o al cinema pi√π facilmente √® ridicola, avendo frequentato entrambi l‚Äôultima volta nel 1982"
1,"user_claudio user user user per opportunita' intende le cure? questo e' il consenso informato per vaccino.... link"
2,"user provateci a dare un vaccino genico sperimentale ai miei figli. provateci."
2,"user user user user non so in quanti sopravviveremo a  altri due anni di vaccini !!??!?üò±üò±üò±‚Ä¶ e lo avevano detto ‚Ä¶siamo in troppi al mondoüò°üò§üò§"
1,"ogni #movimentosociale √® figlio di una determinata epoca storica: o √® portato a conformarsi all'esistente oppure √® portato alla rottura. link #lotteimmediate #sci #sindacato #vaccini #protest #antiforma #crisi #occupy"
0,"user il vaccino protegge dalla malattia, non dall'infezione
ci si pu√≤ infettare anche da vaccinati, e quando succede √® comunque in forma lieve e poco trasmissibile 

i non vaccinati sono vulnerabili sia per l'infezione che per la malattia 
1/2"
2,"#vaccinazioni #greenpass 

chi si √® vaccinato si √® assunto consapevolmente dei rischi firmando una liberatoria.
benissimo, dunque in base al ragionamento dei fanatici dei vaccini, le reazioni avverse vengano curate solo a pagamento.

#ultracorpi #iostoconborghi"
1,"filosofa?
criminale, no aver pensato in tempo ai vaccini
criminale, no aver chiuso confini
criminale, √® stato dire #mascherine non servono
criminale, √® comprare #banchiarotelle
criminale, eliminare #zambon
criminale, no aver pensato trasporti
criminale andare a cazzo
#dldittatura"
1,"user urge una legge contro l‚Äôodio verso chi vuole le restrizioni ai non vaccinati che odiano i vaccinati che‚Ä¶ insomma, urge una legge üôÑ"
2,"covid, la pediatra angelina farella: ‚Äúpensare di sottoporre i bambini a questo tipo di vaccini √® un crimine‚Äù: link"
2,"user un po' come quelli che volevano che i non vaccinati pagassero le eventuali cure di tasca propria, proprio delle merdacce, eh?
facciamo allora che i vaccinati si paghino il vaccino e le cure di tasca propria, cos√¨ imparano."
2,"penso che sia questione di tempo poi verra‚Äô fuori davvero lo schifo che sta dietro questi presunti vaccini!!!"
2,"nessuna correlazione, ma un nesso c' √®. 
a chi √® morto un caro ucciso dal vaccino non girano le palle neanche un po'?"
0,"un giorno qualcuno disse: nessuno si salva da solo. quindi, se qualcuno che √® in procinto di farsi il vaccino #astrazeneka avesse intenzione di rifiutarsi, mi contatti pure, sarei ben lieto di prendere io il suo posto #vaccini"
2,"sono simpaticissimi questi provax ."
1,"ecco come prenotarsi per ricevere il #vaccinoanticovid.

link"
1,"il vaccino di johnson  link via user"
2,"user user_claudio prima, ogni morto, anche 100enne, oddio, morto per covid!! adesso, vaccinato che muore di covid, eeeh...ma cosa vuoi che sia, era vecchio, aveva patologie pregresse! 
mammamia che ipocrisia!!"
0,"tu provi a far finta di niente, a mantenere la calma poi sti novax si paragonano agli ebrei durante la seconda guerra mondiale e ti vien voglia di prenderli a sberle tipo mulino a vento."
0,"i #vaccini slegano l‚Äôandamento dei contagi da quello dei morti.
vedremo il prosieguo, ma l‚Äôeffetto comincia ad essere evidente.
#variantedelta 

    russia 13%                uk  63%
      1st dose                    1st dose link"
2,"user user basta analizzare le percentuali di non letalit√† del covid e quelle di garanzia dei vaccini, sono simili. vuole dire che i vaccini non cambieranno la situazione, e lo stiamo gi√† vedendo nei fatti"
2,"fa il vaccino pfizer alle 14 45 muore alle 16,30   link"
2,"link

#astrazeneca , #antonellaviola e l'allarme sui #vaccini: ""i #rischi superano ampiamente i #benefici, ma non l'hanno letto?"" 

#liberoquotidiano"
0,"ho letto abbastanza cazzate su #dedonno da parte di fascisti e novax. 
adesso che lui ha compiuto l'estremo gesto, queste bestie cominciano con il solito tam tam complottista. 
almeno per rispetto dell'uomo tacete una buona volta.
strumentalizzatevi sto cazzo."
0,"sulla vaccinazione #emiliaromagna e #toscana sono al primo posto per organizzazione e somministrazione ai propri residenti √® questa una delle differenze tra il riformismo del buon governo e le chiacchiere populiste un motivo in pi√π per user segretario user"
2,"robert f. kennedy jr. su pfizer e fda: ‚Äû questo √® uno schema sinistro per imporre un vaccino gravemente difettoso che ha gi√† fato la storia con morti e feriti, che non previene n√© la malattia n√© la trasmissione e non migliora la mortalit√†‚Äú."
1,"in effetti da quando ho fatto il #vaccino anti #covid vado due volte al giorno al bagno e tutto senza che mi venga chiesto il #greenpass!!

#non√©giusto üòú"
1,"covid, al via le vaccinazioni per caregiver e familiari di soggetti fragili: ecco chi rientra nella categoria link"
1,"#sicilia, al via a #palermo il primo grande ‚Äòhub‚Äô per le vaccinazioni - video link"
1,"imprenditore della provincia di #perugia si sarebbe vaccinato fingendosi un dipendente scolastico, ma √® stato scoperto e deferito alla procura della repubblica insieme alla moglie, accusata di essere stata sua complice."
1,"queste che vedete in fila sotto la pioggia sono decine di soggetti fragili in attesa del vaccino in fiera. basterebbero un paio di gazebo, ma la ‚Å¶user‚Å© dov‚Äô√®? #palermo #sicilia #vaccini  link"
1,"user c‚Äô√® stata molta politicizzazione in questa epidemia. il vaccino √® diventato merce di scambio di voti, ed √® stato sacrificato il diritto alla salute dei pi√π fragili. questo √® molto triste."
1,"video
#vaccinazioni a #frabosasottana, #cirio: ""ai nostri giovani somministrato pfizer e moderna, la scienza ci dia indicazioni chiare sull'uso dei vaccini"". ""da luned√¨ piemonte zona bianca"" link"
2,"user user il vaccino √® solo un mezzo. il fine √® il grande reset"
0,"mia nonna fhe cerca di far ragionare mia madre e farci fare il vaccinoüíóüíñüíòüíï"
1,"rivolto a chi si riconosce!
brutti stronzi! adesso che la lombardia e le regioni di destra sono prime nelle vaccinazioni, non dite pi√π nulla? link"
1,"user i vaccinati non contagiano nessuno.
ho finito, vostro onore."
2,"medico: ‚Äúastrazeneca causa coaguli di sangue‚Äù. norvegia non riprende¬†vaccinazione link"
2,"quando la finiranno di dire falsit√†? l'hosempre detto e sostenuto.
1 il vaccino per virus che mutano non serve.
2 il #covid19 si cura benissimo a casa
3 siamo comunque al 70% di vaccinati ma in pratica siamo messi peggio della scorsa estate?liberi tutti! 

link"
0,"difficile per ora fare previsioni #covid19. di certo con la vaccinazione le nostre abitudini potranno tornare ad una nuova normalit√† molto pi√π agibile della presente link"
1,"le spie non sono solo nei film. lo dimostra la vicenda dell‚Äôufficiale arrestato mentre passava ai russi documenti riservati. atto ostile, dice la farnesina mentre mosca minaccia ritorsioni cio√® l‚Äôespulsione di qualche nostro diplomatico. putin non vende solo vaccini sputnik... link"
2,"per la nazionale di calcio, suonano la trombetta e si imbestialiscono se non vince. per la loro vita e quella dei loro figli massacrata da vaccini sperimentali e mascherine, no. la punizione √® pi√π che meritata."
1,"vaccino anti-covid, online il portale regionale per la registrazione degli estremamente vulnerabili
link"
1,"user user vabb√® mettici pure ansia da vaccino in quel caso ..."
2,"detto questo figliuolo riceve ordini e li esegue. da lui non si cava un ragno dal buco. la vaccinazione dei minorenni √® un atto gravissimo, tirannico, figlio di una ideologia assurda ed inquietanta. purtroppo non bastano le buone maniere per far sentire il proprio dissenso."
1,"user vuoi star l√¨ a perdere un giorno di mare, forse addirittura due, per andare a farti il vaccino?"
1,"vaccini, in piemonte si risolve il rebus dell'appuntamento per l'iniezione [di sara strippoli] [aggiornamento delle 08:00] link"
1,"questa finisce a mangiare pure il pesce oltre ad essersi fatta pure tutti i vaccini #dissisola"
2,"user user user user guarda che √® pieno di fully vaxxed che si beccano il covid lo stesso. se poi ci aggiungi gli effetti avversi...vedremo da ottobre contro le varianti, quale sar√† la reale efficacia. in gb stanno gi√† aumentando i casi e hanno un numero di vaccinati altissimo."
1,"vaccini, #armi in regalo a chi si inietta una dose: l'iniziativa del west virginia per convincere i no vax link"
1,"i #magistrati se ne fottono di anziani e fragili, vogliono i #vaccini per se stessi. una casta pi√π pericolosa di altre."
1,"libero e il giornale si sono allineati.
la verit√† resta novax. link"
2,"10‚Ç¨ sulle rsa chiuse per altri motivi con l‚Äôarticolista che ha buttato gli 87 non vaccinati nel titolo per fare sensazionalismo."
1,"sono anche su vinted. mi attiver√≤ dopo il vaccinoü§£  link"
2,"‚Äúi vaccini vanno ritirati! abbiamo scoperto che mancano presupposti per metterli in commercio‚Äù ‚ñ∑ avv. holzeisen link via user"
1,"visto che il vaccino non inocula il virus attenuato , tutto ci√≤ significa solo che l'utilizzo della pcr come test sia su asintomatici che sintomatici non √® corretto !"
1,"il nuovo mood √® : ‚Äúallora fatto vaccino?‚Äù üíâ ‚Äúte e famiglia?‚Äù ... i tempi che cambiano. #covid19"
2,"user se i vaccini fossero super sicuri. ma non lo sono, per niente."
1,"vaccini a pasquetta quasi 148 mila vaccinazioni. il 20% delle dosi ancora nei frigoriferi delle regioni - #vaccini #pasquetta #quasi link link"
1,"tutti gli errori europei sui vaccini - bisognava fare le scelte giuste e restare uniti ma... link"
2,"user uguale per noi. i miei figli gi√† mi dicono che se per uscire devono essere vaccinati lo faranno. questo √® il messaggio che passa dai media con la lingua felpata."
1,"""i giornalisti mi chiedono se sono vaccinato. perch√© non chiedono a un omosessuale se √® sieropositivo?""

quando non parla di minibot e di debito garantito dallo stato, se la cava alla grande

#borghi"
2,"user user user chi √® vaccinato pu√≤ infettarsi e trasmettere il virus su questo non ci piove. con il gp uno non fa pi√π controlli per 8/12 mesi perch√© pensa di essere sano.
la soluzione sono i tamponi salivari rapidi.
dal 7 agosto l'aifa ha riconosciuto l'uso delle monoclinali per la cura."
2,"l'#autopsia su francesca tuscano, l'#insegnante di 32 anni deceduta il giorno di #pasqua, ha confermato la #morte per un quadro ""#trombotico ed emorragico cerebrale"". alla giovane era stato inoculato il #vaccino #astrazeneca il 22 marzo. al momento non sarebbero emerse anomalie. link"
2,"hanno fatto questo video perch√© la nazionale italiana ha vinto e la campagna di vaccinazione sta andando male.link"
0,"#quellavoltachedraghi trov√≤ un neurone nel cranio di un novax"
2,"tutti leoni e poi si cagano sotto...e fanno le corse per fare il vaccino"
0,"il discorso non √® ""chi non chiude √® bravo"", perch√© se c'√® necessit√† si chiude. il discorso dovrebbe essere ""se decido di chiudere devo avere un piano a lungo termine (vaccini, riorganizzazione servizi, ristori..) altrimenti si sta solo prendendo tempo"
0,"l'idea per il futuro di creare un vaccino che possa proteggere contemporaneamente da pi√π coronavirus e pi√π varianti del sars-cov-2. lo studio, in una fase molto iniziale e su animali, ha mostrato primi risultati favorevoli. link"
1,"ultim‚Äôora/ bertolaso promette: ‚Äúentro l‚Äô11 aprile tutti gli over 80 lombardi vaccinati‚Äù | sesto notizie link"
2,"user √® legittimo essere contro il vaccino. non buttare fumo negli occhi."
2,"india 
uomo muore appena dopo aver ricevuto la prima dose del vaccino covid 

man dies shortly after taking first dose of covid vaccine in angul  link"
1,"angela da mondello si √® vaccinata! cos√¨ finiscono i miti!"
1,"user il vaccino per il covid c‚Äô√®, ma quello per la stupidit√† non l‚Äôhanno ancora inventato"
1,"prima √® mutato il virus, adesso su twitter mutano anche i vaccini. l'hashtag #astrazeneca diventa #astrazenaca e diventa virale."
1,"user inutile inviare dosi di vaccino alle regioni che non riescono a farle."
1,"user penso sia per il vaccino sto"
1,"covid-19. oggi 1.712 dosi di vaccino somministrate dall‚Äô asl di avellino. ‚Äì retesei |¬†link link"
0,"grandissimi pezzi di ceüöΩsse unitamente a tutti i üçíoni no vax che vivete nella nostra sicilia-- 
ci siete riusciti siamo primi per contagi e ultimi per vaccinazioni
da luned√¨ 30 saremo di un bel colore giallo!
guardatevi allo specchio e ‚Ä¶.ü§ßü§ß link"
1,"ad ognuno il suo mestiere.

forse, poich√© che lo critica, il microbiologo #crisanti √® al corrente del piano organizzativo e logistico che il gen. #figliuolo (nominato il 1¬∫ marzo 2021, cio√® solo quattro giorni fa) sta predisponendo. non credo.
#vaccini 
link"
1,"su circa 10,7 milioni di prime dosi del vaccino #pfizer 9,7 milioni di dosi del vaccino #astrazenaca e circa 0,8 milioni di seconde dosi di vaccino pfizer.
quindi, i dati di tali effetti collaterali di astrazeneca non si discostano molto da quelli di pfizer."
0,"user perch√© le case famiglia e le comunit√† alloggio di roma sono rimaste senza vaccino? 
 
le persone fragili residenti continuano ad ammalarsi nonostante vivano in sostanziale lockdown da un anno!
 
intanto c'√® una petizione link via user"
0,"mi hanno convocata per il vaccino e so felice"
0,"user oggi la vita degli anziani ha un vaccino. fine. anzi no, facciamo che per chi ritarda il vaccino agli anziani vale la canzone di de gregori: ""perdona tutti quanti tranne qualcuno"""
1,"vaccini: fontana al via hub tra i pi√π imponenti deuropa -  #vaccini: #fontana #imponenti #deuropa link"
0,"user user il 40% di ricoverati √® vaccinato non vuole dire che il 40% di vaccinati √® ricoverato. le due affermazioni sono molto diverse! mi sembra che in tanti stiano equivocando‚Ä¶"
1,"user user ma non penso che avendo gi√†  avuto anticorpi formati  poteva fare il vaccino!"
1,"vaccini: ruffo (sissa), ancora in attesa comunicazione asugi. universit√† trieste e udine gi√† informati, cominceranno gioved√¨ #ansa link"
2,"user_official üòÅüòÅüòÅüòÅüòÅsapete quante varianti devono ancora uscire  parecchie e una cosa grave ///i vaccini non riescono ad anticipare perch√© √® impossibile bloccare il mondo! !!!"
0,"oggi comunque √® stata una bella giornata: sono andata a salutare le mie asinelle, poi sono stata dalla nonna (con tutte le dovute distanze e precauzioni anche se ha fatto il vaccino ieri) e io e la zia abbiamo fatto una ""passeggiata"" per il paese con il cane ‚ô•Ô∏èü•∫üôèüèª"
2,"le overdosi di vaccino‚Ä¶ (e dovremmo essere pure contenti)"" link 91"
2,"user_cersei nei laboratori militari c'√® la prassi di sviluppare parallelamente a ogni arma biologica il suo vaccino.
link"
0,"i migliori vaccini sono darwiniani link #mondo"
1,"fauci, stiamo lavorando a vaccino anti-covid in pillole link"
2,"user_biasi attenzione leggi bene quello che ho scritto non parlo del vaccino ma dei lotti a cui si fa riferimento se casi simili sono successi in diversi paesi europei il problema non √® in un singolo lotto ma in uno degli eccipienti nella formulazione di questo vaccino"
2,"user sicuramente non accetter√≤ mai #pfizer üëá
link
fin'ora non ho letto nulla di simile sul #vaccino #sputnik 
qualcuno che ne sappia pi√π di me ? link"
0,"ema verso l‚Äôok al vaccino pfizer per i 12-15 anni, speranza: ‚Äústrategico per il prossimo anno scolastico‚Äù link"
1,"#vaccinicovid   vaccini e rischio trombosi: dimezzare le dosi potrebbe ridurre i rischi link via user"
0,"comunque domani torno gi√π a milano per la seconda dose del vaccino e poi risalgo in montagna tipo subito.
sono gi√† stanca al pensiero."
1,"zaia: ¬´le sospensioni dei sanitari che non si sono ancora vaccinati sono state congelate perch√© manca personale per sostituirli¬ª

chi l'avrebbe mai potuto immaginare!? üôÑ
#greenpass psichiatrico e titolo di studio a punti, cos√¨ rilanciamo societ√† e mondo del lavoro.

#24luglio"
1,"user user ma gente che da un anno e mezzo nega il covid non √® novax?"
0,"vaccinato questa mattina 08 00  prima dose con  pftruser  puffazer..... pitzifur  pizziffer   vabbe' so vaccinato üòÇüòÇüòÇüòÇ  #pfizervaccine"
1,"#cronaca #ultimenotizie vaccini in aziende, 2mln #astrazeneca in frigo - link - #tifosi #vaccino link"
2,"quando pensate che user_italia siano liberali invece scopri che vogliono l' obbligo per i vaccini sperimentali
chiss√† se user si far√† un bel astrazeneca?"
2,"deve diventare famoso il dott. scoglio! laureato in legge, ma dedica la vita alle alghe. ha deciso di essere il candidato al nobel 2018, anche se nessun candidato al quel nobel sar√† noto prima del 2068. 
e vi parla della pericolosit√† dei vaccini."
0,"user user_panta cosa del mio discorso ti ha fatto evincere che bisogna fare dei lager?
cerchi di rendere inutile il mio discorso estremizzandolo all inverosimile?
io sono vaccinato e sto bene, mio padre,  madre, nonna, zii e cugini, amici vaccinati e stanno tutti bene.

non potete vaccinarvi?"
0,"user user user e quindi? i vaccinati nel 95%/99% dei casi non avranno bisogno di 300 euro di cure da cavallo e 20 mila euro di terapia intensiva."
0,"leggi qui l'articolo de l'#unionesarda link 
benissimo! vadano a fare i no-vax da un'altra parte!"
1,"le manifestazioni antivax e il green pass link"
0,"che bello sarebbe, se ci fosse un vaccino contro il covidooooooh wait!"
0,"come si chiama quella sensazione di quando vieni a sapere di un conoscente #novax della prima ora finisce in ospedale mentre i suoi parenti vaccinati non hanno neanche un raffreddore? ah s√¨, ""mi ride anche il buco del culo"". #vaccinazioni #covid19"
2,"user user_0 la germania ordina e il mondo obbedisce...e non sto giustificando questa vaccinazione che non √® altro che una randomizzazione forzata...ma dobbiamo smetterla di essere allocchi in ogni contesto!"
2,"user per√≤ ci danno un‚Äôarma. unitevi pi√π che mai voi medici e rifiutate il vaccino. vedremo se vi sospenderanno. i psicologicamente compromessi da covid andranno all‚Äôestero a curarsi."
1,"vaccini lazio, weekend open day astrazeneca over 40: iscrizioni aperte: sabato e domenica 15-16 maggio per i nati dal 1981 link link"
1,"asl na 2 nord, stop alle prime dosi per mancanza di¬†vaccini link"
1,"vaccino o certificato di negativit√† per chi arriva in sardegna: la proposta link"
1,"vaccini lazio, ripartono le prime dosi: la chiusura degli hub ora slitta a ferragosto - link link"
1,"2 vaccini, gb sperimenta immunizzazione"
0,"l‚Äôok alla presenza di spettatori alle gare di #uefa2020 allo stadio #olimpico √® un gran bel segnale di #speranza (maiuscolo e minuscolo). ora, per√≤, urge un protocollo rigido del #cts e, soprattutto, un‚Äôaccelerazione nelle #vaccinazioni. altrimenti sar√† l‚Äôennesimo, vuoto proclama"
2,"user non abbiamo dimenticato la morte di camilla mariani dopo il vostro open day della morte nonch√®, i tanti morti post vaccino da voi occultati. per voi ci vuole una nuova norimberga, dovete pagare per i vostri crimini, farabutti assassini
link"
2,"""ci stanno somministrando un vaccino ancora in sperimentazione, secondo l'agenzia del farmaco cinese √® potenzialmente pericoloso"" ‚ñ∑ prof. leopardi link"
0,"vaccino, contagi crollati e zero morti tra gli under 60: ridotto anche il numer... link link"
0,"a questo punto per√≤ c‚Äô√® da aspettarsi anche il titolo ‚Äúmuore all‚Äôimprovviso, una settimana fa aveva prenotato il vaccino #astrazeneca‚Äù link"
2,"brescia, morto di trombosi dopo il vaccino, indagine per omicidio colposo link"
1,"pfizer sta pensando di adattare il nuovo richiamo alle varianti."
0,"user l'unica (magra) consolazione che mi da questa psicosi, √® che presumibilmente la data della mia vaccinazione dovrebbe avvicinarsi in modo consistente per le  rinunce che arriveranno"
0,"sto pensando ai vaccini! link"
0,"mario draghi: chi rifiuta il vaccino sostenga i costi della propria ospedalizzazione! - firma la petizione! link via user"
1,"vaccini: quasi 30mila dosi somministrate nell'oristanese link"
1,"#covid_19, speranza:""attese almeno 50 milioni di dosi di #vaccini‚Äù. il ministro della salute: pressing quotidiano sulle aziende‚Äú #17marzo
link"
0,"üìØ 
la ¬´categoria 4¬ª finalmente!! (per et√† - da oggi i 55-59enni con esenzione per malattia cronica - ma prima di riaprire alle normali fasce d'et√† si faranno tutti i fragili over 60)
now on user
#fragili #vaccini #covid19 #lombardia
link"
1,"marsala: rissa per i vaccini covid clicca per leggere link"
2,"107 euro al mese in pi√π per fare da cavie. perugia, poliziotta 43enne ricoverata dopo il vaccino astrazeneca link"
1,"11) banco informazioni, ti danno un modulo ""lo compilo e glielo d√≤ adesso?"" 
12) ti fanno prendere appuntamento dal sito
13) complimenti ha un appuntamento per consegnare il modulo fra un mese.
14) la pandemia √® finita, non ho la tessera sanitaria e non ho ancora il vaccino"
2,"user_cersei i tre grandi paesi in forte crisi  di leadership politica,  usa, italia e francia , sono quelli con feroce controllo e persistente allarme sanitario. valido strumento  paradigmatico , vaccino  o pass, per limitare e condizionare le libert√† dei cittadini ed inibire cambi di rotta."
1,"in arrivo i primi 40 mila green pass per i valdostani vaccinati contro il covid link"
1,"ma se non si fanno le foto appena fatto il vaccino non funziona ?"
1,"user user ho bisogno dei vaccini di marco."
1,"adi: istanza di attivazione procedimento disciplinare per frasi di infermieri contro i no vax | nurse times link"
0,"user chi sceglie di non vaccinarsi √® come quello che non rispetta il divieto di sosta e di fermata nei giorni di mercato. chi si √® vaccinato ha pagato il suolo pubblico e si √® iscritto alla camera di commercio, e loro ne approfittano a sbafo."
0,"il presidente mattarella √® intervenuto alla convention annuale di comunione e liberazione. si √® espresso in modo netto sui vaccini, ricordando anche le parole di papa francesco. 
#covid19 #vaccini
link"
0,"# user: covid, figliuolo: ""obiettivo tutti vaccinati entro l'estate"" link"
1,"user_ hai fatto il vaccino?"
0,"user si ok, √® un intimidazione un abuso una via di mezzo, ma in realta se ho capito lei ha criticato il generale responsabile della logistica dell approvvigionamento vaccini perch√© non vuole vedere le divise, che √® assurdo perch√© ora i vaccini circolano meglio"
2,"aprite questa pagina e notate come i commenti ammessi sono solo quelli favorevoli a questa vergognosa iniziativa. e' censura vera e propria della libert√† di pensiero e di espressione perpetrata giornalmente dal user_it 
#nazipass
#nazivax

link"
2,"la gravidanza solidale.
il vaccino solidale.
il pass solidale.
gli immobili solidali.
la parolina magica per coprire le porcate."
1,"user_pallina user i vaccini non ti impediscono di contrarre il virus, impediscono teoricamente di avere effetti avversi ad esso."
0,"√® bellissimo sentire i commenti delle persone grandi sul momento della loro vaccinazione. servizio,gentilezza degli operatori sanitari e grande soddisfazione x avere ricevuto a loro tutela la salvezza.
siamo in #emiliaromagna"
0,"luned√¨ mi vaccino ma come caregiver (avevo prenotato un mese fa), che voi sappiate la seconda dose viene allungata comunque?"
2,"user avvisiamo la signora merkel che la parola ""immunizzato"" per chi si √® vaccinato, non si pu√≤ pi√π usare.covid, contagiati in 20 su 360 sulla nave scuola amerigo vespucci, la marina militare:¬†¬´sono tutti vaccinati¬ª¬† link"
1,"sul mio pianeta ideale, 
gli #istigatori alla violenza che nei #mediaspazzatura offendono, minacciano e incitano all'odio,
vivrebbero a 666 metri di altezza, con vento forza 4, in punta di piedi su uno spago, in perenne equilibrio instabile.

 #telegram #novax link"
1,"user ma fermatevi un po‚Äô a riflettere link #astrazeneca #astrazenaca"
1,"sondaggio dentro la redacione di 
""la repubblica"" non √® uno scherzo
l√¨ son cos√¨.....anche gi√† tutti vaccinati!"
2,"i dati che preoccupano l‚Äôinventore del vaccino mrna (imprtanti e vietati ai virologi da tv) link #news #feedly"
1,"#dimartedi  #moratti 
ieri ""gli over 80 che non sono stati ancora convocati per la vaccinazione potranno vaccinarsi presentandosi senza prenotazione nel centro vaccinale pi√π vicino dal 7 all'11 aprile'
-oggi ""no lasciate stare..mi sono sbagliata""
dal disastro #lombardia √®  tutto"
0,"user prenotato il 17 maggio e vaccino il 20 giugno e fuori dal comune nonostante abbiano aperto un centro vaccinale prima della prenotazione..."
2,"user lo avevo previsto. i vaccini saranno ritardati perch√© √® un modo cinico per sfoltire le societ√† dai vecchi pensionati. un gigantesco risparmio per le casse di tutti gli stati e un guadagno immenso per le maledette multinazionali farmaceutiche."
0,"la variante pi√π pericolosa √® quella  no-vax: si attacca al cervello  #covid link"
1,"#vaccini anti #covid19 in italia, dosi somministrate su base quotidiana.
dosi somministrate il 11/05/2021 : 429.134
media mobile a 7 giorni: 465.570
#covid_19 #vaccinaitalia #astrazeneca #coronavirus #pfizer #modernavaccine link"
0,"user_en scusate visto che vivo in un paese di merda e l'ue √® peggio, politic parlando, posso io italiano ed europeo vaccinarmi comprando dall'estero il biglietto? penso che lo sputnik sia il miglior vaccino sul mercato in questo periodo. grazie i love russia‚ù§‚úå"
0,"ùêíùêûùêßùê≠ùê¢ùê´ùê¨ùê¢ ùê´ùêûùê¨ùê©ùê®ùêßùê¨ùêöùêõùê¢ùê•ùê¢  per se e per gli altri!
lo stato italiano e la situazione storica ci chiedono e ci impongono la #responsabilita attraverso la chiamata alla vaccinazione di massa. 
#vaccini #covid19 #governoitaliano #pandemia 
link"
1,"user_claudio claudio sei esattamente come un liberale svizzero. io non capisco come mai sia tanto difficile in italia libert√† di scelta sulla vaccinazione e pensarla come te da parte del centrodestra renziani e calendiani."
1,"quindi se la gran bretagna √® a rischio chiusura i vaccini non funzionano? mentono sapendo di mentire! #staseraitalia"
1,"vaccini, stefani-speranza: disabili fra categorie prioritare link"
0,"orgogliosa e grata ai nostri ragazzi in divisa che, come sempre, ci sono nel momento del bisogno. 
generale #figliuolo avanti tutta con i vaccini noi di user_italia siamo al vostro fianco."
2,"covid, muore a 52 anni dopo il vaccino pfizer: richiesta autopsia | virgilionotizie link"
0,"e difficile far capire loro quello che succede, solo con dei ricoverati novax pubblicare le loro foto. e forse capiranno anche sono manovrare da qualcuno di certo. 
e bravi 'no-pass': urlano che vogliono la libe√† e ci fanno rischiare nuove chiusure link"
1,"user regione marche: liste  per caregiver ad oggi, per i comuni disabili gravi, ancora non aperte, stando al sito della regione, ma  i furbetti del vaccino (es. un avvocato),  sono stati vaccinati nei giorni scorsi pronunciando semplicemente la parola ‚Äúcaregiver‚Äù."
2,"neppure se toccati personalmente ammettono l‚Äôirrazionalit√† di ci√≤ che subiscono e che impongono.
una #politica morta, miope, subordinata ai militari come #figliuolo.
#zingaretti #vaccini #greenpass #covid19  #greenpassobbligatorio link"
1,"#vaccini, l'italia procede a rilento? com'√® la situazione in altri paesi #ue? ora su user: fabrizio pregliasco user, don pietro sigurani e user_anfossi di user_cristiana. link link"
1,"user ci vorrebbe onest√† intellettuale di non limitare alla "" destra "" le pulsioni no vax di questo paese .
erano organici ai 5 stelle 
cunial , bonafede , taverna , barillari , conte .
nn ricordate nulla ?
#lamemoriadelcriceto"
0,"burioni espatria: ""se costretti a chiudere per colpa dei no-vax me ne vado in francia"" | il primato nazionale link"
0,"vaccini, von der leyen: 'almeno 3 mesi per il passaporto ue' 

""vogliamo un passaporto verde a livello ue col quale si possa viaggiare liberamente, per affari e per andare in vacanza, oltre a godere finalmente di eventi culturali, e altro""

link"
1,"io pagherei per vaccinare tutti coloro che lo vogliono, almeno la finiamo con questa pantomima (e magari si fa anche un po‚Äô di pulizia...)"
0,"ma quindi abbiamo davvero bloccato un vaccino per 30 trombosi su 5 milioni di vaccinati?
#astrazeneca"
1,"‚Äúa palermo c‚Äô√® una evidente escalation dei contagi, in particolare per la diffusione delle varianti, pi√π aggressive. abbiamo i primi casi di virus in soggetti gi√† vaccinati."""
0,"vaccini fuori lista, in procura a bari primi interrogatori. il legale: ""sono stati chiamati, nessuno ha saltato la fila"" link 
vergogna #infiltrati e #saltafila!!!"
2,"user siamo sempre guariti dalle polmoniti, le cure esistono.. √® di vaccino che si muore, e non ci sono storie, e non sanno nemmeno riconoscerlo tanto pi√π che essendo sperimentale dovrebbero verificare le cause dei decessi anzich√© catalogarli come ‚Äúmalore improvviso ‚Äú... vergogna.."
0,"user user user parli per lei quando si riferisce a chi √® stolto non coinvolga gli italiani. milioni di morti in tutto il mondo ed ha ancora il coraggio di mettere in dubbio la necessit√† dei vaccini? per sua informazione poi tutti i paesi hanno acquistato vaccini comprese le locomotive europee"
1,"gds: ""#sicilia. vaccini in farmacia, si parte il 15 luglio""
link"
2,"assassini!

lorenzo si era anche sottoposto al vaccino anti-covid, lo scorso 5 giugno. una scomparsa la sua che sconvolge la comunit√†, stretta intorno ai genitori"
1,"user una domanda, come mai il contatore delle vaccinazioni riporta una cifra di circa un milione di somministrazioni prime dosi in pi√π rispetto alle statistiche ufficiali?"
0,"tra di noi ci sono moltissimi concittadini che sono nati in altri paesi e hanno bisogno di aiuto per prenotare il #vaccino. molti non chiedono per pudore. solo oggi ne ho prenotati tre per persone che conoscevo. talvolta la cosa pi√π scontata per noi non lo √® per gli altri."
2,"#greenpass per viaggiare!
#israele vieta l'ingresso ai #vaccinati perch√© portano la #variantedelta!
#sipario!!! link"
2,"user user questo lo potremo dire con sicurezza in autunno,nessuno in questo momento mi sta garantendo che il vaccino funziona,i dati dell'anno scorso in questo periodo non sono tanto diversi"
0,"razza di mongoloide ‚Ä¶ discriminazione?! 
un vaccino accessibile a chiunque gratuitamente ‚Ä¶ vai a cagare"
1,"vaccini una guerra senza esclusione di colpi cos√¨ il virologo di fama internazionale giulio tarro link a trav√©s de user"
0,"ad ottobre, quando ci rinchiuderanno nuovamente, ricordate che quel 30% in meno di efficacia del vaccino pu√≤ comunque fare la differenza! quindi vaccinatevi!
perch√© anche per delta, con il vaccino per lo meno non muoio, senza non so! sappiatelo!
#greenpassobbligatorio #pfizerdown"
1,"user gli zii, i cugini si sono vaccinati a loro insaputa üòÇ"
1,"user un'armata brancoladinotte...i casi sono 2...o loro sono stati clonati al cairo (dove gli originali sono reclusi xch√® sanno la verit√†).. e qui sono  impiegati  nella vaccinazione reclutante dei ""semplici""..
o sono gli autentici che operano qui ma sotto ricatto..e i familiari..l√†.."
2,"studio scientifico vaccini covid-19
.. forte risposta immunitaria infiammatoria, compresi polmoni e fegato ..
.
.. affaticamento, mal di testa, brividi, dolori muscolari, febbre e dolori articolari ..
.
.. intense reazioni infiammatorie e trombotiche ..
link"
0,"comunque il 16 ho la prima dose del vaccino üëâüèºüëàüèº"
0,"user io mi sono vaccinato 2 volte, per proteggere mia moglie che ha malattia autoimmune e non pu√≤ vaccinarsi.
poi vedremo a ottobre..."
0,"il governo prenda subito la decisione di rendere obbligatoria la vaccinazione! stiamo rischiando un blocco totale che far√† molto male alla nostra economia, oltre che a tutti. smettiamola di essere ignoranti egoisti!link"
0,"condivido in pieno... se c'√® qualcosa che bisogna sapere che venga fuori subito!
aggiungo: in uk hanno vaccinato 12m di persone con az, ora capisco che gli inglesi siano stoici e pragmatici mentre in europa siamo un p√≤ chiagnoni ma escludo che abbiano sotterrato i morti!"
1,"l‚Äôindia ha ordinato 300 milioni dosi di un vaccino anti-covid non approvato link"
2,"user user user user io non  ho mai parlato di sieri e non √® il termine che conferisce o meno la funzionalit√†. sto dicendo altro, ovvero che i vaccini sono tutti sperimentali per cui non si conoscono gli effetti a medio e lungo termine, mentre a breve vediamo decessi e ricoveri eccessivi..."
1,"new post: vaccinazioni over80: ecco i documenti da compilare e consegnare a schiranna e rancio valcuvia link"
2,"user il vaccinato √® pericoloso.
si contagia e pu√≤ contagiare.
solo i guariti meritano il green pass."
2,"üáÆüáπ
#coronavirus
#vaccinazione

troppi dubbi‚ÄºÔ∏è

intanto grazie ai ricatti la sperimentazione continua
e in autunno
avremo i risultati"
0,"üîµ ""si riprende con tutti i #vaccini. si pensa a privati e anche #farmacie. tutto come detto. errori sono stati commessi eccome e lo √® stato sospendere. errori nazionali. campagna e pass #ue sono la via sana e giusta""

user üéôÔ∏è
#nonstopnews link"
0,"mia mamma ha detto a mia zia che mi voglio fare il vaccino e ora lei mi ha chiamata per farmi il bordello e a raccontarmi stronzate lette su facebook ma diocane"
1,"dua lipa √® il vaccino"
1,"analista della msnbc ridicolizzato per aver detto che il vaccino e‚Äô sembrato ‚Äúuna ondata di¬†euforia‚Äù link"
