2,"leggete questo post. ma soprattutto i commenti. ogni genitore ha scelto di postare e raccontare la storia del proprio figlio danneggiato da vaccino. esistono, e lo faranno ricordare a tutti. sempre. #vaccini link"
1,"user user_bordin user user user_s user user user user user user_mussati nessun novax... volevano approvare una legge per evitare l'aumento dei prezzi dei farmaci ...il signor trump si è opposto la maggior parte dei capi delle case farmaceutiche son amici suoi ... c'è gente che li muore perchè non può permettersi l'insulina o un antibiotico"
1,"#coronavirus, 
l'infettivologo pierluigi viale in diretta a #mattino5: 
""la malattia ha due fasi""
ma quali sono le novità sui farmaci e per il vaccino? link"
2,"user e insistono........

ormai lo sappiamo che il vaccino serve a sterminare gli anziani e ad ammalare il popolo italiano

link"
0,"user user user user user link è  consapevoli  di quello che si decide. sinceramente  spero che trovino sto vaccino. io non posso  tenere  in casa i miei genitori  e mio zio xché  c'è  gente che se ne frega della loro salute.  io ho due  diabetici in casa"
3,"user user bassetti andrebbe radiato , un politico che fa finta di essere un medico, invece sarà il prossimo direttore sanitario della liguria , così la farà diventare no vax come i convegni dove fa il testimonial."
3,"(scusate l'ignoranza) mi spiegate l'utilità di far parlare panzironi in questo periodo così difficile(con la gente chiusa in casa) non bastavano le bestialità dei novax ascoltate negli anni scorsi #nonelarena irresponsabili!!!"
2,"#domandedasomaro 3) dai primi dati emersi dalla regione #emiliaromagna sui danni da #vaccino e reazioni avverse ai farmaci, risulta che dal 2017 c' un'impennata vertiginosa delle reazioni avverse, perch? link link"
0,"user_iacoboni non ne usciremo fino a quando non faranno un vaccino e speriamo ci riescano nessuno o quasi rispetta la #quarantena"
3,"user user novax: check
gomblottara 5g: check
votakapitano: check 

mi raccomando porta la penna biro alle urne che altrimenti soros ti cambia il voto"
0,"user_cersei ancora non ha capito che probabilmente ci faremo anche il natale a casa !

se non esce un vaccino o una cura siamo fottuti

basta un asintomatico per una ricaduta. la situazione è grave"
3,"user stanno cercando lassù notizie sullo stupratore figlio di un noto ex comico pluripregiudicato.

oltre a quello cercano ex no-tav, ex no-tap, ex no-euro, ex no vax, ex no ex-f35, ex no-clandestini ma soprattutto ex uomini oggi patetici falliti."
1,"coronavirus: il medical center dell’università di pittsburgh ha sviluppato un primo potenziale vaccino link"
0,"user_s user è morto ciò che si vuol far morire.essendo una pandemia mondiale capisco finché non ci sia un vaccino(un anno?).ed è così link nel frattempo essendo pandemia ,basta che gli stati(banche centrali)emettano soldi"
0,"user_the_teacher stiamo dicendo la stessa cosa, con una piccola differenza, per l'influenza stagionale esiste un vaccino e le persone più fragili dovrebbero averlo fatto. per il coronavirus no"
2,"user lei saprebbe spiegarmi perché sono arrivati 30 mila soldati americani in europa senza nessun timore o precauzione?? che per caso hanno il vaccino o questo virus di fatto non è così pericoloso come dice lei? chiedo a lei perché è un esperto"
0,"panico ingiustificato ma vaccinazione utile nella zona dei casi anche perch meningite meningococcica  la malattia infettiva circolante in italia con la pi alta letalit (10%). piano nazionale include vaccino quadrivalente anche nell'adolescenza ma coperture sono basse(50%) link"
2,"la smettiamo con sta storia del vaccino? 
tra l'altro fermate gates, grazie
link"
1,"cina. coronavirus: 910 i morti. testato vaccino sui topi link"
0,"9. andr� tutto bene, passer� tutto in giro di qualche mese, andando sempre pi� a scemare. magari domani trovano una cura mirata! magari tra una settimana abbiamo il vaccino! non � come l'ebola, non � come la peste, non � un morbo incurabile. +"
1,"di maio: «ora un’alleanza internazionale per mettere a punto il vaccino» link"
2,"juke era una bambina sana fino al giorno di quel maledetto #vaccino.   prima di vaccinare i vostri figli informatevi perch indietro non si torna.   qui la sua terribile storia  ????????  link link"
2,"user il problema non sono i vaccini,ma il fatto che gliene sono stati sparati 8 in un giorno.
non prendete ogni occasione buona per fare i no-vax"
2,"user sono convinti che se uno � provax non possa dire una cosa giusta una volta tanto. poi magari burioni ci imporr� il vaccino contro il corona ma, in questo caso specifico, se invoca la quarantena usa soltanto il vecchio buon senso."
1,"user solo così si può testare un vaccino dove sta la proposta choc"
3,"user user grazie per la dritta che quando serve un vaccino, chi ci guadagna è chi produce il vaccino, cioè le case farmaceutiche.
e io che ho sempre pensato che a produrre i vaccini fosse la centrale del latte.

ps penso al tuo stipendio con tanta gente che ora è in difficoltà e mi incazzo"
0,"user user potrebbe essere vero....se non si trova il  vaccino."
0,"user user user perfettamente d’accordo: secondo me sanno cosa ci stanno nascondendo e ci illudono che questa cosa possa finire senza una cura...dovremmo convivere col virus prima che trovino un vaccino, non possiamo continuare a restare a casa"
1,"vaccino coronavirus, l'italia accelera. ricciardi: ""in arrivo tra l'autunno e l'inverno"" link"
1,"bimbo con #meningite, era vaccinato. dall'asl hanno reso noto che il bambino (colpito dalla meningite b) era vaccinato sia per il meningoccocco di tipo b che c. via alla profilassi link"
2,"pronostichiamo un allarme ebola in tutto il pianeta.  bisogner fare presto.  se non paghi la licenza ti becchi il virus. link"
3,"user user brava,svegliatevi dal medioevo,nn auguro il male a nessuno, lo preciso,però se uno di voi,o della vostra famiglia fosse colpito da questo maledetto virus,e ci fosse il vaccino, ma neanche morto ve lo farei fare,no vax dei miei coglioni,questo siete,siete solo cazzari e pericolosi"
1,"iss, rezza: ""serve ancora tempo per azzerare i contagi. vaccino? pazienza..."" link"
0,"pensierino della notte
la scienza medica ed epidemiologica, epidemiologi del calibro di larry brilliant, insegnano che in assenza di vaccino, senza tt non si risolve una pandemia
ne usciremo se non si ascoltano false narrazioni strumentali, ma a chi vero esperto in pandemie
notte link"
1,"@_dajedepunta_ meno male. posso chiederti come funziona ora per:

- prenotazioni (sempre solo in presenza?)
- attesa il giorno del vaccino (c’è gente nella saletta o per le scale o si riesce veramente a fare contingentato ingresso?)"
2,"user user user bravo. la cura, il vaccino non e' altro che la risposta ai mesi di messaggi paranoici inviati alla popolazione. chi ha detto che immunizza se neanche siamo sicuri che chi prende il virus poi sviluppa gli anticorpi? il coronavirus , muta molto e si rischia di vaccinare per nulla."
2,"user user user già mi fido poco di un solo parere medico (quindi ne ascolto più di uno) perché mai dovrei fidarmi di una che ha solo ma maturità classica?mistero della fede.
io ribadisco:incominciate a fare il vaccino voi, così poi potremmo discutere se si può o non si può fare.non siamo cavie"
2,"user spero che il vaccino ti faccia male, matteo- e non ciarlare di politica: hai a cuore solo i tuoi interessi e quelli di pochi privilegiati-"
1,"vaccino di pomezia e di oxford comincia test su mille volontari link"
0,"farmaci senza frontiere - chi governa su #bigpharma e chi difenderà i paesi poveri nella corsa al vaccino? user dalla battaglia per gli antiretrovirali al #covid19 - intervista di user user user user - video - link link"
2,"user per iniziare minerva, per iniziare... ne hanno tanti da smaltire prima di rendere l'umanità schiava di ogni vaccino. vorrebbero che uccidessimo per averli, ma accadrà il contrario. poi ci sono quei film del 2011 tipo contagion, è così chiaro tutto..."
0,"user user user__19 e secondo te sono tutti scemi quelli che oggi stanno studiando un vaccino?"
2,"mi chiedo: il raffreddore è un coronavirus, giusto? dicono sia impossibile da debellare ed il suo continuo mutare rende inutile la vaccinazione... in australia superati test sugli animali per covid19... cosa diavolo stanno preparando per noi e che sarà obbligatorio per legge?"
2,"user no al plexiglas, mascherine, visiere, ma igiene, collaborazione tra genitori e insegnanti e buon senso, bambini malati stanno a casa. i giovani non sono a rischio, molti di loro sono prob già immuni essendo portatori. no a un novel vaccino. proteggere anziani e persone a rischio."
2,"""il vaccino serve a nulla.""user user user user link chiarezza sul #covid19 burioni ci derise per la nostra ricerca, ora i dati parlano chiaro - pasquale bacco #byoblu24"
2,"user più fanno scena più il prezzo del vaccino aumenta. i governi speculano su queste situazioni e poni dicono a noi di non farlo."
0,"1) siamo tra i paesi che destinano meno soldi alla ricerca,
2) ci offrono fino 36 miliardi per combattere il #covid_19,
3) potremmo destinarne una quota sostanziosa alla ricerca
del vaccino.

solo i cretini non capiscono 

#salvinimeloni2coglioni link"
2,"ditemi che questi #vaccini sono sicuri, ditemi che non hanno strappato questi bimbi alla loro gioia di essere tali rendendoli autistici. venitemi a dire che prima della vaccinazione stavano bene ed erano sani. ditemi che dal giorno successivo il buio  calato. diteci perch. link"
1,"coronavirus: due cure sperimentali. e l'attesa per il vaccino
prof user secondo lei è attendibile ? 
link"
3,"user user_smeriglia user_ronchetti con i novax è il gombloootttooo delle scie chimiche, più qualche terrapiattista, praticamente i votanti del governo gialloverde..."
3,"#coronavirus #fakenews che fine hanno fatto i geni che dicevano che in #usa esisteva già il vaccino e lo tenevano x loro? giravano tanti video su whatsapp e youtube.... tutti spariti ora?"
0,"coronavirus il vaccino e la scommessa italo-inglese “saremo pronti a settembre” link"
1,"user user 1 siamo appena all inizio del contagio in italia e quindi numeri e statistiche si fanno alla fine
2 per il virus influenzale esiste un vaccino,per il corona no
3 il contagio avviene anche da soggetti asintomatici e quindi è meno ""gestibile""dell influenza
4 se il contagio nn viene"
0,"le varie fasi del coronavirus: corsa contro il tempo per vaccino e terapia -  #varie #coronavirus: #corsa #contro  link"
2,"sanofi entra in tackle duro nella sanità italiana per tre anni dove detterà legge per tutte le linee guida. ricordo solo che una delle sorelle di sanofi fu giudicata colpevole per il vaccino che impose nelle filippine dove morirono decine di bambini.
uno scandalo.
user"
0,"desidererei che si trovasse immediatamente un vaccino contro il coronavirus per due motivi . il primo perché salverebbe tante vite umane , il secondo per il piacere di vedere gli antivaccinisti implorare la vaccinazione in ginocchio sui ceci . link"
3,"user perchè renderla obbligatoria privando i no-vax della soddisfazione di infettarsi l'un l'altro/a?"
0,"rezza: “il trend mostra miglioramenti ma serve cautela”. ricciardi: “senza un vaccino rischiamo un altro picco in autunno” link"
0,"user chi vive insieme, suppongo nn debba più farlo e dunque giovani fuori di casa ;)
poi lui dice che quando il 60-70% avrà preso la malattia, questa sarà ""over"". boh!
vabbè magari nel frattempo uscirà il vaccino..."
0,"user io ho una malattia cronica autoimmune, sono  immunodepressa per la terapia, abito a mezz'ora di strada dal focolaio veneto e sinceramente tanto tranquilla non sono. per l'influenza stagionale infatti faccio il vaccino."
0,"“conte che annuncia la scoperta del vaccino lo voglio così. a reti unificate” link"
2,"vahttp://www.altadauniaaltosalento.it/showthread.php?11835-vaccino-esavalente-ecco-il-documento-%93riservato%94-glaxo-che-cita-l%92autismo&amp;p=18393#post18393ccino esavalente, ecco il documento riservato glaxo che cita lautismo link"
1,"quel piano europeo anti virus: ""immunizzazione di gregge"" link"
1,"bill gates chiamerà conte sul vaccino per il coronavirus link"
1,"la produzione dei vaccini ha tempi lunghi di produzione e consegna: è strategica una programmazione stabilita con largo anticipo. sanofi produrrà il 20% di vaccino antinfluenzale in più, ma la domanda globale potrà superare l'offerta link #buongiorno #16giugno link"
0,"il #diritttoallascienza ed ai suoi benefici quale #nuovodirittouniversale .
allla faccia dei novax ! link"
2,"2.300.000.000 di persone obese 3.000.000 di morti per alcol allanno 700.000 morti per infezioni da batteri resistenti   ma un pensiero per il #morbillo e il #vaccino c sempre. quante dosi devono ancora smaltire le case farmaceutiche?  link"
0,"annunciati oggi i primi risultati promettenti di un candidato vaccino covid 19 link"
3,"user user ah giusto. voi siete quelli che si prendono super sul serio e che poi si alleano con i novax. però in giacca e cravatta."
1,"coronavirus, farmindustria: ""un giorno per produrre farmaco, per vaccino mesi"" link"
3,"di questa #quarantena ricorderò le litigate con i complottisti e i #novax su facebook.
grazie, mi avete regalato emozioni nelle mie giornate altrimenti vuote.
❤"
0,"per quelli che volevano il mondo senza i vaccini... ecco, questo è il mondo senza un vaccino. #covidー19"
0,"la fondazione di bill e melinda gates è pronta a finanziare la produzione del vaccino!

#billgates #melindagates #vaccino #coronavirus #27aprile #radio105 
link"
3,"user user user user lei é un grande,con i suoi libri mi ha fornito tutte le argomentazioni da sciorinare ai tanti ignoranti no vax.continui cosí,tantissimi italiani le sono grati per quello che fa.poi ci sono gli inetti a cui le persone competenti come lei danno solo fastidio."
0,"user buona festa di liberazione a tutti! speriamo arrivi pure un vaccino in questo giorno, così ci liberiamo pure del ""cornutovirus""!"
2,"user sicuri?! leggete le statistiche ufficiali americane, aggiornate al 1* novembre 2019... link"
2,"user user ennesimo bufalaro seminatore d paura. la cura xcovid19 è già esistente e si chiama plasma iperimmune, purtroppo x voi, made in italy. il vaccino nn serve +a nulla dato ke il virus ha già perso, come tt gli anni, parte della sua forza e a ottobre sarà già completamente diverso..."
2,"user_cocco user se il vaccino è un obbligo anche l'assistenza dello stato per chi ha subito danni dal vaccino dev'essere un obbligo. o deve investire sulla prevenzione!"
0,"coronavirus, bill gates: ""vaccino? se funziona lo pago io"" link"
3,"a questo punto cederei la parola a quei geni dei no vax."
3,"sono ricoverata in ospedale con altre tre signore di 46,65,71 anni 
sono tre giorni che sono qui e sono già piena dei loro discorsi a sostegno del patriarcato e pensavo che avessero raggiunto il limite, invece no oggi si rivelano pure no-vax link"
0,"un batterio intestinale complice dell'infarto. lo hanno scoperto scienziati del policlinico universitario umberto i di roma. la scoperta potrebbe gettare le basi per un vaccino preventivo anti-infarto e per terapie mirate. #ansa #infarto #salute #cuore link"
2,"il vaccino di gates modifica il dna: scienziati ed esperti di etica danno l’allarme     
link    

link"
0,"user tanto oggi l'italia non si ferma la gente si muoverà per il tutto il territorio seminando ugualmente qua e là, solo un vaccino è la soluzione non l'assalto ai supermercati e quindi speriamo che io me la cavo"
2,"#domandedasomaro 5) perch il governo usa metodi da #gestapo contro chi tenta di analizzare i #vaccini per verificare la loro sicurezza, ma protegge con ogni mezzo le ditte produttrici, addirittura le esonera da ogni responsabilit per danno da #vaccino??? link link"
0,"user user user gli antivirali tra l'altro, non sono sempre efficaci.

passi per questo coronavirus, ma facciamo un esempio stupido:

""epidemia di ebola. 80% di mortalità. effetti collaterali dell'ipotetico vaccino circa 1 su 100mila.""

ti vaccini o tenti la fortuna?"
3,"vaccino dove ti porta il cuore
#cinenovax"
0,"user questo te lo scordi fino a quando non ci sarà un vaccino o due milioni di morti?
quale soluzione ti farà felice?. con i morti saresti libera presto a meno che non tocchi pure a te. e questo tweet nella richiesta che fai dimostra che non capisci un cazzo."
0,"user user come per pochi, il vaccino per la polio l'hanno fatto tutti. e sono ancora vivi."
3,"carissimi no-vax, quello che stiamo vivendo ora è un mondo senza un vaccino. voi non ne vorreste nessuno."
0,"user user user user per superare l'emergenza sanitaria servirà il vaccino, circa 18 mesi, per quella economica, in mani sbagliate, serviranno 20 anni. quale delle due è prioritaria?"
3,"user inizia ad aprire gli occhi, chi potrebbe prendere il posto di conte? salvini magari? e vediamo cosa farebbe? sarebbe contro il vaccino perché altrimenti ci iniettano mercurio nelle vene con un cip collegato ai satelliti?"
1,"4 paesi ue formano un’alleanza per il vaccino: c’è anche l’italia link via user_italia"
0,"vaccino covid-19, accordo oxford-astrazeneca: si accelera sullo sviluppo! link"
2,"non solo i danneggiati da #vaccino esistono, ma lo stato  reticente nel pagare e viene condannato anche per danno morale! link"
0,"vaccino fatto..  adesso una bella passeggiata zona zattere... link"
2,"tutto corrono a vaccinarsi contro la meningite quando il superbatterio new delhi continua imperterrito a mietere vittime...eppure se ne parla molto poco! sapete perch? perch non esiste, al momento, nessun vaccino in commercio... tranquilli si stanno organizzando... link"
2,"zingaretti e la propaganda del vaccino. fottiti #nonelarena"
2,"danneggiati da vaccino..........!!!!!!!!!!!!!!!!!!!!!!!!!! risarcimenti ai danneggiati da vaccino, ora lo stato pagher di pi  il blog di gioia locati link"
0,"tanti insistevano che brevettassi il vaccino, ma non ho voluto.  il mio regalo a tutti i bambini del mondo.  il 3 marzo 1993 a washington moriva albert sabin, il virologo di origine polacca che invent il vaccino antipolio  [la lapide  nel giardino di borgo allegri a firenze] link"
3,"un certo ""giornalismo"" � l'arma di distrazione di massa di certa ""politica"".  dove sono i demagoghi pro #novax #freevax? perch� cari accattoni di voti non andate in tv ora a dire:alla ""gggente"" va garantita la libert� di scelta se vaccinarsi o no? #coronavirusitalia #coronavirus"
1,"milioni di #migranti senza identit�, senza storia sanitaria. senza alcun #vaccino, senza alcun obbligo... #meningite"
0,"user_p6 user_m_1960 una vera riapertura si avrà solo con il vaccino e ci saranno due anni in cui dovremmo progettare un modello di vita in sicurezza, con attenzione ai nuovi focolai e cercando di sopravvivere economicamente. organizzare tutto questo è il vero problema."
3,"anche voi quando partono i complotti sulle nanotecnologie attivabili in seguito al vaccino antikovid!!!# iniziate a grattarvi il cuoio capelluto come giucas link"
2,"user ne ho letti un paio dicono che il virus non esiste , fra poco esce il vaccino così guadagnano"
2,"user user se combatterete per la vera chiesa cattolica contro l’impostura luterana massonica di bergoglio in accordo con il piano massonico della falsa pandemia covid-19, come pretesto per codificarvi con il falso vaccino vincerete perché cristo sarà con voi! link link"
0,"la buona notizia è che un vaccino c'è per il #coronavirus, la brutta notizia è che è riservato per i soldati usa.
#defendereurope20"
0,"stanno andando veloci come razzi, tutti i gruppi, in tutto il mondo pfizer begins human trials of possible coronavirus vaccine - the new york times link"
0,"riflessione triste: questa settimana 639.000 casi di influenza, dall�inizio della stagione sono pi� di 3.500.000, prevenibili con una vaccinazione che costa pochi euro e che e� gratuita per gli ultra65enni e per i soggetti a rischio ma che pochi fanno"
0,"ci sono ben 6 diverse marche che producono vaccino antinfluenzale senza lattice, tra cui scegliere. chi  allergico al lattice lo sa, che deve chiedere al medico e fare attenzione per questo ed altri farmaci. lessenziale  proteggersi con la vaccinazione. link"
2,"#novax, in principio furono i giornali. link"
2,"user user user user che tu sia una capra lo si evince dal facciamoretate! tuttora non esiste un vaccino, e visto che il virus pare essere intelligente, mutando continuamente, non credo che mai ce ne sará uno!quindi fallo tu e i tuoi amici #pentapidioti, così tra un anno avremo meno coglioni in giro!"
0,"user tieni comunque conto che verosimilmente prossimo o fra qualche anno diventerà l'influenza stagionale.
ma avremo il vaccino (speriamo).
e come quest'anno, credo che lo farò.
voi?"
3,"ho appena letto un ""io non mi vaccino a pre-scindere"",e la ""fase 2"" ora mi angoscia più della quarantena..."
0,"user in attesa del vaccino,x non bloccare l'economia,nelle zone rosse italiane ,dove si presume ci siano molti immuni,servono test sierologici e tamponi al ritmo di  1-2milioni al giorno,altrimenti le aziende restano bloccate x troppo tempo.tutti i laboratori italiani devono attivarsi"
2,"user creato il virus trovato vaccino"
2,"cosa spinge robert f. #kennedy jr. ad esporsi fino al punto di sfidare pubblicamente la #merck, produttrice del vaccino #gardasil, a citarlo in giudizio per calunnie????? #vaccini  link"
2,"user bolgan: negli over 65 la vaccinazione causa più complicanze e decessi.
link"
2,"user il vaccino lo faccia lei e i suoi parenti. lei non può obbligare a fare un emerito cazzo . e spenda i suoi soldi x comprare merda non i nostri. se solo avesse un minimo di dignità si dimetterebbe ma cryedi che nemmeno la vendessero lei sarebbe capace di trovarla."
2,"user anche se il titolo è fuorviante... link"
2,"massimo mazzucco, ci avverte. non fate il vaccino quando uscira`. link via user"
2,"user user non è così il virus muta, è come pensare di vaccinarsi dal raffreddore per cui il vaccino non serve a nulla.
o meglio serve a fare interessi case farmaceutiche"
1,"user giovanni caro, cosa vuoi che ti dicano parlando ogni giorno. che hanno scoperto il vaccino? ti do una notizia: domani diranno le stesse cose di ieri. e dopodomani le stesse cose di domani"
2,"a tutti quelli in file per farsi il vaccino della #meningite:  lo sapete che il vaccino copre solo pochi ceppi?  lo sapete che il vaccino non pu dare immunit istantanea?  ????questo potrebbe farvi scoppiare la meninge.  lo sapete che fra gli effetti collaterali c' la meningite? link"
1,"chi è stefano montanari: curriculum del biologo no vax coronavirus. link"
2,"#vaccini l#mmr difettoso di #merck starebbe attualmente causando pericoloseepidemie di parotitein adulti completamente vaccinati in tutto il mondo link"
1,"coronavirus, parla l’esperto: test del vaccino in 2-3 mesi. le ultime novità link  11/02/2020"
2,"considerando ke ogni vaccino contiene la quantita' di mercurio,alluminio e formaldeide 100 volte massima consentita,fare il calcolo.lo stesso vale per  i vaccini obbligatori per i bambini.da qui l'autismo,asma,malattie immunitarie e neurodegenerative in seguito.informatevi prima! link"
3,"coronavirus, “novax” djokovic: “non voglio fare il vaccino, potrei non tornare in campo” link via user  è arrivato il primo cretino! prima ancora dell'arrivo del vaccino! la mente umana certe volte stupisce per le puerili paure dell'ignoto."
0,"user user certo che mi informo ed è per questo che le dico che se anche ci fosse un caso su 100000 che il vaccino possa non essere tollerato (cosa che può accadere anche con una aspirina) il beneficio che porta debellando malattie mortali è ben superiore."
1,"user certo che sera così! per questo bisogna subito tornar alla normalità! la soluzione è continuare così fino al vaccino cioè 2021/2022 ? spiegatemelo, e spiegatemi con cosa mangerà la gente."
0,"non sono un virologo ma nemmeno un chiacchieratore da bar. fin quando non si troverà un vaccino o una cura, bisognerà conviverci. le nostre libertà ci verranno concesse a spizzichi e bocconi e continueremo ad indossare mascherine, guanti ed a tenerci a debita distanza."
0,"user la strategia inglese, senza un vaccino, lo porterà al collasso sanitario"
2,"""morte in culla signori...ditelo a tutti""  mah.... veramente la seconda autopsia incrimina il vaccino!  ""ah s?"".... ????????????????????  vi auguro di morire malissimo  link"
3,"user user no vax che credono ad un ritorno alla lira e cos'altro?! 
cerchiamo di promuovere scienza e cultura per favore!"
3,"user user ti ricordo le mie posizioni sui vaccini e cosa ho passato per causa dei #novax. non stai cogliendo il punto."
0,"user ipotesi per assurdo:""0 casi,0 morti,liberi tutti,torna la normalità""
tutti a festeggiare:tra di noi ci sarà l'ultimo asintomatico inconsapevole che infetta tutti e ripartiamo da capo. la normalità tornerà al 100% quando ci sarà il vaccino"
2,"user user user user i vaccini non c'entrano nulla con lo stato di emergenza perché arriveranno circa fra 1 anno. e poi se permette se lei vuole farsi il vaccino io non glielo impedisco. così se io voglio innalzare le mie difese immunitarie e non aver bisogno del vaccino lei non può impedirmelo."
1,"user_ozymandias ogni anno arriva un virus influenzale e c'è, puntuale, l'offerta del vaccino. che non tutti fanno. molti confidando che saranno sufficienti, per evitarla, le comuni norme igieniche. la prima prevenzione dipende dunque da noi stessi."
2,"i danneggiati da vaccino sono troppi! ll dato riportato  una stima per difetto; mancano infatti coloro che, pur riconosciuti danneggiati, non sono stati indennizzati perch le relative istanze sono state presentate in modo intempestivo. link"
1,"user ma che cosa dice?! user non è un novax! non diffonda fake news!"
1,"vaccino oxford, entro l'estate sapremo se funziona contro il covid link"
2,"come volevasi dimostrare... oplà!  la società farmaceutica americana ''moderna'' e' vicina al primo vaccino contro il coronavirus link"
2,"user “non avete alcuna scelta” ecco cosa dice bill #gates, a proposito del #vaccino per il #covid19 
link"
3,"user user user user i novax sono i servi scemi della medicina  privata. preferiscono che si sviluppino malattie da curare poi negli ospedali privati piuttosto che prevenire la cosa con vaccino gratuiti offerti dalla sanità pubblica. un misto di ignoranza e inettitudine clamorosa"
0,"user user ho firmato l’ordinanza per rendere obbligatoria la vaccinazione antinfluenzale per tutti i cittadini over 65. una grande operazione di tutela della salute pubblica

nicola zingaretti link"
1,"il canada avvia i test clinici del vaccino contro coronavirus - link link"
2,"user qto è l'obj
gates e rockefeller hanno investito su id2020, un microchip sottopelle per le vaccinazioni digitali. la crisi da coronavirus è perfetta per obbligarci a usare id2020. indosseremo il marchio della bestia.
link"
0,"qui stanno a parlare di finire questo campionato di #seriea .. quando poi non si rendono conto che potrebbe non partire neanche la prossima stagione. credo che la cosa sia chiara.. finché non ci sarà il vaccino nulla tornerà più come prima. spero di sbagliare."
1,"tutte le notizie sul  #coronavirus #covid19 in #italia e in #svizzera sono su salutedomani e saluteh24

#ticino #contagio #virus #infezione #vaccino #terapia link"
0,"user avrei detto cancro, al virus c'è la possibilità di trovare il vaccino almeno."
0,"#politica #16aprile
oggi si parla di: 
patuanelli sul mes: ""il no è definitivo""; sileri: ""vaccino? dovrà essere obbligatorio""; bellanova: ""regolarizziamo i migranti che ricevono offerte di lavoro""; salvini: ""convocato a catania per processo il 4 luglio""
link"
3,"chiss se c'era pure qualche no-vax. chiss.  link"
2,"lo studio che smentisce tutto ► ""vaccino inutile! covid virus banale che... link di user"
2,"studio della durata di 40 anni: scopre che in guinea-bissau un primo vaccino per il morbillo non proteggeva dal morbillo, ma riduceva di la mortalit infantile. nel 1989 #oms decide di cambiare vaccino, questo protegge dal morbillo, ma aumenta la mortalit link"
2,"come per il 2019 anche per il 2020 questo deve essere un monito. affinch non sia ""solo una questione di punturina""... link"
2,"user loro mica hanno i problemi della sanità italiana dovuta a tagli scellerati ...a causa dei quali a noi toccano gli arresti domiciliari e il vaccino non testato..."
1,"#moderna, chi finanzia la societ #usa che lavora al vaccino anti #coronavirus link di user"
2,"user ho la speranza che speranza schiatti visto le statistiche sui nuovi vaccini.
ma è troppo codardo per sottoporre se stesso al vaccino"
1,"user user avete trovato il vaccino? no, perché ci sarebbe una pandemia di un virus molto pericoloso e senza cura né vaccino"
0,"user eh, sarebbe bello. purtroppo prima che il vaccino diventi disponibile fanno in tempo a fare ammalare troppa gente"
1,"x dare avvio agli anticorpi di fare il proprio lavoro ...vaccino per il covid-19 sintetizzato a pomezia, verrà sperimentato in uk link"
3,"user che poi adesso fanno il delizioso esercizio retorico “i novax non sono contro i vaccini ma contro l’obbligo”.

c’è nessuno che “non è contro le cinture di sicurezza, ma contro l’obbligo delle cinture?” qui che ci vuole spiegare nel concreto la differenza?"
1,"user user user user user user non sono io che studio ad oxford, ma mio cognato che e'  mrc wimm leader al radcliffe department of medicine. al di la' di cio' e' stata la stessa oms a dichiarare che un vaccino non sara' distribuito prima di 12 mesi nella migliore delle ipotesi. burioni e' un megalomane, punto"
2,"#viruscinese   volano in borsa, marted 21 gennaio le azioni delle societ interessate al #vaccino.   le coincidenze non esistono.   cc user   link"
2,"user_it user_capitani user una mia amica informatrice farmaceutica e generalmente pro vax e molto allineata alla medicina ufficiale, non ha mai fatto vaccinare l'anziana madre contro l'influenza. ci sarà un motivo..."
1,"""alla fase 2 ci penseremo dopo""
bisognerebbe pensarci ora, proporre un piano, discutere alternative, assumerci responsabilità. 
che aspettiamo? contagi zero? morti zero? guariti&gt;contagi? il vaccino? 
procrastinare vale quanto una decisione sbagliata. link"
3,"forse sono io scollegata dal mondo ma ho come l'impressione che non appena uscirà il vaccino gran parte di quel 40% all'improvviso cambierà idea, non so ecco."
1,"user user_w user_tonii +++ il governo americano dichiara che il vaccino per il #coronavirus è già pronto e domani parte la sperimentazione clinica +++
link
user user user_grim user user user_masala user user user"
2,"noi con trump | dr. fauci conferma al congresso come il vaccino alimenta la pericolosità del coronavirus link"
1,"il coronavirus ha un nome: covid- 19. loms: «è una minaccia peggiore del terrorismo». vaccino pronto in 18 mesi -  #coronavirus #nome: #covid- #loms:  link"
1,"caos trump, chiede blocco del libro di bolton: poi lancia il vaccino link"
1,"il #coronavirus e la necessità della #sperimentazioneanimale.
#vaccino #covid19 
link di user"
3,"#gualtieri definisce l'intervista di bonomi (rilasciata l'indomani delle manifestazioni di fascisti e no vax) ""ingenerosa"". invece la parla più opportuna sarebbe stata ""pericolosa"". 
ecco un tema 'evaso' dal numero 1 di confindustria. #italia post #covidー19 link"
2,"ieri � morto il padre di una mia carissima amica. aveva 73 anni. gli era stato somministrato il vaccino antinfluenzale e da l� � iniziato un calvario: polmonite, problemi neurologici e di deambulazione, che lo hanno portato su una sedia a rotelle. #lastragesilenziosa"
2,"""ammalato di tumore all'orecchio, ex dipendente telecom vince la causa: ora usa solo auricolari con il filo""  in questo caso la consulenza medica del tribunale  corretta o, come nei casi di danni da vaccino, dobbiamo pensare che non siano degli esperti? link"
2,"user la cosa più bella è che, con tutti sti miglioni elargiti ""per beneficienza"", sto merdoso si fa dare dall'altro merdoso itagliano centinaia di miglioni per ""progettare il vaccino"" (quale di tutti, non si sa)... entrambi i merdosi devono andare davanti a un giudice, come minimo."
1,"inovio: il vaccino per il coronavirus finanziato da bill gates link"
3,"user ma non rompessero i coglioni e stessero a casa seduti. non bastano i vegani, i novax, i notav, mo' pure i runners..."
3,"il peggio del peggio 
#corrieredellasera: coronavirus, la nuova battaglia di burioni: «prima i no-vax, ora i no-mask».
link

tramite user"
2,"i dati ufficiali della regione sui danneggiati da vaccino in emilia romagna  link"
3,"user_angela user ricordatelo, quando uscirà il vaccino per il covid, dille che se lo fa aiuti i suoi figli a menarla"
2,"user � successo lo stesso un anno fa, ad una mia amica. l�ho scritto ma poi fui aggredita da chi vuol rimanere ceco. il vaccino antinfluenzale mortale."
0,"`ci vorranno 1-2 settimane per vedere scendere i casi. senza vaccino, non ci libereremo di covid-19` | l`huffpost link"
3,"""vado al mare, sono una deputata"": ex grillina no vax fermata sulla strada per ostia link  user user user arriva presto, va ricoverata. #peppegrillari #novax"
0,"desiderio n5- #polmonite: vaccino accessibile per tutti i bambini nel mondo.molti muoiono ancora per una malattia prevenibile. nel 2020 vorremmo vedere cancellate questa terribile ingiustizia. #spazioallecure link link"
0,"ma stiamo scherzando? per il vaccino contro l' influenza mandano pubblicit a gog sulla meningite che  mortale tutti zitti divulgate x favore user user_meluzzi user user user user user user_cupo user user link"
3,"fase 2, a trieste riapre il «bagno pedocin»: la spiaggia con il muro che divide uomini e donne
un muro che mi divida per sempre da #giletarancioni, #terrapiattisti, #novax, #populisti esiste?
se sì, ordino subito online...
link"
2,"user ma dai #ivaccinisonosicuri anzi sicurissimi. lo sanno tutti che uno shock anafilattico potrebbe succedere mangiando una pizza, ma mai e poi mai per reazione a un #vaccino. basterebbe mettere a confronto gli ingredienti per capirlo. link"
3,"user bene cominciare così, con il tuo ✴️augurio e speranza, questa domenica.
a tutti gli ignoranti allarmisti della prima ora (gli stessi che in precedenza erano antivax) e ai razzisti, auguriamo buona permanenza a casa"
3,"user user secondo me i novax sono da cercare fra chi non vaccina i figli... vedrai che gli over 65 non faranno storie, sia perché si ricordano quando ancora vi era la polio, sia perché sanno che se si aggravano ci lasciano le penne"
1,"user user chi ha riconosciuto la risposta adeguata? i 34k morti? la metà in lombardia? basta vantarsi! perchè il germania e francia hanno reagito meglio? 
un accordo per un vaccino che non esiste di cui non si sa nulla non le laverà la coscienza.
fuori i dati."
0,"user purtroppo c’è stata una sottovalutazione mostruosa......
speriamo che il vaccino sia trovato al più presto!!"
2,"user buonasera luca. perché tutti coloro che ti attaccano vorrebbero che il virus continuasse sine die con la stessa virulenza di marzo ? hanno qualche ritorno dall’eventuale vendita del vaccino ❓❓❓"
1,"coronavirus, meluzzi: 'porti chiusi altrimenti non c'è vaccino che tenga' link"
2,"user tu sarai il primo a fare il vaccino vero?
non vi crede più nessuno"
1,"australia vicina al vaccino - il nazionalista - quotidiano di libera informazione - link link"
3,"«coronavirus fasullo», denunciato il guru dei no vax stefano montanari - vicenzapiù link"
2,"siete contenti?
il vostro presidente del consiglio ha trovato il vaccino ed ha trovato anche i soldi..sveglia! a questi di noi non interessa niente!"
0,"user va bene. ricordati di ringraziare quelli che il vaccino, invece, se lo faranno iniettare per difendere anche te e i tuoi cari."
2,"user user lo fanno apposta perch quando il bambino  nel grembo non puoi vedere subito come sta dopo il vaccino. qui abbiamo a che fare con criminali immondi al livello dei peggiori della storia. link"
3,"attenti a questa troll sovranista e no-vax. diffonde notizie false ed attacca chi la contrasta. 
 (user): link"
1,"coronavirus: statunitense pfizer e tedesca biontech testano su umani vaccino sperimentale | agenzia nova link"
0,"user dopo il vaccino almeno per due anni dovremo tutti comprare italiano aiutare i lavoratori i piccoli negozi e fare le vacanze in italia"
0,"user mamma che paura sono veramente terrorizzato, è una strage senza fine, finiremo tutti in ospedale e metà della popolazione italiana morirà senza aver possibilità di essere curati. è una disgrazia enorme e dobbiamo tutti chiuderci in casa fino a quando non ci sarà un vaccino"
1,"coronavirus, in russia iniziate le sperimentazioni sul vaccino link"
1,"user user potrebbe mutare in meglio,in  meglio,ancora non si sa perché più di tanto non si conosce.l' unica conoscenza e soluzione ora è la protezione tra persone,cose.sta mutando le persone mentalmente ora.ecco perché ti dicevo finito tutto,vaccino o altro,ma non ora,ci sarà più umanità"
2,"questa omea' sui danni da  vaccino conferma che la nostra salute non e' assolutamente considerata come prioritaria. al primo posto il business dei colossi farmaceutici! link"
0,"user_riccio direi che dal 68 le cose sono cambiate. siamo più vecchi, più malandati e più numerosi. il virus poi è una sars. il fino a quando dipende da farmaci, vaccino, test diagnostici. non piace? prendetevela col virus"
0,"coronavirus video: vaccino, ci siamo! test sull`uomo già in settimana. ecco le parole dell`immunologo &amp;raquo; link link"
2,"lascienza vuole far passare un ""abominio"" come una cosa ""figa"".  il vaccino sotto pelle, che tiene traccia della storia vaccinale, non  solo una violenta violazione alla dignit umana, ma anche una pericolosa pratica medica, in quanto priva di test.  link"
1,"(vaccino coronavirus, il ministro speranza firma accordo per 400 milioni di dosi)  playhitmusic - link link"
1,"altro che fase 2, fase 3, lockdown e vaccino, il sindaco ha risposto alla vera domanda che angoscia i gaetani: “le luminarie? in questo momento non le farei. e poi perché no? può darsi pure che mi invento un modello di luminarie particolare, senza assembramenti”. user link"
0,"user se facciamo le cose bene no, ma di sicuro sarà un'estate particolare, comunque in qualche modo blindata,  ben diversa da quelle che abbiamo avuto finora e da quelle che avremo poi.
(sperando che per maggio 2021 un vaccino sia già disponibile)."
2,"user user user un vaccino che non funziona neanche sulle scimmie? 3 mesi di sperimentazioni quando in genere servono 10 anni? per un virus rna? ma di che stiamo parlando?"
0,"user user user speriamo nel vaccino anti covid a breve. obbligatorio. per tutti."
1,"user 4) vaccino in supposte da 500g"
2,"quando avete finito di erigervi a paladini della buona e giusta vaccinazione, vorrei sommessamente ricordarvi che il new dehli esiste. tanto, che ora ha deciso di uscire dalla toscana. non esiste vaccino, quindi immagino non ve ne importi. link"
2,"link un consigliere comunale di genova riesce a stoppare la asl, che voleva eseguire la vaccinazione contro il meningococco in una scuola. dopo la protesta dei genitori la vaccinazione verr eseguita, nonostante il luogo non sia idoneo ad un atto medico...????"
1,"#usa esenzione dai vaccini per i bambini ricchi  che ne pensano  user  user  user  #persapere link"
0,"se ci vuole un anno per il vaccino si inizia a contare da novembre dicembre 2019 o da febbraio marzo 2020 ?"
2,"user user_semenov user user_vitruviano user_g user__bru user user_data24 user user_arnese user user user user eh beh... è giusto! un vaccino già pronto e prodotto per fine anno? ma cosa ci vogliono iniettare? ma questi sono tutti matti."
2,"che il tuo vate si pronunci, o sommo vaccino, e ci liberi dalla tenebra...???? link"
2,"#vaccino per la varicella causa meningite per la riattivazione del virus in due ragazzi di 14 anni  pu lo stato obbligarmi a un trattamento sanitario che pu causare danni come questi? siamo sicuri che i medici spieghino gli effetti avversi prima?   link"
0,"user user ehsisi. la malattia si debella col vaccino."
1,"user ammettiamo che sia corretto: non abbiamo una diagnostica e non abbiamo una cura preventiva (vaccino). 
allora dovremmo potenziare con tutte le nostre forze il ssn! ma siamo a livello di 30 posti in più di t.i. in toscana, cioè nulla! 
è assurdo!"
3,"user user user user user fosse per i no vax ancora staremmo  a morire di vaiolo."
0,"user user quando discende la lega é sempre buon segno
un primo
ma la vera vittoria ci sarà quando troveranno il vaccino
avremo vinto tutti!
il resto si vedrà"
1,"user user chiedo cortesemente un opinione, un ipotesi, seppur difficile, di quando potremmo avere la possibilità di riavere una vita normale? è necessario l'arrivo del vaccino?"
0,"#coronavirus, #arcuri: ""l'emergenza finisce solo con il vaccino. #immuni scaricata da 2 milioni di utenti"" link"
0,"coronavirus elisa di francisca: “djokovic no vax? rabbrividisco. il vaccino salva vite” -  #coronavirus #elisa #francisca:  link"
1,"come si distribuiranno le dosi del vaccino anti coronavirus? -  #distribuiranno #vaccino #coronavirus? link"
3,"user_the_teacher user potrebbe dire anche lui la stessa cosa e non me ne può fregar di meno.
io sono io e posso rispondere per me.
non difendo burioni e non credo abbia bisogno di me.
ti stai comportando come un novax e ti faccio notare la cosa, perché mi aspetto tu sia in grado di capire e ragionare."
0,"coronavirus, in australia via alla sperimentazione del vaccino: “farà la differenza” link"
1,"user io mi immagino giggino e la taverna che si chiedono se “schadenfreude” sia un vaccino tedesco che si tiene in tasca fontana per tentare un golpe..."
1,"#""per il vaccino contro il coronavirus ci vorranno almeno sei mesi"" link"
1,"vaccino, test in italia in estate link"
2,"user anzi, ti dir� di pi�. fare una vaccinazione di massa con un vaccino costituito da un virus vivo attenuato in un momento di epidemia potrebbe addirittura acuirla."
0,"user a me sembra che nessuno si sia soffermato su ""questa estate"". é una critica a chi non vede l ora di tornare in un luogo chiuso pieno di gente quando sará proprio la prima cosa da evitare fino all arrivo del vaccino. non penso ce l' avesse con il charlie e con chi lo frequenta."
2,"le azioni della cinese #nanoviricidesinc guadagnano il 74% indovinate che producono? il vaccino sperimentale contro il #coronavirus !  ..........e antiamooooooo! ???????????????????????????????????????? link"
2,"il virologo tarro: “coronavirus, il vaccino non serve"". e attacca burioni link"
3,"...dove sono i #novax in questi giorni?"
0,"""la qualità dei dati è fondamentale [...].la mancanza di buoni dati può avere un impatto negativo a cascata sui processi decisionali, sulla definizione di politiche pubbliche efficaci e tempestive, sullo sviluppo di cure efficaci o persino di un vaccino."" link"
2,"user il vaccino per un virus rna è inutile, come quello influenzare basta cazzate."
0,"user_marco user ci sono procedimenti costosi è una cura per chi è malato nn sostituisce il vaccino
il plasma deve avere delle particolari caratteristiche numero di anticorpi ecc ecc
non tutti i guariti possono donarlo
altro discorso se riusciranno a riprodurlo in laboratorio
salvini sidevevergog"
0,"user user user fintanto che non si trova un vaccino o r0 va sotto 1, questa e' un'emergenza sanitaria di massimo livello. la gente non deve andare in panico, ma nemmeno perdere la propria attenzione 2/2"
2,"user_grillo caro beppe stai parlando di un bimbo danneggiato da vaccino? tu lo sapevi bene prima di venderti al patto della scienza di burioni..."
0,"#vaccino fate presto non c'è più tempo!"
1,"user user anche un semplicissimo herpes non ha vaccino ... è un virus...ci conviviamo"
0,"#zazzaroni: ""nessuno sa esattamente quando finirà, dovremo imparare a convivere con il virus, fin quando non si trova un vaccino. pensiamo alla gente che ha bisogno di lavorare"""
1,"user ti giuro che rula ha detto così.
che gli stati repubblicani americani sono no vax e contrari alla scienza.
e i poveri si ammalano.
giuro."
2,"per il covid serve una cura più che il vaccino. il virus non deve più spaventarci. per il prossimo autunno, a differenza di quanto si prospetta secondo l’oms e la comunità scientifica, saremo, in larghissima parte, naturalmente immunizzati. user link"
1,"+++#gravina: ""tutti invocano il blocco, lo faccia il #governo, ce lo imponga, io rispetterò sempre le regole. sento dire che dobbiamo aspettare il contagio 0 e il vaccino. in questo modo ci stanno dicendo che non potremo disputare neanche il campionato 2020/2021+++ #seriea"
1,"coronavirus, il vaccino-cerotto supera il primo test sui topi link"
2,"hai mai pensato di morire di ebola?  se una azienda produce un prodotto  perch quel bene deve essere venduto.  siamo sicuri che il mercato di riferimento di questo vaccino rimarr solo lafrica occidentale? link"
3,"user ma i no-vax sono ottusi e tendenzialmente sovversivi..."
2,"altra mamma. altra testimonianza. vaccino meningococco b. prognosi sindrome di kawasaki. era nel bugiardino come effetto avverso. i medici riconoscono il legame ma non lo mettono per iscritto. #vaccini link"
0,"per sviluppare un candidato vaccino #covid19 dobbiamo contare sulla forza e il supporto degli altri.

e proprio quando la distanza sociale ci mette di fronte a nuove sfide, condividiamo i nostri progressi per accelerare la corsa verso il #vaccino

#janssenatourbest #wewontrest link"
3,"user user user ma quale complotto mondiale? ma le hai viste le coperture? i dati, non le chiacchiere dei giornali. i no-vax sono un fenomeno esistente giusto sui media e gonfiatissimo cionondimeno è stato cavalcato per introdurre un nuovo concetto di libertà che per ora non fa paura. per ora..."
0,"user user_s l'importante è che bill gates o chiunque altro (tranne i cinesi) trovi una cura o un vaccino. allo ""stile di vita"", una volta finita l'emergenza, ci penserà ognuno di noi."
1,"la pandemia, onu e oms lanciano un'iniziativa mondiale per accelerare il vaccino link"
1,"user il vaccino antinfluenzale ha efficacia per circa il 50-60%. il motivo è che servono 6 mesi per produrlo, il che significa che ad ogni fine inverno un team all'oms si riunisce per tentare di prevedere quale sarà l'influenza della prossima stagione, in base ai dati statistici ed..."
2,"user user user user user_meluzzi user non esiste nessun vacccino killer...ogni vaccino ha delle controindicazioni
tuttavia i vaccini propriamente detti ovvero quelli a base di virus depotenziati hanno la stessa tipologia di tossicità del virus da cui originano, e in persone con risorse immunitarie inferiori possono.."
1,"coronavirus nel mondo, trump: ""vicini a un vaccino"". in brasile altro giorno nero: quasi 1.300 morti link"
2,"user user user user voi quanto siete affidabili ?

link link"
0,"user user user il vaccino protegge dal virus dell'influenza, ma non è che se sei vaccinato non ti possono venire forme para influenzali come raffreddore o altre infezioni respiratorie o intestinali. studia"
2,"user user__2008 user a convivere ...a distanza di 40 anni c'è tantissima gente che continua a contagiarsi e a morire (si parla di circa 40.000.000 di morti nel mondo) ..il vaccino,sempre dato per pronto, non è mai arrivato ..esistono delle cure ..ecco, pure col covid dovremmo imparare a conviverci"
2,"attenzione: alla scienzah della nostra salute non importa un fico secco! link"
0,"""bisogna convivere con il virus fin quando non si troverà un vaccino, per questo si dovranno utilizzare mascherine e guanti…"" beh a noi che portiamo gli occhiali da vista abbiamo un grandissimo problema !!!"
2,"conosciamo pi da vicino, chi ci potr vendere il vaccino e cura contro il coronavirus? case farmaceutiche, gli scandali delle lobby tra venditori e mazzette link di user"
0,"user user_chigi user non bisogna affrettare le cose, ma procedere per grado e con cura. la speranza la si dà mostrando il rallentamento dei contagi e dei morti, ma ciò non significa che già dalla prossima settimana possiamo sbloccare l’italia. non possiamo pretendere molto senza un vaccino sicuro."
2,"invalida per colpa del vaccino contro l'influenza.  il giornale parla di ""incredibile vicenda"".  l'incredibile vicenda  cos incredibile, che  accaduta gi a centinaia di persone. link"
2,"correva l'anno 2010, poi tutto caduto in oblio. chiss perch.  #vaccini link"
0,"user user user ebrei: ‘galilee reasearch istitute’ (migal) di israele ha annunciato di aver raggiunto “risultati scientifici” tali da poter “portare alla rapida creazione di un vaccino contro il coronavirus”.
alla meloni lo danno solo se va ad auschwitz...convinta!"
1,"#covid19; l’innovativo progetto di ricerca utilizza la tecnica della “reverse vaccinology 2.0” per isolare #anticorpi monoclonali umani da pazienti convalescenti o guariti, utili come cura, profilassi e per un futuro #vaccino link"
3,"i no vax non si arrenderanno mai link"
2,"link i danneggiati da vaccino esistono: 691 sono i soggetti riconosciuti e indennizzati dallo stato al 31 dicembre 2018, di cui 27 morti. nadia gatti, presidente del condav, ci fornisce i dati...buona lettura!"
2,"user questa è quella che dovrebbe fare il vaccino covid19 si vergogni ministro dei miei stivali link"
2,"user user user mi possono togliere la pensione, i diritti civili, e chissa' cos' altro, ma non mi vaccinero', nonostante tutto in questa valle di lacrime voglio starci ancora un po'. poi se mi obbligheranno con la forza, quelli che lo faranno non avranno piu' bisogno di un vaccino."
1,"coronavirus | boris johnson | “il vaccino potrebbe non arrivare mai” link"
0,"otto strategie per trovare il vaccino link"
2,"avete vaccinato le vs. ragazze? poi toccher anche ai ragazzi! vi obbligano facendovi credere che  giusto. questo  il risultato. link"
2,"user hanno paura di perdere gli affari del vaccino"
2,"fino a 48 ore fa trump se ne sbatteva altamente del #covid19 . oggi a seattle sono partiti i primi test per un vaccino sull’essere umano. gatta ci cova..."
1,"user è un vaccino messo a punto dal dottor giacomo gorni riminese, era da fazio domenica"
0,"user in cina sono rimasti ""blindati"" circa 2 mesi e ora con estrema cautela iniziano ad uscire...se non abbiamo un vaccino, la trafila e' questa, non ci sono alternative."
0,"user non so, ma credo che giugno potremo finalmente respirare. 
in ogni caso, penso che ci saranno misure precauzionali finché non avremo un vaccino."
1,"la germania ha introdotto lobbligo del vaccino contro il morbillo per gli studenti e i bambini degli asili nido link"
1,"giornata iniziata da 13 h e:
-user ha scoperto dopo giorni di studi che il vaccino sarà la soluzione contro il #covid19
-sito #inps in tilt per i soldi citofonare #lucianovangone
-odm dichiara inutilizzabili le mascherine della protezione civile
#andratuttobene"
0,"alzheimer e demenza, vaccino vicinissimo. il 2020 anno della svolta, test sui topi ok link user"
1,"virus cina, scienziati usa al lavoro per vaccino link link"
0,"user user user da casa mia a casa mia con la mia macchina? chi potrei mettere a rischio? e comunque secondo il suo ragionamento, fino al vaccino(un anno)nessuno dovrebbe mettere un piede fuori dalla propria abitazione?"
1,"volano in borsa le aziende farmaceutiche che stanno studiando il vaccino - link link"
0,"user__ci cerco di capirlo ma non posso immaginarlo... se si arriva così a giugno si. rischia di avere le carceri piene.. molta gente avrà bisogno di cibo e parecchi di ricoveri coatti.... purtroppo non c'è soluzione non si capisce quale sia il male minore....vaccino salvaci tu"
2,"user user non si può fare un vaccino per un virus che muta, che oggi è diverso da ieri, e da domani. volete iniettare una brodaglia ai poveretti che ci credono e che servirà solo a far riammalare con il prossimo virus influenzare che spaccerete per covid 20. 
siete  prevedibili."
3,"i #novax sono il cancro dell’umanitá.
persone fallite che vedono complotti anche nella cucina di casa loro. babbei"
2,"creare lepidemia, portare la popolazione allincubo malattia e annunciare la lieta novella: abemus vaccinum! ruba galline, ladri di vite umane, con quale coraggio iniettate farmaci ai vs simili? link"
0,"ricerca alzheimer: vaccino efficace nelle cavie. entro due anni sperimentazione umana link"
1,"antidiplomatico:coronavirus a cuba: in fase di test il vaccino che attiva il sistema immunitario innato link 68"
2,"#testimonianze salve a tutti sono la mamma di diego bimbo di 3 anni e mezzo affetto da autismo da quando il 10 ottobre 2017 all et� di 20 mesi feci fare il #vaccino #mpr (morbillo parotite rosolia)da li ebbe inizio tutto dopo 2 mesi il 24 dicembre 2017 si manifesta il"
0,"user user visto che belle la terapia intensiva io l ho vista per lungo tempo con mio padre e più di una sono simili nn centra l ospedale di cremona pregate che trovino un vaccino dio ascoltaci"
0,"user user_ozymandias perché i vaccini prevedono malattie note.

la quarantena è una dei modi per limitare il contagio in assenza di vaccino.

il vaccino permette di limitare il contagio senza limitare lo spostamento della gente.

non è difficile come concetto..."
1,"user sì ho letto anch'io. teoria sbagliata però: quel vaccino non viene fatto ai bambini italiani (anche perché funziona poco ed è in disuso)"
2,"morte da #vaccino. art. 5 convenzione di oviedo - un intervento nel campo della salute non pu essere effettuato se non dopo che la persona interessata abbia dato consenso libero e informato. usate i vostri diritti inalienabili. link"
1,"#coronavirus, policlinico milano: con modellazione cellulare piu' veloci verso vaccino link"
1,"deputata no-vax in direzione mare multa in arrivo | bassano link"
2,"per chi ancora non l'avesse capito.  l'obiettivo delle case farmaceutiche  quello di entrare nel mercato delle persone sane.  le persone sane sono tutti gli abitanti della terra, 7 miliardi di potenziali clienti, le persone malate solo una microscopica percentuale di essi. link"
2,"user ...ho letto un'intervista di un virologo di cui non ricordo il nome, che il vaccino antinfluenzale abbassa le difese immunitarie del 40%, perciò è più facile prendere il covid19, e non solo..."
1,"è più facile trovare il vaccino #covid19 che un acquirente per
#alitalia"
