2,"user ho la speranza che speranza schiatti visto le statistiche sui nuovi vaccini.
ma è troppo codardo per sottoporre se stesso al vaccino"
2,"user creato il virus trovato vaccino"
2,"creare lepidemia, portare la popolazione allincubo malattia e annunciare la lieta novella: abemus vaccinum! ruba galline, ladri di vite umane, con quale coraggio iniettate farmaci ai vs simili? link"
2,"user � successo lo stesso un anno fa, ad una mia amica. l�ho scritto ma poi fui aggredita da chi vuol rimanere ceco. il vaccino antinfluenzale mortale."
0,"`ci vorranno 1-2 settimane per vedere scendere i casi. senza vaccino, non ci libereremo di covid-19` | l`huffpost link"
2,"user 70 vaccini in ballo
olimpiadi del vaccino
se era cosi facile fare un vaccino per coronavirus e simili
il vaccino sars1 mers ebola dove sono
li provate prima su di voi eroici scienziati non vorrei mai che nella corsa frenetica sbagliaste qualcosa invece dei topi le cavie siamo noi"
2,"non serve aggiungere altro...
#vaccino #14aprile #covid19 link"
2,"non solo i danneggiati da #vaccino esistono, ma lo stato  reticente nel pagare e viene condannato anche per danno morale! link"
0,"user user user qualora fosse vero dovrebbero darci un vaccino(sempre se esiste), altrimenti dobbiamo comunque continuare a combatterlo come stiamo facendo. i processi avrebbero vita a sè stante"
0,"user user user io veramente non capisco: si era detto che alcuni ricercatori furono riusciti a isolare il virus per poterlo studiare, possibile che adesso viene fuori sto caos e non sappiamo se abbiamo un vaccino per porre rimedio"
0,"vaccino contro il covid-19 l'immunologo svizzero esce allo scopero: ""possibilità di successo"" link"
0,"user user user ebrei: ‘galilee reasearch istitute’ (migal) di israele ha annunciato di aver raggiunto “risultati scientifici” tali da poter “portare alla rapida creazione di un vaccino contro il coronavirus”.
alla meloni lo danno solo se va ad auschwitz...convinta!"
0,"user user visto che belle la terapia intensiva io l ho vista per lungo tempo con mio padre e più di una sono simili nn centra l ospedale di cremona pregate che trovino un vaccino dio ascoltaci"
2,"user_s_leotta gli immunodepressi si mettono una mascherina stop io sono allergica e non mi vaccino chiaro ? mi metto una mascherina per proteggerli e che se la mettano anche loro ."
2,"""l'industria della #vaccinazione"".
l'avventura continua. prima di esser partita!
link link"
1,"4 paesi ue formano un’alleanza per il vaccino: c’è anche l’italia link via user_italia"
2,"user sicuri?! leggete le statistiche ufficiali americane, aggiornate al 1* novembre 2019... link"
1,"user tantissimo tempo e sperimentazione in un mondo ideale.
nel mondo reale la definizione del “profilo di sicurezza” prevede uno studio clinico su 25 soggetti sani per tre mesi.

link"
1,"la germania nega la vendita esclusiva del brevetto per il vaccino covid-19 all�america, perch� l�azienda tedesca produttrice metter� a punto il vaccino ""per tutto il mondo e non per singoli paesi"".  cio� i tedeschi sono i buoni questa volta, how the tables have turned"
2,"user hanno paura di perdere gli affari del vaccino"
4,"user user user ma no, il morbillo non ha mortalità al 100%, è ovvio che ci siano un sacco di persone che hanno passato il morbillo e hanno sviluppato gli anticorpi. quindi se io ho già gli anticorpi il vaccino non lo faccio, come non prendo un farmaco per il mal di testa se non ho mal di testa"
0,"user user questo perché dipende dal vaccino. l'anno scorso ad esempio alcune regioni hanno comprato il vaccino trivalente che non dava sufficiente copertura. in sardegna avevamo il tetra che invece ha protetto."
2,"user_s quella del vaccino è una fake, un po' come i famosi lager in libiaaaaaaaaaaaaa"
1,"il canada avvia i test clinici del vaccino contro coronavirus - link link"
1,"coronavirus - financial times: ""in uk forse 41mila morti, più del doppio delle cifre ufficiali"". onu: ""rischio carestia di proporzioni bibliche"". primo ok per test del vaccino su un uomo in germania
link"
1,"user user anche un semplicissimo herpes non ha vaccino ... è un virus...ci conviviamo"
2,"user spero che il vaccino ti faccia male, matteo- e non ciarlare di politica: hai a cuore solo i tuoi interessi e quelli di pochi privilegiati-"
1,"ptv news 25.02.2020 - #covid19 gli usa alla ricerca del vaccino - pandora tv link"
0,"user la gente non capisce. non è solo questione di trovare un vaccino per *questo* virus. ne arriveranno altri in futuro e bisogna per forza progettare un sistema completo e integrato per gestire la pandemia."
2,"link altro giro, altra corsa...muore bimba di due anni e mezzo nel sonno! loro la chiamano morte in culla...io invece omicidio causato da vaccino esavalente..."
2,"#vaccini   ricordo che l'ex ministro della salute user, col cazzo che si  vaccinata in #gravidanza...  ora mettetevi ordinatamente in coda  pecoroneeeeee....  ????????  link link"
2,"user aleeee.... italiani....

altro vaccino però obbligatorio x tutti....

sopravviveremo...?

link"
0,"user va bene. ricordati di ringraziare quelli che il vaccino, invece, se lo faranno iniettare per difendere anche te e i tuoi cari."
2,"user avete rotto con sto vaccino"
0,"coronavirus, in australia via alla sperimentazione del vaccino: “farà la differenza” link"
0,"la soluzione alla pandemia covid – 19 che i governi, pare, condividono con le “organizzazioni deputate”, sembra essere quella del “vaccino”. link"
2,"user user la carta d'identit� � documento obbligatorio e di diritto: con o senza vaccino va pretesa, chiedendola nei comuni o nei tribunali. l'insistenza al vaccinismo di massa presagisce qualcosa di pi� tetro e oscuro: non riusciranno ad o"
1,"""focolai di poliomielite in africa causati da mutazione del ceppo nel vaccino"" link"
1,"user trovare una cura per guarire una volta infetti,  quale vantaggio porterebbe rispetto ad un vaccino?"
0,"user user user lo sono pure io....e so cosa vuol dire respirare male per infiammazione o allergeni, pulisco casa di continuo il vaccino antinfluenzale lo evito ma questo ben venga per me a 60 anni meglio non rischiare, se sono stati così male a 18 e 38
poi ognuno è libero di pensarla come vuole"
2,"vaccino influenzale = primo #vaccino interessato da procedimenti giudiziari negli stati uniti. e qui in italia lo consigliano alle donne in gravidanza!!!!!!!"
1,"x dare avvio agli anticorpi di fare il proprio lavoro ...vaccino per il covid-19 sintetizzato a pomezia, verrà sperimentato in uk link"
1,"prima mappa in scala atomica 3d del #coronavirus
link

i ricercatori dell'university of #texas at #austin e del national institutes of health hanno fatto un importante passo avanti verso lo sviluppo di un #vaccino per il nuovo... ( #ecplanet #edoardocapuano ) link"
2,"muore a 5 anni dopo richiamo vaccinale ma non  colpa del vaccino bens di un infezione batterica dicono . il richiamo fatto, secondo il calendario vaccinale  il dtpa, anti difterite, tetano e pertosse. tutte  tre sono infezioni batteriche. fate voi???? link"
2,"user user user user user giusto che venga impiegata e che venga ulteriormente approfondita magari con tecniche, già in studio, che permettano di produrre più sacche da un unico prelievo, quello che non è giusto è zittire tutto perchè il vaccino è l'unica cosa importante... sappiamo per chi..."
0,"farmaci senza frontiere - chi governa su #bigpharma e chi difenderà i paesi poveri nella corsa al vaccino? user dalla battaglia per gli antiretrovirali al #covid19 - intervista di user user user user - video - link link"
1,"user ammettiamo che sia corretto: non abbiamo una diagnostica e non abbiamo una cura preventiva (vaccino). 
allora dovremmo potenziare con tutte le nostre forze il ssn! ma siamo a livello di 30 posti in più di t.i. in toscana, cioè nulla! 
è assurdo!"
2,"..""special guest"":
villani""pediatra""che ci offre i termini del novo vaccino, prontissimo,anzi:è qua!
#popolobue ostaggio e psichicamente coinvolto nova sindrome #sindromelombardia® 
(l'uso hashtag è subordinato alla donazione spiccioli,in attesa buonipasto)link"
2,"il problema in lombardia e a bergamo e cremona  rase al suolo � proprio dovuto non al coronavirus di cui ne abbiamo tanti nel nostro organismo perch� sono virus influenzali ma � dovuto proprio al immunodepressione creata dalla vaccinazione a tappeto fatta precedentemente"
1,"volano in borsa le aziende farmaceutiche che stanno studiando il vaccino - link link"
2," user: e ti pareva che non si inventavano pure il vaccino per l'infarto... ormai qualsiasi stronzata sia emessa da lascienza � ass�"
1,"user #salvini dovevano dare il chinino a tutti 1 mese fa, link invece si attende un vaccino chissà quando."
2,"user user nessuno, io ho risposto che utilizzerei la mascherina.
si immagini invece quanta gente condannerebbe lei con l’ideologia “vaccino a tutti i costi” e con la sua cattiva informazione. 
ha sentito che ci sono già casi di recidività? ha sentito che il virus muta rapidamente?"
1,"bill gates chiamerà conte sul vaccino per il coronavirus link"
0,"in arrivo il vaccino contro il colesterolo  ""salveremo 30mila vite in 10 anni""  aspetto con ansia quello contro la caduta dei capelli! link"
1,"coronavirus, “guerra del vaccino”: la germania difende la sua ricerca dai miliardi offerti da trump #covid2019 #coronavirus #ricerca #vaccino link link"
2,"user fattelo tu il vaccino per un virus clinicamente sparito. io al massimo mi vaccino per sopportare gli ipocriti e incapaci come te. la costituzione tutela la libertà nessun obbligo al massimo una raccomandazione."
1,"user influenza ha il vaccino. scommettiamo che a fine anno in italia ci saranno più morti per l'influenza che per il corona virus?"
0,"coronavirus, il premier conte in senato: ‘mascherine e distanziamento sociale fino al vaccino’ link link"
0,"user user user gli antivirali tra l'altro, non sono sempre efficaci.

passi per questo coronavirus, ma facciamo un esempio stupido:

""epidemia di ebola. 80% di mortalità. effetti collaterali dell'ipotetico vaccino circa 1 su 100mila.""

ti vaccini o tenti la fortuna?"
2,"user se andare al ristorante vorrà dire entrare in una sala operatoria, forse sarà meglio che teniate chiuso . e basta dire che torneremo alla normalità solo dopo il vaccino. finitela con queste frasi del terrore.gli unici anormali siete voi , bill gates e grillo."
2,"ma i soldi per il vaccino non doveva metterceli bill gates?
ah, no, lui mica è scemo. non finanzia la ricerca, ma la produzione!
così, anche se il vaccino sarà inutile perché il virus è troppo mutevole tanto da ricolpire la stessa persona, lui  sa di certo cosa ci sarà dentro."
2,"user pensano che non sia sufficiente, perciò per chi resta in piedi, ci penserà il vaccino per il virus.."
1,"""dopo i novax, i notrax"" indovinate su quale testata giornalistica hanno coniato il neologismo notrax   appioppato  a chiunque abbia rilevatp  perplessità  sulla app immune."
0,"desidererei che si trovasse immediatamente un vaccino contro il coronavirus per due motivi . il primo perché salverebbe tante vite umane , il secondo per il piacere di vedere gli antivaccinisti implorare la vaccinazione in ginocchio sui ceci . link"
1,"conte: “allo studio piano per riaperture omogenee. mascherine e distanziamento fino al vaccino. la app…” link link"
1,"vaccino covid-19, speranza: “firmato contratto insieme a francia, germania e olanda"" link"
0,"alla vigilia del consiglio direttivo di user, lalleanza globale per i vaccini, chiediamo di bloccare fondo residuo di 262 milioni di $ destinato a user e user per il vaccino antipneumococcico e finanziare un nuovo vaccino low cost user user link"
2,"user user l’australia ha vaccinazioni obbligatorie vietnam e thailandia ha vaccinazioni consigliate . io sono contrario al vaccino covid . questo cercavo di far capire e non accetterò nessun tipo di imposizione ."
4,"user voglio vedere chi mi obbliga. io sono sempre stata pro vax, ma essere obbligata a fare una cosa che non voglio fare in democrazia, anche no. ma... siamo ancora in democrazia?"
2,"user user user user hanno secoli di esperienza. mica creano un virus antiuomo senza pensare prima al vaccino..."
1,"c' un fondo residuo per vaccino #pneumococco con cui si pu o finanziarne uno nuovo a un costo molto pi basso e accessibile a tutti oppure continuare a finanziare user user che non abbassano il prezzo e lo rendono poco accessibile. scelta facile se si pensa al bene di tutti link"
2,"user user vi siete venduti a bill per un vaccino che non serve perché ci sono altre medicine  o altri metodi economici."
0,"corsa per cure anti covid, obiettivo vaccino 2020. garattini: «oossibile produzione entro l`anno. da usa bene test su topi» - metropolisweb "
2,"user user user già mi fido poco di un solo parere medico (quindi ne ascolto più di uno) perché mai dovrei fidarmi di una che ha solo ma maturità classica?mistero della fede.
io ribadisco:incominciate a fare il vaccino voi, così poi potremmo discutere se si può o non si può fare.non siamo cavie"
2,"il ministero della salute condannato a risarcire il danno morale a una famiglia che nel2009 perse la figlia a seguito di unencefalite provocata da una vaccinazione e che non ha mai visto un  dellindennizzo stabilito dal tar nel2007.un ritardo di 12 anni da parte del ministero link"
2,"i danneggiati da vaccino sono troppi! ll dato riportato  una stima per difetto; mancano infatti coloro che, pur riconosciuti danneggiati, non sono stati indennizzati perch le relative istanze sono state presentate in modo intempestivo. link"
2,"user user una vaccinazione adesso sarebbe il colpo di grazia"
2,"user il bugiardino serve per capire da cosa è composto un vaccino, le schifezze che ci sono dentro, anche no grazie.
per quanto riguarda gli studi, i casi sono due: il vaccino viene fatto di corsa, quindi  breve sperimentazione o è già pronto da tempo.  comunque sia, qualcosa non va."
2,"quando sei bolsonaro, sei fascista! ma la truffa del vaccino è di sinistra!

 link"
4,"basta che non obbligano la vaccinazione..
io prediligo la strada per la  cura.. #dimartedi"
0,"user user no. allora 400 milioni è divisi in base a quanti soldi uno mette. l'oms in questo periodo devo dire che ha poca credibilità e il vaccino di oxford pomezia è quello più avanzato al mondo. a giorni devono pubblicare il testo delle analisi sul vaccino"
2,"#viruscinese   volano in borsa, marted 21 gennaio le azioni delle societ interessate al #vaccino.   le coincidenze non esistono.   cc user   link"
2,"si comincia a dire che magari i bambini soffrono di altre patologie ,per carit pu succedere ,ma te ne accerti prima di fare il vaccino non dopo con l'autopsia...e facile dopo le varie scuse ...dovresti pagare i danni  link"
1,"user user chi ha riconosciuto la risposta adeguata? i 34k morti? la metà in lombardia? basta vantarsi! perchè il germania e francia hanno reagito meglio? 
un accordo per un vaccino che non esiste di cui non si sa nulla non le laverà la coscienza.
fuori i dati."
4,"user user persone qualificate, molto più di speranza
hanno già detto che non si può fare un vaccino
1° - non puoi fare un vaccino su una malattia che
        non dà immunità es. morbillo rosolia ecc.
2° - il covid19 ha la particolarità di essere un
       virus che cambia, può mutare"
2,"morti in culla dopo il vaccino infanrix hexa. on. catalano: ""la lorenzin ancora non ha risposto alla mia interrogazione"" - link via user"
2,"user user_i l'ultimo pezzo dell'articolo avvalora la tesi della dottoressa americana che ha denunciato tutto,il vaccino serve a sviluppare una risposta immunitaria cosi potente che al contatto col virus selvaggio uccide chi lo ha ricevuto,se lo ammettono loro  immaginate cosa nascondono! link"
0,"#vaccino fate presto non c'è più tempo!"
0,"user user user i no-vax invocano il vaccino x il #coronavirus"
1,"user user user io non sono affatto un no vax. mi sa che hai capito niente"
0,"entusiasmo su ripartenza e vaccino trascina leuropa. piazza affari +326% -  #entusiasmo #ripartenza #vaccino  link"
0,"la fondazione di bill e melinda gates è pronta a finanziare la produzione del vaccino!

#billgates #melindagates #vaccino #coronavirus #27aprile #radio105 
link"
2,"user e' in corso un'operazione antropologica per mutare la natura umana, con vaccino, ma anche senza. questi hanno messo tutto il loro peso su un piatto, con i cinesi complici. i russi tacciono, da prede consapevoli."
2,"user_porta user user non mi fido: e se mettono un veleno nel vaccino per eliminare i pensionati e i pensionandi? preferisco la cicuta."
0,"vaccino e covid-19: cosa sappiamo 
una visione narrativa di cosa sta succedendo
f. marchetti, c. guiducci 
medico e bambino 2020;39(5):297-299 
link
(ad accesso… link"
0,"user user invece andare avanti senza vaccino è diverso. spiegami?"
0,"vista cos�, quando si dir� di vaccinarsi perch� c'� stato un morto di morbillo, quando qualcuno dir� ""ma � morto con il morbillo non per il morbillo"" nessuno dovr� chiamarlo ""folle antivaccinista"". giusto? perch� il ragionamento (stupido) � lo stesso."
4,"user a sentire quelli bravi il vaccino non serve a niente! muta molto velocemente. speriamo si sbaglino! 
comunque un’altro vaccino! cosa ci inietteranno di bello?"
4,"user_firenze user tutto assurdo ma voi vaccino senza nessun problema? parlo da vaccinista convinto che ha sottoposto i figli a tutte le vaccinazioni nei tempi stabiliti. questo, se arriva, è stato fatto in tutta fretta. così sbagliato almeno porre il problema?"
0,"vaccino covid-19 sanofi link"
2,"user user per indurre a spese illimitate alla sanità imponendo il vaccino obbligatorio alla popolazione gratis sfruttando una misura tipo il mes sanitario. e uala!  fondazione gates,clinton, big farma  e poche altre con trilioni di dollari e euro a gogo"
0,"user io e te siamo più furbi appena esce ci si fa il vaccino
^  ^"
1,"il tentativo del tycoon per l'acquisto in esclusiva del futuro vaccino contro il coronavirus link"
1,"tramonta l’idea di rendere obbligatorio il vaccino contro l’influenza. si attende il decreto link"
2,"avviso vaccino antinfluenzale 2018-19. come il mercurio causa processi neurodegenerativi cerebrali link"
2,"user anche se il titolo è fuorviante... link"
1,"antidiplomatico:negli usa testato sull'uomo il primo vaccino contro il coronavirus link 96"
0,"user user quando discende la lega é sempre buon segno
un primo
ma la vera vittoria ci sarà quando troveranno il vaccino
avremo vinto tutti!
il resto si vedrà"
2,"spettacolo!al corso preparto invitano i genitori a vaccinarsi contro la pertosse, in modo che il neonato non rischi di prendere la malattia prima di poter effettuare lui stesso il vaccino. quindi, dopo essermi bucato, non lo dovrei far uscire di casa?  chiedo a user link"
0,"coronavirus: alla ricerca del vaccino, gli scienziati in lotta contro il tempo link"
2,"coronavirus, vaccino moderna: speculazione e conflitto di interesse? - link"
2,"user ma dai #ivaccinisonosicuri anzi sicurissimi. lo sanno tutti che uno shock anafilattico potrebbe succedere mangiando una pizza, ma mai e poi mai per reazione a un #vaccino. basterebbe mettere a confronto gli ingredienti per capirlo. link"
1,"vaccino coronavirus, primi test sull`uomo in gran bretagna, partner azienda di pomezia. ai volontari 700 euro link"
1,"user ma sbaglio o il vaccino è previsto per ottobre?"
0,"il #diritttoallascienza ed ai suoi benefici quale #nuovodirittouniversale .
allla faccia dei novax ! link"
2,"se 10 100 1000 genitori affermano tutti la stessa cosa: il mio bimbo era sano fino a quel giorno maledetto del #vaccino mpr, perch voi medici/scienziati non prendete nemmeno in considerazione il nesso autismo/vaccino? lunica risposta  paura o corruzione. link"
0,"l’annuncio del comitato tecnico-scientifico: “vaccino per coronavirus pronto in tempi record” #11aprile link"
0,"user_p6 user_m_1960 una vera riapertura si avrà solo con il vaccino e ci saranno due anni in cui dovremmo progettare un modello di vita in sicurezza, con attenzione ai nuovi focolai e cercando di sopravvivere economicamente. organizzare tutto questo è il vero problema."
2," user: ecco una storia interessante. gavi, la creatura dei gates che prende quattrini dai contribuenti per dare vaccini ai pae�"
2,"quando la stampa poteva ancora informare sui danni da #vaccino link"
1,"la canzone �un poco di zucchero� � ispirata al vaccino contro la poliomelite. la figlia di robert sherman aveva ricevuto il vaccino e lui chiese se avesse fatto male, ma lei rispose �no, mi hanno dato solo una zolletta di zucchero e l'ho ingoiata�. #marypoppins"
1,"user user eh ma voglion mettere il plexiglass nelle aule... a settembre... tutte aulee ben areate poi... tutti banchi singoli poi...
zingaretti che dice che il vaccino va prodotto in italia.

in mano a scellerati"
1,"la pandemia, onu e oms lanciano un'iniziativa mondiale per accelerare il vaccino link"
1,"è più facile trovare il vaccino #covid19 che un acquirente per
#alitalia"
2,"2.300.000.000 di persone obese 3.000.000 di morti per alcol allanno 700.000 morti per infezioni da batteri resistenti   ma un pensiero per il #morbillo e il #vaccino c sempre. quante dosi devono ancora smaltire le case farmaceutiche?  link"
2,"user no #app 
#novax 
vaccini i suoi figli 
demone 
infame 
maledetto! !!!karma 
cecità 
dissenso 
merda 
venduto"
1,"coronavirus, al via i test sull’uomo per il vaccino finanziato da bill gates. chiamato ino-4800, è sperimentato su 40 volontari link di user"
0,"e se l'app di tracciamento #immuni ti desse la priorita' nel ricevere le cure/vaccino, la installeresti? 
nota: priorita' rispetto ad una persona che ha il tuo quadro clinico. la priorita' e' data dal fatto che si sa come ti sei comportato."
0,"stanno temporeggiando tutti,aspettando che qualcuno nel mondo finalmente dica : abbiamo il #vaccino"
0,"la cattiva informazione che viene fatta sui social a proposito dei vaccini  pericolosa ????impegnarsi tutti per contribuire alla corretta informazione???? vaccino contro il papilloma virus sicuro, efficace e gratuito link"
0,"coronavirus, listituto migal disraele: siamo vicini al vaccino link link"
0,"user user_daniele user se il plasma funziona, non c'é nessun motivo perché il vaccino non possa dare immunità contro  virus. e poi, il plasma é una cura mentre il vaccino evita che ti venga la malattia. meglio prevenire che curare, no?"
2,"user facciamo che con questa premessa, i virologi si ficcano loro in vena il vaccino. io voglio crepare di covid
link"
2,"perch� non dite che a brescia e #bergamo hanno vaccinato a tappeto la popolazione per la meningite a fine gennaio,devastandogli il sistema immunitario,come accade ai bimbi che hanno la febbre per giorni dopo il vaccino,e poi si ammalano? #dimartedi #covid19"
2,"user user_farmaci user da quanto tempo annunciano di aver trovato il vaccino miracoloso per l'ebola?"
2,"zingaretti nella sua sicumera di odontotecnico li vuole obbligatori ma sembrerebbe che:

link"
2,"user user lo fanno apposta perch quando il bambino  nel grembo non puoi vedere subito come sta dopo il vaccino. qui abbiamo a che fare con criminali immondi al livello dei peggiori della storia. link"
0,"9. andr� tutto bene, passer� tutto in giro di qualche mese, andando sempre pi� a scemare. magari domani trovano una cura mirata! magari tra una settimana abbiamo il vaccino! non � come l'ebola, non � come la peste, non � un morbo incurabile. +"
1,"coronavirus, il vaccino è un cerotto link via user"
1,"coronavirus: coletto, l'università di perugia ha competenze per vaccino link di user"
1,"insieme al vaccino, a un bambino verrebbe iniettato un po 'di colorante invisibile ad occhio nudo ma facilmente visibile con uno speciale filtro per telefono cellulare user user user user_gibilisco user  link"
4,"bambino colpito da meningite b, era vaccinato per il meningococco b e c.  il vaccino non ha dato copertura alla malattia.  perch esporsi a gravi rischi collaterali se il vaccino non protegge? link"
2,"ops !!!  ma come la scienza , i vaccini super sicuri...  chissà quante balle ci hanno raccontato lorenzin e company. chi aveva dubbi era un terrapiattista vero?   link"
0,"user user se non ci sarà vaccino un guaio"
0,"user ipotesi per assurdo:""0 casi,0 morti,liberi tutti,torna la normalità""
tutti a festeggiare:tra di noi ci sarà l'ultimo asintomatico inconsapevole che infetta tutti e ripartiamo da capo. la normalità tornerà al 100% quando ci sarà il vaccino"
1,"il giornale pi� amato dai servizi tedeschi scrive che trump vorrebbe �rubare�  ai tedeschi il vaccino. e tutti i giornali italiani riportano che � vero!. a proposito di rubare: la germania cominci a restituire i soldi della guerra a polonia, grecia, ebrei ecc"
1,"australia vicina al vaccino - il nazionalista - quotidiano di libera informazione - link link"
1,"user_maggiore si si! ma pure se hai un negozio tuo, fra i documenti devi avere il certificato del vaccino."
1,"user user avete trovato il vaccino? no, perché ci sarebbe una pandemia di un virus molto pericoloso e senza cura né vaccino"
1,"cos’è il vaccino anti pneumococco? a cosa serve e quando farlo? composizione e modalità di ...rischi, controindicazioni e risultati.
il vaccino anti pneumococco è il vaccino che serve a prevenire le infezioni da streptococcus pneumoniae (o pneumococco). link"
4,"user dicono che non sanno se il virus dà immunità e per quanto tempo, forse un mese, forse due, forse di più. che senso avrebbe fare un vaccino che forse non vaccina? per fare poi richiami periodici? sembra una forzatura, no?"
1,"accordo italia-usa per vaccino orale, alleate kiromic e molipharma   link"
2,"fa il richiamo vaccinale contro tre infezioni batteriche. muore a causa di un infezione batterica dopo aver fatto il vaccino.  colpa dell'infezione batterica spuntata dal nulla. come morire pugnalato,  colpa del coltello, ovvio ???? link"
1,"#coronavirus, negli #usa oltre 35 mila casi #vaccino russo pronto in 11 mesi  #ansa #23marzo #covid19 link"
2,"""perch ho bisogno di uno studio medico? se l'80% dei genitori di bambini con autismo regressivo nella mia pratica afferma che il loro bambino ha reagito dopo il vaccino mmr, perch ho bisogno di uno studio medico?"" dr. douglas hulstedt link"
2,"nella prima foto campagna pagata da big pharma per 200 casi allanno su tutta la popolazione italiana, nella seconda i dati delle reazioni avverse al #vaccino mprv : 400 reazioni avverse ogni 1.000 dosi (di cui 40 gravi)   veniteci a parlare di rischio beneficio  #libertadiscelta link"
2,"nessuno ha mai trovato un vaccino per l hiv     diamo.soldi a palate a ricercatori ma mai visto vaccini"
2,"se il problema era il guadagno del vaccino lo pagavo a parte. invece il problema è noi siamo le cavie per vedere se va bene (rsa), tale scelta è dei nostri proprietari. dal '34 sottraggono forzatamente i ns risparmi con crisi crak terremoti ecc. e lo stesso i governanti."
2,"vaccino covid-19, sindacato dei militari: no a sperimentazioni su forze dell'ordine o personale sanitario militare. no a nuove morti bianche link via user"
2,"le indagini condotte hanno evidenziato una chiara negligenza del personale sanitario: le infermiere  mescolarono al vaccino un miorilassante, un farmaco che rilassa i tutti i muscoli dellorganismo, anzich della semplice soluzione fisiologica. link link"
2,"user perché secondo lei un vaccino per un virus debellato da cure che hanno dato ottimi risultati (plasma e ozono), è una cosa che turba l'ordine pubblico? io mi preoccuperei di più della salute messa a repentaglio da un vaccino che più che inutile può rivelarsi dannoso..."
1,"link la ministra interviene sulla polemica scatenata dai governatori della lega (una volta non strizzavano tutti l'occhio ai no vax?) #coronavirus"
4,"user user se trovano il vaccino per il cov-19 , non sarà buono per il cov-21 quando arriverà sarà mutato"
0,"user siamo qui a fare un vaccino, come per tutti i vaccini ti chiedono di stare 20 minuti ad aspettare eventuali effetti collaterali. lei vuole scappare perché non ci sta in questo posto tutti insieme (10 persone tutte minute di mascherina in un corridoio lungo)."
2,"user non sono no vax ma non farò il vaccino"
1,"teniamo conto i due vaccini al momento in sperimentazione clinica, sono nella fase 1 (la fase clinica è composta da 3 fasi).

nel caso di moderna therapeutics, ad esempio, solo questa prima fase dovrebbe terminare a giugno 2021.

10/19

link"
1,"non è l'attesa del vaccino
essa stessa il #vaccino ? link"
1,"bimbo con #meningite, era vaccinato. dall'asl hanno reso noto che il bambino (colpito dalla meningite b) era vaccinato sia per il meningoccocco di tipo b che c. via alla profilassi link"
4,"user user user sono d'accordo con lei, i vaccini pero' richiedono molto piu' tempo per la sperimentazione e si parla di anni, sinceramente quando ci sara' un vaccino sicuro per il covid non vedo perche' non farlo
dati i precedenti in india con i suoi vaccini contro il polio non mi fido di gates"
1,"creato un vaccino-cerotto contro il #coronavirus: bene i primi test sui topi. la university of pittsburgh school of medicine anticipa: il vaccino potrebbe entrare già entro un mese nei test clinici di fase i su individui.
#covid19 #covid19italia"
0,"user se così fosse non sarebbe sconosciuto ma ci sarebbe un virus base in laboratorio da cui fare subito un vaccino conoscendone la struttura."
1,"""si è aperto anche un conflitto sul vaccino. è evidente che impadronirsi del vaccino prima degli altri è un vantaggio competitivo. a questo scandalo si dovrebbe reagire.""

massimo d'alema a #ctcf
#stiamoancoraattenti link"
1,"il paradosso degli scienziati di oxford: per mettere a punto il vaccino abbiamo bisogno di nuovi contagiati link"
1,"vaccino anti-covid, in aprile via ai test sull'uomo link"
2,"in francia una petizione contro il famigerato vaccino #gardasil, che il ministro della sanit buzyn vuole estendere obbligatoriamente a tutti gli adolescenti, maschi e femmine link"
4,"user user perchè è un discorso completamente diverso? si tratta pur sempre di un virus che è soggetto a mutazioni, pertanto nessun vaccino potrà garantire un'immunizzazione permanente"
1,"justin ha donato oltre 3milioni di dollari per trovare un vaccino per il coronavirus, ha amici nell'industria kpop e si sta tenendo in contatto con loro per ricevere notizie in tempo reale. mi sembra strano che hailey bieber sia così mal informata, in ogni caso state esagerando"
0,"oggi ho avuto il piacere di intervenire ad una iniziativa di fondazione mondo digitale e msd italia sull'importanza della corretta comunicazione scientifica e sanitaria, con un focus sulla prevenzione vaccinale. #salutelazio #lovemyjob #vaccini #vax #novax link"
0,"user buona festa di liberazione a tutti! speriamo arrivi pure un vaccino in questo giorno, così ci liberiamo pure del ""cornutovirus""!"
2,"link sentenza storica: il consiglio di stato condanna il ministero della salute a risarcire per ritardo del pagamento dell'indennizzo dovuto ad una ragazza danneggiata da vaccino, morta dopo atroci sofferenze all'et di 32 anni #vaccini #giustizia"
2,"user_it sua santità, se vuole che ci facciamo il vaccino, basta che lo dica apertamente, senza tutti questi giri di parole... tanto s'è capito da che parte ha scelto di stare!"
1,"coronavirus, al via da domani in inghilterra la sperimentazione del vaccino sull'uomo link di user"
1,"coronavirus: il furetto e' il candidato migliore per il vaccino - animali - link link"
0,"user_aie non è così. puoi fare i test a manetta anche a chi parte. con politiche solide internazionali.
è come in lombardia, i focolai lavorativi sono un casino infinito. e molto più difficili da tracciare.
il virus non sparisce prima del vaccino."
1,"user user_dicks hanno smentito eccome: non solo è caduta la *certezza* che fosse così, ma è venuto anche fuori che (nel caso spefcifico) non si trattava propriamente di asintomatici. alla luce di quella rettifica, l'affermazione di burioni diventa priva di senso -&gt; come quella del novax medio. link"
0,"ima, vacchi: «le macchine del gruppo per le dosi iniettabili del futuro vaccino» link"
2,"user più fanno scena più il prezzo del vaccino aumenta. i governi speculano su queste situazioni e poni dicono a noi di non farlo."
0,"user ce la faremo perché stiamo facendo enormi sacrifici per farcela
ce la faremo perché arriverà un vaccino
facciamo da soli"
2,"#vaccini se ne sono accorti anche in kenya. pi casi di polio causati dal vaccino che dal virus. da the nation di oggi. user link"
1,"user_cersei user fedriga ha detto solo tre giorni fa che dal coronavirus se ne esce solo vaccino, non scherzo, ha detto così. ieri abbiamo avuto 24 nuovi casi su una popolazione di un milione duecento mila."
2,"""il grossissimo problema è che qualsiasi nuovo vaccino contro il #coronavirus potrebbe innescare reazioni immunitarie letali quando le persone vaccinate entreranno in contatto con il virus selvaggio!""

ma che problema c'è? facciamo subito la sperimentazione umana.

#covid19"
4,"user porteremo le mascherine fino al vaccino! siete contenti? e il vaccino lo fareste?"
2,"che il tuo vate si pronunci, o sommo vaccino, e ci liberi dalla tenebra...???? link"
2,"user continueranno a dire così finché non avranno un vaccino. questa è il loro scopo"
1,"user è un vaccino messo a punto dal dottor giacomo gorni riminese, era da fazio domenica"
0,"alcuni scienziati temono che non si troverà un vaccino contro il coronavirus, e dovremo convivere con la minaccia del covid-19 link"
0,"user bisogna avere il coraggio di trovare una strategia sociale ed economica per stare tutti a casa fino al vaccino senza dire cazzate e prendere tempo. nella mia regione ci sono stati più di tremila morti non penso che la gente è cogliona sa che mostro è ma vuole risposte economiche"
0,"user user user fintanto che non si trova un vaccino o r0 va sotto 1, questa e' un'emergenza sanitaria di massimo livello. la gente non deve andare in panico, ma nemmeno perdere la propria attenzione 2/2"
2,"#ebola il vaccino  pronto ed  certificato efficace al 100%.  ora ci manca solo che si scateni un'epidemia in #europa.  scommettiamo che succeder a breve?  link"
2,"user user con i soldi nostri! c'è la cura, la mallatia non dà l immunità, il vaccino non serve! date i soldi alle imprese e alla gente! prima del vaccino andrete in galera voi!"
2,"considerando ke ogni vaccino contiene la quantita' di mercurio,alluminio e formaldeide 100 volte massima consentita,fare il calcolo.lo stesso vale per  i vaccini obbligatori per i bambini.da qui l'autismo,asma,malattie immunitarie e neurodegenerative in seguito.informatevi prima! link"
2,"user user azzus...
che sfiga... non ci voleva... 
io l ultimo vaccino l ho preso 30 anni fa porca vacca... sono pulito dentro... vogliono inquinarmi..ci sarà un modo di evitarlo..."
1,"user una pippata di #amuchina potrebbe essere il vaccino per il #codvid19?
#propagandalive 
#amuchinalive"
2,"#dovesonofinitiisivax  appello a tutti i #buriones  ok  il vostro momento, fatevi avanti. ????  un istituto di ricerca di seattle sar il primo nel paese a ospitare studi clinici per testare il vaccino contro il coronavirus su 45 persone. link"
1,"coronavirus, creata la mappa atomica in 3d utile per il vaccino link"
2,"i medici di famiglia studiano anni per cosa? lo stipendio sicuramente. a bimbi piccoli il nurofen? nessuna dubbio sulla reazione avversa da #vaccino? anzich curarli contribuiscono a renderli malati cronici link"
1,"il ceo di pfizer: `il vaccino per il covid-19 può arrivare entro ottobre` - link link"
2,"user user_cersei user no, c’é roba più grossa in ballo. sparirá magicamente con il vaccino obbligatorio annuale del signorino bill"
2,"altra mamma. altra testimonianza. vaccino meningococco b. prognosi sindrome di kawasaki. era nel bugiardino come effetto avverso. i medici riconoscono il legame ma non lo mettono per iscritto. #vaccini link"
2,"a proposito di ebola, i produttori del vaccino avranno l'immunit sui loro prodotti.  almeno in america, per il momento.  praticamente produrre vaccini  il business perfetto. non corri nessun pericolo se il tuo prodotto uccide chi ne fa uso (persone sane) link"
0,"user user ho firmato l’ordinanza per rendere obbligatoria la vaccinazione antinfluenzale per tutti i cittadini over 65. una grande operazione di tutela della salute pubblica

nicola zingaretti link"
1,"primo studio sull’uomo del vaccino covid-19. link"
0,"user user user sul vaccino non posso che essere favorevole... è il modo più efficace per prevenire una malattia. le cure sono utili, ovviamente, ma in una macchina sono più importanti i freni [prevenzione, vaccino] dell'airbag [cura]. insieme fanno un sistema perfetto."
0,"user finché non ci sarà un vaccino o comunque una cura efficace dubito torneremo alla normalità tanto presto"
2,"danneggiati da vaccino..........!!!!!!!!!!!!!!!!!!!!!!!!!! risarcimenti ai danneggiati da vaccino, ora lo stato pagher di pi  il blog di gioia locati link"
2,"link abbiamo parlato spesso della correlazione tra morte in culla e vaccino esavalente. riporto a tal proposito un interessante articolo del 2014, dove si rilevava la necessit di uno studio in merito...a tale data era ancora concesso avere dubbi!"
1,"user user scusa franco, ho visto il video. il pirbright institute ha un brevetto per un coronavirus indebolito che serve come vaccino per pollame. non è in grado di infettare l'uomo."
0,"user quindi mi stai dicendo che tu avresti una soluzione per affrontare questo periodo di emergenza mondiale senza vaccino e senza una cura specifica?!?"
0,"da #oxford arriva l’annuncio che il #vaccino per il #coronavirus potrebbe essere disponibile già da #settembre
link"
0,"#italiani tranquilli gli #americani vi salveranno #coronavirus e #vaccino , azienda #usa annuncia sperimentazione entro #aprile #italia #covid19italia - il sole 24 ore link"
0,"user non metterò mai più piede lì finché non troveranno un vaccino ..... questo ‘piano’ è un suicidio organizzato di massa ‘’ preparatevi a perdere i vostri cari ‘’ ma sti cazzi"
2,"""morte in culla signori...ditelo a tutti""  mah.... veramente la seconda autopsia incrimina il vaccino!  ""ah s?"".... ????????????????????  vi auguro di morire malissimo  link"
0,"user_argiola la situazione credo sia di non ritorno: quanto si può durare?! 1,2 ,3 mesi, non so la cosa qui è link vuole un vaccino e poi bloccare la cina con il suo schifo"
1,"user user who e unicef  controllano i programmi di immunizzazione in moltissimi paesi per epatite, polio, rosolia ecc.  link     link"
1,"user sì ho letto anch'io. teoria sbagliata però: quel vaccino non viene fatto ai bambini italiani (anche perché funziona poco ed è in disuso)"
2,"il #vaccino unico modo per curare il #covid_19!
ecco a chi ha messo in mano la nostra #salute user: ⬇️
truffe, molestie sessuali, ricerche falsificate e danno ai sistemi sanitari pubblici: ecco chi fornirà il vaccino (obbligatorio) anti-covid  link"
0,"user la parola chiave è ""sospendere"". non sappiamo i tempi: smetterà da sola, sarà necessario attendere produzione vaccino e vaccinazione di massa o che? alla fine qui siamo in ballo da due settimane scarse. ora giusto stare spostati sul lato ""non vita"" (o vita con prudenza). poi boh."
2,"e poi mandare in produzione un vaccino su cui non si è manco sicuri/non si sono fatte le giuste sperimentazioni implicherebbe un suicidio lo sapete sì?"
2,"a moe!  condannati bambini perfetti,  sani e innocenti,  discriminati a vita,  perseguitati come i sioux,  braccati da cani avidi e alla catena. che i vermi vi mangino vivi! link"
2,"i dati ufficiali della regione sui danneggiati da vaccino in emilia romagna  link"
2,"coronavirus, professor de donno: “#plasma unico farmaco, è molto più potente di un vaccino”. 
link"
2,"user user user user_ansa tu fai due conti di quanti sono i malati e quanti i sani obbligati al vaccino. poi conta i richiami obbligatori. infini spiegami come convenga vendere 8euro di tachipirina x 5000 malati di morbillo"
2,"il bimbo di 3 mesi  morto per meningite...  una strana coincidenza se si considera che la scorsa settimana il bambino era stato sottoposto al vaccino proprio della #meningite #brindisi #vaccini link"
2,"vahttp://www.altadauniaaltosalento.it/showthread.php?11835-vaccino-esavalente-ecco-il-documento-%93riservato%94-glaxo-che-cita-l%92autismo&amp;p=18393#post18393ccino esavalente, ecco il documento riservato glaxo che cita lautismo link"
2,"user user fattelo tu il vaccino e vergognati di vendere il.tuo paese e i nostri figli"
2,"user non so a nome di  chi parla.  io un vaccino continuo a non farlo. lo lascio ai sapienti come  lei."
2,"porca miseria, almeno un dubbio, uno vi deve venire! anch'io sono cresciuta pensando al miracolo #vaccino, anch'io non mi sono mai posta domande o avuto dubbi prima della legge #lorenzin, adesso per sono fermamente convinta di quanto ci hanno preso per i culo. link"
0,"in occasione dei suoi 20 anni di attivit, chiediamo user, lalleanza globale per i vaccini, un maggiore impegno affinch 55 milioni di bambini abbiano accesso al #vaccino anti-pneumococcico ora che finalmente  disponibile una versione pi economica.    link"
2,"per chi ancora non l'avesse capito.  l'obiettivo delle case farmaceutiche  quello di entrare nel mercato delle persone sane.  le persone sane sono tutti gli abitanti della terra, 7 miliardi di potenziali clienti, le persone malate solo una microscopica percentuale di essi. link"
0,"user user user_bordin user user user user_s user user user_mussati user ormai è chiaro che il virus esiste ed è di poco più aggressivo di una influenza. il problema è che fino a quando non si svilupperanno gli anticorpi o si troverà un vaccino, ci saranno contagi. gli sciacalli sfruttano la salute dei cittadini per fini elettorali. #cazzaroverde"
2,"se sono sicuri,perch chiedere l'immunit?  fatevi una #domanda    s da un'epidemia hanno solo da guadagnare e nulla da perdere ,cosa succeder? link"
1,"coronavirus: almeno un anno per un vaccino pronto link"
1,"user user user user sig.ra lorenzin per il vaccino se tutto va bene serviranno più del doppio dei mesi che lei ha pronosticato, infatti proprio stasera si parlava di almeno diciotto mesi.e poi con tutta sincerità penso che non sia il momento delle polemiche. ma ora si devono prendere decisioni forti"
0,"user user_s l'importante è che bill gates o chiunque altro (tranne i cinesi) trovi una cura o un vaccino. allo ""stile di vita"", una volta finita l'emergenza, ci penserà ognuno di noi."
2,"user user user user voi quanto siete affidabili ?

link link"
0,"di maio: ""posso dire anche una cosa, e questo vale per tutti, non solo per l'italia: noi potremo tornare alla normalità quando avremo scoperto il vaccino. per scoprire il vaccino abbiamo bisogno di una grande alleanza internazionale sul vaccino"""
1,"user appunto parlo di comunicazione fatta a cazzo... parlassero si sperimentazione, di risultati positivi per gli agenti...parlano di vaccino come fosse sprite, poi la gente pensa che è pronto il vaccino....aricome cazzo si fa?!"
0,"user che è come dire : chi ha attuato meglio il lockdown continui fino al vaccino."
0,"user user user user user link è  consapevoli  di quello che si decide. sinceramente  spero che trovino sto vaccino. io non posso  tenere  in casa i miei genitori  e mio zio xché  c'è  gente che se ne frega della loro salute.  io ho due  diabetici in casa"
0,"user_pecchia user bisogna leggere cosa scrive l'oms ed anche l'imperial college di londra. la pandemia non sarà  di breve durata, potrebbe durare anni, fino a che sia disponibile un vaccino in quantità  adeguate, con periodi di rallentamento e ricadute successive. 
#coronavirus"
0,"user user user il vaccino protegge dal virus dell'influenza, ma non è che se sei vaccinato non ti possono venire forme para influenzali come raffreddore o altre infezioni respiratorie o intestinali. studia"
1,"trump vuole il vaccino per il coronavirus in esclusiva per gli usa, l’ira della germania: “sarà per tutto il mondo” #16marzo link"
1,"user speriamo solo quando troviamo il vaccino europeo, l'italia non lo vende in cina. l'italia ha venduto l'intero paese alla cina, il che causerà un problema all'intera ue."
1,"@_libellula70 una regola chiara sul distanziamento è l’unica salvezza. insieme ad una cura. se aspetti il vaccino resti a casa due anni. a nessuno piace la realtà, ma dovremo convivere col virus."
2,"user io sono contro questo vaccino, in particolare. il vaccino viene fatto con le stesse cellule del virus, il covid-19 è un misto tra la cellula del pipistrello e quella del topo. farmi iniettare questo schifo mi fa orrore. bisogna ribellarsi a questo vaccino."
2,"user_cersei user user io neanche solo che ci chipperanno anche con il programma id2020 e dovrai dimostrare di aver fatto il vaccino se vuoi andare da qualche parte.. #immuni è solo l’inizio per abituarci..la rana bolle lenta in pentola"
1,"coronavirus: vaccino anti covid-19, è una ragazza la prima persona italiana a testarlo. ecco dove e come link #meteo via user"
0,"user_gufo purtroppo penso che non sia così facile, se non si trova una cura efficace, e, al più presto il vaccino passeremo dei brutti periodi."
0,"invece di investire i soldi nella ricerca di un vaccino si spendono per verificare se il virus ci sta tra i coglioni. ora, non so se il covid sta proprio lì ma questo spreco di denaro di sicuro mi sta sopra i #testicoli"
2,"conosciamo pi da vicino, chi ci potr vendere il vaccino e cura contro il coronavirus? case farmaceutiche, gli scandali delle lobby tra venditori e mazzette link di user"
1,"#iorestoacasa ma ricordo il brindisi di #speranza dopo il referendum e #dimaio con i #novax ed i #giletgialli. il #coronavirus non cancella la memoria."
2,"user_ansa chiss� perch� il #vaccino ce lo propinano sempre a noi italiani , i #migranti arrivano con tutte le pestilenze possibili mai sentito un urgenza di vaccinazione per loro...in effetti siamo noi da eliminare..."
2,"user user squalene è adiuvante che potenzia il vaccino ma essendo squalene già nel nostro corpo pare che faccia per cosi dire impazzire il sistema immunitario...provocando malattie autoimmuni...a l7ngo termine. i vaccini infatti con squalene sono raccomandati agli over 65"
2,"pronostichiamo un allarme ebola in tutto il pianeta.  bisogner fare presto.  se non paghi la licenza ti becchi il virus. link"
2,"come per il 2019 anche per il 2020 questo deve essere un monito. affinch non sia ""solo una questione di punturina""... link"
1,"#usa esenzione dai vaccini per i bambini ricchi  che ne pensano  user  user  user  #persapere link"
0,"user user user_ composta da cellule t e cellule b specifiche per quel microorganismo. le cellule b produco gli anticorpi che permettono di renderci immuni. chi si vaccino non potrà mai essere contagioso perché per essere contagiosi bisogna avere il virus cosa che se ti"
2,"user user user user user fattelo tu il finto vaccino."
2,"user lei saprebbe spiegarmi perché sono arrivati 30 mila soldati americani in europa senza nessun timore o precauzione?? che per caso hanno il vaccino o questo virus di fatto non è così pericoloso come dice lei? chiedo a lei perché è un esperto"
0,"un mese con il #vaccino sperimentale anti #covid19. la volontaria: 'sto molto bene'. la volontaria è la dottoressa groppelli, virologa del st george's hospital di londra. link via user"
0,"ricerca alzheimer: vaccino efficace nelle cavie. entro due anni sperimentazione umana link"
0,"vaccino coronavirus | azienda italiana | “abbiamo un prototipo efficace” link"
2,"user tu sarai il primo a fare il vaccino vero?
non vi crede più nessuno"
2,"noi con trump | dr. fauci conferma al congresso come il vaccino alimenta la pericolosità del coronavirus link"
1,"#coronavirus, 
l'infettivologo pierluigi viale in diretta a #mattino5: 
""la malattia ha due fasi""
ma quali sono le novità sui farmaci e per il vaccino? link"
1,"quel piano europeo anti virus: ""immunizzazione di gregge"" link"
0,"virus sparito? come lo vede e quando? perché non ha ricordato il vaccino? è forse contrario?"
1,"user user user user @_branzo_ user_oc quindi secondo lei notrack == novax?

perché se si cala un po' il livello del dibattito"
2,"user user_s ecco il vaccino contro il covid 19 e a cosa servirà e perchè 
c' è di mezzo sempre lo psicopatico di bill gates.
link"
