1,"giuseppi, aspetta disposizioni dalla oms, per introdurre il vaccino obbligatorio, esortato da gates, si rivolge alla commissione eu per decidere a quali strumenti di prestito finanziario ricorrere e aspetta ordini dal fmi e dai crucchi,  per le misure di bilancio da predisporre. link"
1,"coronavirus, di maio “consenso per proposta italiana su vaccino” link link"
2,"altra mamma. altra testimonianza. vaccino meningococco b. prognosi sindrome di kawasaki. era nel bugiardino come effetto avverso. i medici riconoscono il legame ma non lo mettono per iscritto. #vaccini link"
2,"user user user un vaccino che non funziona neanche sulle scimmie? 3 mesi di sperimentazioni quando in genere servono 10 anni? per un virus rna? ma di che stiamo parlando?"
0,"user user user user user link è  consapevoli  di quello che si decide. sinceramente  spero che trovino sto vaccino. io non posso  tenere  in casa i miei genitori  e mio zio xché  c'è  gente che se ne frega della loro salute.  io ho due  diabetici in casa"
1,"coronavirus, farmindustria: ""un giorno per produrre farmaco, per vaccino mesi"" link"
0,"user user se permetti io continuo ad essere prudente e ad aspettare il vaccino, la prospettiva di ammalarmi e di essere forse salvato in extremis se forse qualcuno dona un plasma forse che va bene, forse sicuro, forse che lo danno a me e non ad altri... mi appassiona poco..."
0,"user ma si figuri! l' unica speranza è un vaccino.. questi non ne vogliono sentir parlare di chiudere alcunché.. cmq, ho scoperto che lei è l' unica.. fino ad ora.. bocconiana di cui condivido ciò che scrive, dico l' ""unica"" perché con bifarini ci ho litigato, e mi ha bloccato.."
2,"lâindustria della vaccinazione, storia e contro storia - pietro ratto #byoblu24 link 31"
0,"sono ricoverata in ospedale con altre tre signore di 46,65,71 anni 
sono tre giorni che sono qui e sono già piena dei loro discorsi a sostegno del patriarcato e pensavo che avessero raggiunto il limite, invece no oggi si rivelano pure no-vax link"
2,"il vaccino di gates modifica il dna: scienziati ed esperti di etica danno l’allarme     
link    

link"
0,"coronavirus, listituto migal disraele: siamo vicini al vaccino - la stampa link"
0,"non vedo l'ora di spararmi un vaccino nuovo di pacca."
0,"user user 4/5 - i contagiati sintomatici o gli asintomatici positivi o  negativi dovrebbero sottostare ad isolamento,secondo il modello attuale fino a graduale immunizzazione naturale (o vaccinale)o a estinzione del virus."
1,"coronavirus, il vaccino è un cerotto link via user"
2,"user fattevelo voi il vaccino. la cura c'è perché innietare veleni?"
2,"user oltre alla mascherina ci vogliono imporre anche il bavaglio, mi sembra si stia esagerando, non vorrei che dopo i camici cominciassero con le camice di forza a chi rifiuta il vaccino e l'appalto di esse dato ai cugini di primo letto e alle fidanzatine"
0,"user_hopppe1 user corretto e giusto. chi si oppone al progresso sono gli stessi che bruciavano i telai e che prima hanno invocato che i vaccini fanno diventare spastici, e che ora trepidano per il vaccino anticovid"
2,"a tutti quelli in file per farsi il vaccino della #meningite:  lo sapete che il vaccino copre solo pochi ceppi?  lo sapete che il vaccino non pu dare immunit istantanea?  ????questo potrebbe farvi scoppiare la meninge.  lo sapete che fra gli effetti collaterali c' la meningite? link"
1,"coronavirus, qual è il vaccino annunciato dal ministro speranza che potrebbe arrivare a fine anno link"
1,"#coronavirus, il presidente irbm di pomezia: «il #vaccino? già inviate a oxford centinaia di dosi per i test» link user"
0,"user è il sospetto di molti! c’è anche il fattore invidia ovvero che un non accademico abbia messo a punto una cura telativamente semplice ma soprattutto efficace. certo che servirà il vaccino ma nel frattempo per non far morire i pazienti la terapia al plasma funziona!!!!!!!!"
1,"deputata no-vax in direzione mare multa in arrivo | bassano link"
0,"user lo sappiamo tutti che non sara facile e le nostre abitudini cambieranno radicalmente. almeno fino al vaccino..."
0,"grande articolo del washington post - fatto davvero bene - che spiega come si diffonde un virus. 
per tutti quelli che dicevano che il numero dei contagi “deve” fermarsi. purtroppo non si ferma. solo vaccino o tutti contagiati lo fermano. 

link"
1,"#coronavirus, negli usa il primo #vaccino testato sull'uomo. somministrato ad un volontario di seattle, per validarlo ci vorr almeno un anno #emergenzacovid19 #ansa link"
0,"user user user_cauc user in un mondo parallelo dove avrei lo scettro del comando, manderei tutti i novax su un’isola con tutti i confort tranne che le medicine, ne uscirebbero solo con un super sistema immunitario o tutti malati"
2,"user mia madre, 85 anni, consigliata dal medico e caldeggiata da mio fratello, ha voluto sottoporsi al vaccino antinfluenzale. ora ha avuto un netto aggravamento delle sue condizioni, con gravi difficolt� di deambulazione, problemi neurologici"
2,"altro caso di fallimento del #vaccino . epidemia di pertosse, scuola chiusa nonostante il 100% di copertura.  intanto anche oggi migliaia di bambini sani sono fuori da #scuola in italia per la legge lorenzin che nessun partito ha il coraggio di abrogare   link"
0,"user user sono d'accordo con lei.
se avessero potuto parlarci, tutti quei morti ... ci avrebbero detto: non pensate ai soldi adesso. occorrono soldi per la ricerca anche del vaccino e per quanto mi riguarda spero si possa ottenere presto."
1,"user user non mi interessano i vaccini. sto solo dicendo che qui si sta ammalando anche chi non ha mai visto un vaccino in vita sua"
0,"user_biagetti user la soluzione c’è sempre stata.
soppressione dell’epidemia.
adottata da sempre.
caccia agli infetti, rinchiuderli nei lazzaretti, se peggiorano in ospedali dedicati.
testare, rintracciare, testare, isolare, quarantenare, curare.
fino alla scomparsa del patogeno o al vaccino."
2,"user user mi chiedo: ma questo lo sapevamo fin dal primo giorno quindi perché hanno chiuso tutte le attività produttive? oppure pensano di tenerle chiuse fino a che non esce fuori da qualche cassetto il vaccino che sono certo esista da prima dell’epidemia."
0,"user user visto che belle la terapia intensiva io l ho vista per lungo tempo con mio padre e più di una sono simili nn centra l ospedale di cremona pregate che trovino un vaccino dio ascoltaci"
2,"i #vaccini non sono associati alla sclerosi multipla e non provocano ricadute. falso! la sclerosi multipla pu essere causata da #vaccino difettoso.  qui la sentenza: corte di giustizia europea - sez. ii - causa c-621-15, 21-6-2017 link"
2,"user user cominciai a postarlo su #twitter dai primi di marzo.. #vaccino #covid_19 #lombardia link"
1,"coronavirus, la corsa al vaccino: 118 candidati, 10 in sperimentazione clinica link"
2,"tg: la fase 2 inizierà tra 1 mese,
""gli esperti"": fase 2 lunga 8 mesi.
giusto il tempo per fare il vaccino,
bill cancelli dice: far circolare solo i vaccinati, e tracciarli, investe in chip e vaccini, mah... saranno solo seghe mentali, mi dicono che #andratuttobene, #covidー19"
1,"#coronavirus 
ma l'avrò fatta la vaccinazione ?? link"
0,"user user_ozymandias perché i vaccini prevedono malattie note.

la quarantena è una dei modi per limitare il contagio in assenza di vaccino.

il vaccino permette di limitare il contagio senza limitare lo spostamento della gente.

non è difficile come concetto..."
1,"user trovare una cura per guarire una volta infetti,  quale vantaggio porterebbe rispetto ad un vaccino?"
2,"user user_coli oms? quella pagata da l’uomo più ricco del mondo? quella? quell’uomo che vuole a tutti i costi fare il vaccino? ma non si chiamano conflitti di interessi questi? aaa comunque il re #conte ha preso pieni poteri e noi siamo in dittatura"
1,"antidiplomatico:negli usa testato sull'uomo il primo vaccino contro il coronavirus link 96"
1,"la stampa: una società farmaceutica usa: vicini al vaccino, pronti a fare i test sull’uomo.
link

tramite user"
2,"#vaccini. qualche domanda? link"
2,"user certo glielo ordina gates... sssss parla piano... devono dare il vaccino... quel pirla di conte gli ha dato anche 170 ml €..."
1,"la virologa ilaria capua: 'se questo virus si comporter come il raffreddore non servir un vaccino' link"
2,"user_2016 user si il vaccino potrebbe essere una scelta ... ma dovresti poi fare i conti con la malattia... se ti va male vai in ospedale in terapia intensiva !mettiamo il caso che ti va bene , guarisci ma ciò non ti immunizza... potresti riprenderlo .... allora .... è tua la scelta"
1,"mentre il #governo #conte #renzi #zingaretti #dimaio #m5s non contiene il #coronavirus, #netanyahu e #israele produrranno il #vaccino, hanno gi un test rapido e monitorano gli infetti col #mossad e se sgarrano galera seria.   link"
2,"mia nonna era medico e manco x 1 cavolo, si sarebbe   sottoposta al vaccino antinfluenzale! + invecchiava, e + era contraria. link"
2,"luogocomune:dove sono finiti i novax? tranquilli, sono tutti qui, a guardarvi sprofondare nel ridicolo   link 97"
1,"user ti giuro che rula ha detto così.
che gli stati repubblicani americani sono no vax e contrari alla scienza.
e i poveri si ammalano.
giuro."
2,"attenzione: alla scienzah della nostra salute non importa un fico secco! link"
0,"per user  una delle migliori scoperte del 2015. e ora manna dal cielo per milioni di persone in africa centrale e occidentale #vaccini #ebola link"
0,"user user user user user user user user_starnini diventerà certa quando sarà pronto il vaccino"
1,"covid 19, il vaccino in autunno: la sfida sui tempi tra case farmaceutiche link"
0,"e lo potete scrivere, contro tutto e tutti, che i no vax torneranno a farsi sentire, sono solo in letargo, nemesi medica"
2,"user user user user user user lei per delucidarci ci ha postato video di fazio. chissa perche tralascia, cosi come lo tralascia burioni, l'elevata mutabilita dei coronavirus che rende pressoche inutile la vaccinazione. gia adesso ve ne sono decine di ceppi.

tralascio affermazioni risibili su farmaci e plasma"
2,"user user se combatterete per la vera chiesa cattolica contro l’impostura luterana massonica di bergoglio in accordo con il piano massonico della falsa pandemia covid-19, come pretesto per codificarvi con il falso vaccino vincerete perché cristo sarà con voi! link link"
0,"siamo solo delle piadine

#coronavirus #vaccino link"
0,"user_maurizio hai ragione. restiamo chiusi fino al vaccino. sigillati in casa. così non risalirà mai più. tu hai una partita iva per caso?"
0,"dobbiamo pregare per dei farmaci efficaci,in attesa del vaccino #dimartedi"
2,"user hanno paura di perdere gli affari del vaccino"
2,"quando la stampa poteva ancora informare sui danni da #vaccino link"
0,"user user user io veramente non capisco: si era detto che alcuni ricercatori furono riusciti a isolare il virus per poterlo studiare, possibile che adesso viene fuori sto caos e non sappiamo se abbiamo un vaccino per porre rimedio"
1,"prima mappa in scala atomica 3d del #coronavirus
link

i ricercatori dell'university of #texas at #austin e del national institutes of health hanno fatto un importante passo avanti verso lo sviluppo di un #vaccino per il nuovo... ( #ecplanet #edoardocapuano ) link"
1,"#america first. #coronavirus, pronta la prima fiala del vaccino: così ""uccide""  #covid19. a #seattle iniziano le sperimentazioni su 45 volontari del prototipo di un vaccino. ma prima di poter arrivare a un vaccino efficace e sicuro serviranno 12-18 mesi (g.) link"
1,"trump «compra»  in germania il brevetto di un vaccino: un miliardo di dollari (in esclusiva per gli usa) link"
0,"user purtroppo c’è stata una sottovalutazione mostruosa......
speriamo che il vaccino sia trovato al più presto!!"
2,"si buttino i quattrini con i vaccini (che importa! sono soldi dei contribuenti) e si continui a non implementare la gia' scarsa offerta sanitaria! questa, purtroppo, la situazione. grazie ai nostri politici ... corrotti? link"
1,"user mentre oms stronca l’ipotesi della disponibilità di un vaccino per il 2020."
2,"trump cerca di accapparrarsi il vaccino anti covid19. quindi vuol dire che cel hanno gia! il virus evidentemente è da laboratorio!"
1,"nel #vaccino antinfluenzale quest'anno c' anche un po' di lattice per arginare il noto virus roccosiffredus. [_c.colombo] link"
2,"#dovesonofinitiisivax  appello a tutti i #buriones  ok  il vostro momento, fatevi avanti. ????  un istituto di ricerca di seattle sar il primo nel paese a ospitare studi clinici per testare il vaccino contro il coronavirus su 45 persone. link"
2,"user user azzus...
che sfiga... non ci voleva... 
io l ultimo vaccino l ho preso 30 anni fa porca vacca... sono pulito dentro... vogliono inquinarmi..ci sarà un modo di evitarlo..."
2,"user purtroppo potrebbe essere.
il cerchio si chiude: dalla via della seta all'... autostrada del #vaccino link link"
0,"coronavirus, ecco come si sta cercando il vaccino: ``l`iniziativa in termini di portata e velocità è davvero senza precedenti nella storia`` - il dolomiti link"
0,"coronavirus, giovanni rezza (iss): “vaccino? alcuni sono molto avanti. ho fiducia che virus non muterà del tutto” link"
0,"user chi vive insieme, suppongo nn debba più farlo e dunque giovani fuori di casa ;)
poi lui dice che quando il 60-70% avrà preso la malattia, questa sarà ""over"". boh!
vabbè magari nel frattempo uscirà il vaccino..."
2,"post vaccino: disturbi di apprendimento, epilessia. i medici sapevano ma non dissero nulla alla madre. a voi giudicare. #vaccini link"
2," user: user una mia collega si � ammalata un il giorno dopo il vaccino antinfluenzale. 15 giorni di pesante malessere�"
2,"user non possono user il tempo che stanno prendendo è per valutare in base ai milioni e milioni di euro che ci sono in ballo su a chi avrà diritto al brevetto per poi farci vaccinare obbligatoriamente tutti tra l’altro vaccinare da una cosa che non avrà mai un vaccino"
2,"coronavirus, i telegiornali i primi sciacalli subito dopo i venditori del vaccino che a breve lo tireranno fuori"
2,"user user user user i vaccini non c'entrano nulla con lo stato di emergenza perché arriveranno circa fra 1 anno. e poi se permette se lei vuole farsi il vaccino io non glielo impedisco. così se io voglio innalzare le mie difese immunitarie e non aver bisogno del vaccino lei non può impedirmelo."
0,"coronavirus, rixi (lega), ""giusto mantenere chiusura totale: serve pianificazione su stili di vita e attività economiche fino a vaccino"" link link"
2,"aveva appena fatto il vaccino anti influenzale  fonte certa link"
2,"coronavirus, professor de donno: “#plasma unico farmaco, è molto più potente di un vaccino”. 
link"
0,"c' un virus stronzo di cui si parla poco, forse perch si contrae per via sessuale: si chiama hpv e in alcuni ceppi pi stronzi porta forme precancerose al collo dell'utero. ma c' un vaccino: ora gratuito per le bimbe, poi speriamo anche per chi non ha l'utero #nessunodimeno ?? link"
2,"user user in questo recente studio publicato su ""nature"" si evidenziano i rischi di un vaccino anti-covid sviluppato con fretta e senza un'adeguata sperimentazione. buona lettura sig. ministro.
link"
1,"user quindi stiamo a casa per altri 6/7 mesi? non c’é vaccino non c’é niente. per evitare il contagio di ritorno possiamo fare così, chiedo eh. l’esercito..."
0,"user nei commenti un'intera platea di fasci, bandierinati e no vax. merda a perdita d'occhio."
1,"user user user user user user a basso costo e libera? che cazzo vuol dire? prelievi e trattamenti del siero chi li fa? babbo natale? vuoi obbligare le persone a cavarsi litri di sangue per ""curare"" gente che continua ad ammalarsi perché, appunto, non c'è ancora un vaccino?"
0,"user in cina sono rimasti ""blindati"" circa 2 mesi e ora con estrema cautela iniziano ad uscire...se non abbiamo un vaccino, la trafila e' questa, non ci sono alternative."
1,"#allespertochiedo a che punto siamo con un eventuale vaccino? grazie"
1,"stati uniti e cina alleati contro il coronavirus? finora la risposta al virus globale è stata poco globale. gli usa non possono aiutare gli altri nell'emergenza, come fa la cina, ma sono avanti nella corsa geopolitica al vaccino. e se collaborassero? link"
2,"user user user user user user user_01 user penso che il vaccino di speranza, sia una bufala, per un vero vaccino bisognerà attendere almeno 9 mesi, quando si avranno i risultati della sperimentazione. se lo faccia speranza il vaccino di gates e soci"
1,"user user user il vaccino esiste, dovevi dire che non è disponibile essendo in sperimentazione"
2,"user manco morta farò un vaccino"
1,"coronavirus, negli usa al via test sull'uomo per un vaccino. ue offre 80 mln a curevac, possibili test da giugno [aggiornamento delle 20:53] link"
0,"user non temo per me ma per chi non può difendersi. non c'è l'effetto gregge a tutelare gli immunodepressi perché troppo pochi hanno sviluppato gli anticorpi e non c'è vaccino."
2,"a distanza di un anno la nonna di samuel scrive : hanno constatato dopo la seconda autopsia, richiesta da me perch� se no tutto sarebbe finito con la morte in culla, che il mio adorato nipotino � mancato per colpa di quel maledettissimo vaccino"" .  non serve altro: solo silenzio"
0,"63 morti per morbillo. quasi tutti bambini. grazie, antivaccinisti, il vostro ""principio di precauzione"" sta avendo un successone. link"
1,"covid-19: parte negli usa sperimentazione #vaccino a mrna | #ecm link"
0,"doveva arrivare il coronavirus per far sparire in un solo colpo, no-vax, terrapiattisti, laureati all�universit� della strada e il m5s che a roma prende il 4,4% alle suppletive.  come si dice da queste parti, �caro c�� costato�.   roma rinsavisce. ??"
2,"user user sono mesi che medici seri dicono che il vaccino non serve perché non funzionerebbe!

però mass media e politici continuano a dire che lo aspettano!
posso immaginare perché."
1,"coronavirus, ""vaccino tra un anno, ci sarà vera e propria lotta"" link"
2,"coronavirus,il ministro speranza:“firmato accordo per 400 milioni di dosi del candidato vaccino di oxford pomezia”.
user 
un vaccino,per il momento quasi virtuale perchè non c'è un riscontro di una sperimentazione di massa.c'è il rischio di ottenere l'effettocontrario"
0,"influenza, vaccino raccomandato e gratis per bimbi e over 60. ministero: «anticipare a ottobre» - il link link"
0,"user user io se un giorno ipotetico si potrà avere il vaccino per covid19. .. ed io che non posso vaccinarmi perché immunodepresso, se so chi me lo attacca perche gira con sintomi, giuro che possa avere ora un infarto, lo strangolo con le mie mani nude... lo reputo un mio diritto civile."
0,"user non metterò mai più piede lì finché non troveranno un vaccino ..... questo ‘piano’ è un suicidio organizzato di massa ‘’ preparatevi a perdere i vostri cari ‘’ ma sti cazzi"
0,"user_snickers da pessimista posso dire
""adesso i nobofreevax, vorranno fare i covid party, così da avere l'immunità, ed evitare anche un possibile vaccino basato su questi anticorpi?"""
2,"morti in culla dopo il vaccino infanrix hexa. on. catalano: ""la lorenzin ancora non ha risposto alla mia interrogazione"" - link via user"
2,"user siamo stati benissimo con i loro negozi chiusi. credo che la vera pandemia la vedremo con il vaccino!!!"
0,"user user user user se ha un caso ne discutiamo, alla agenzia del farmaco non risultano casi, bisogna dimostrare che l'insorgenza della patologia è correlata con il vaccino, dimostrato solo con il vecchio vaccino antipolio opv #sabin  un caso su 750000"
2,"decessi covid 6 gg fa:
ita(10023 spa(5690 fra(2314 uk(1019 nl(639 ger(389 bel(353 sve(102 por(100 aut(68 dan(65 irl(36 gre(32 rom(29 nor(20 lux(18 pol(18 ung(13 cec(11 fin(9 slo(9 bul(7 lit(7 cro(5 cipr(5 isl(2 est(1
non c'è una certa relazione con il vaccino antinfluenzale?: link"
1,"non dite cazzate!!!!coronavirus, die welt: ""trump cerca di corrompere azienda tedesca per avere il vaccino"". ma società farmaceutica smentisce - il fatto quotidiano link"
0,"user user sulla non pericolosità del vaccino si è espressa la nostra proliferazione come genere. altrimenti ci saremmo fermati al vaiolo. li cerchi lei, ma sulle banche dati (pubmed)."
2,"riflettevo: quali sono le big che sono al di sopra dei governi, che siano cio in grado di minacciare un qualsiasi paese con pesantissime ripercussioni, compreso il caos?: beh, indovinate chi c' al numero 1? #vaccini link"
1,"user perché per influenza ci sono sia vaccino che cura, per il coronavirus no."
0,"user si ma c’è il vaccino. 
si ma i bambini lo superano meglio degli adulti.
si ma se lo si supera si rimane immuni a vita.
si ma il morbillo ha fatto scomparire intere popolazioni in passato. 
si ma ha lasciato un sacco di strascichi in chi lo ha passato. 
si ma quindi?"
0,"user_keno0 user il risultato è che così perdono credibilità  e autorevolezza e in un paese di novax e complottisti è rischioso. vanificano anche il lavoro di tanti ricercatori e medici che si fanno il mazzo non apparendo in tv"
0,"user che è come dire : chi ha attuato meglio il lockdown continui fino al vaccino."
0,"comunque la frase ""andrà tutto bene"" sta iniziando a starmi sul cazzo. siamo sinceri, qua andrà tutto bene solo quando si troverà una cura ed un vaccino contro il noto covid..."
2,"user tu sarai il primo a fare il vaccino vero?
non vi crede più nessuno"
2,"non serve aggiungere altro...
#vaccino #14aprile #covid19 link"
1,"user ma che cosa dice?! user non è un novax! non diffonda fake news!"
1,"coronavirus: coletto, l'università di perugia ha competenze per vaccino link di user"
1,"primo studio sull’uomo del vaccino covid-19. link"
0,"user_zanetti pare che governi bene (a parte il ricorso contro l'obbligo di vaccino) ma quando apre la bocca c'è da mettersi le mani  sui capelli"
1,"il coronavirus ha un nome: covid- 19. loms: «è una minaccia peggiore del terrorismo». vaccino pronto in 18 mesi -  #coronavirus #nome: #covid- #loms:  link"
0,"user il problema è che, in qualche modo, le misure di contenimento appaiono ormai come qualcosa ""di sinistra"" (esattamente come è andata per i vaccini).
basta guardare i profili: bandierina -&gt; ""basta con questa dittatura!"" -&gt; ""è un complotto per il vaccino!"" -&gt; ""w tarro e montagnier!"""
2,"a moe!  condannati bambini perfetti,  sani e innocenti,  discriminati a vita,  perseguitati come i sioux,  braccati da cani avidi e alla catena. che i vermi vi mangino vivi! link"
1,"user user_179 user user quindi, in assenza di vaccino e di cure, quale sarebbe la soluzione ? liberi tutti ? se contagi e decessi riprendessero a salire in modo incontrollato, quanti clienti avrebbe un ristorante aperto ?"
1,"al tg1 si sono rotti così tanto i coglioni di allungare il brodo che ora il vaccino lo trovano loro. link"
2,"l'italia ai tempi della #ue: vaccinazione coatta, euro, immigrazione, dittatura gender, islamizzazione, furto di bambini (bibbiano), utero in affitto, legge fornero (ergastolo lavorativo), jobs act (licenziare per riassumere a met stipendio), tassazione insostenibile..  #uscita link"
0,"user user user user vedo che cogli il tuo problema almeno.
già, su internet ognuno spara cazzate in libertà.
tipo voi novax. dopo 2 pagine di blog e 10 min di video su youtube pensate di sapere tutto.
invece avete appreso cazzate e bugie.
ao, bella per voi. contento tu contenti tutti.
hasta nunca."
2,"user_ceci_ vista la nube oscura che imperversa nella bergamasca, il vaccino voglio vedere se me lo faranno con una canna puntata sotto il tavolo"
2,"(io come cavie per provare il vaccino userei quelli che vogliono uscire di casa a tutti i costi)"
0,"user_p6 user_m_1960 una vera riapertura si avrà solo con il vaccino e ci saranno due anni in cui dovremmo progettare un modello di vita in sicurezza, con attenzione ai nuovi focolai e cercando di sopravvivere economicamente. organizzare tutto questo è il vero problema."
2,"user da noi non succederà, ci porteranno all esasperazione, a denunciare il vicino di casa(sono già nati gruppi del genere) e come caproni pregheremo per renderci cavie alla sperimentazione #vaccino #covid19italia è già successo con i ns. bimbi 10 vaccini obbligatori criminali"
1,"sanità: si lavora su risorse, app immuni e vaccino link"
2,"obiettivo settembre per il vaccino anti-covid | attualità oxford link #novaccino #fbclid=iwar0f7pau21rcmrfkcrsjyd6gs5ecogs1zlj0rcg7awwtsahuso6yiqcqica"
2,"inefficacia vaccino morbillo  plotkin chiede nuovi studi link via user scelta"
0,"user_morena user i #novax hanno rotto i c......"
1,"ho letto diverse teorie sul virus, che vi riassumo:
il virus sta perdendo forza,
l' epidemia cessa dopo 70 giorni,
il virus è innocuo o quasi per l'85% della popolazione,
chi non si è ammalato fino ad oggi, quasi sicuramente è immune,
avere il vaccino fra un anno non servirà."
1,"user user user quale vaccino?.."
1,"coronavirus | boris johnson | “il vaccino potrebbe non arrivare mai” link"
2,"user forse hai ragione, magari un certo numero di persone, designati, hanno già fatto il vaccino e li ha toccati nel cervello. gli idioti son tutti uguali."
0,"user user i gruppi di pettegolezzi dei genitori nelle scuole, comunque gestiti (e wa è il peggio) andrebbero perseguiti per legge. come i no vax."
2,"il vaccino contro la varicella pu causare la meningite. link"
2,"user tutto ciò che è vaccino è bufala"
2,"user user udite udite...il prof. giulio tarro parla di una possibile associazione tra il codiv e il vaccino antinfluenzale...archiviate questo post!
#covid_19
link"
2,"user user user non può esistere una reale ricerca di vaccino prima di conoscere la malattia, ci vuole tempo, almeno alcuni anni di studi, solo dopo arriva la ricerca.
se davvero testeranno persone con intrugli fatti a casaccio, gli effetti collaterali a medio/lungo termine saranno devastanti."
0,"dove sono finiti i no.vax.manifestazioni,non vaccinavano i figli..
il coglionavirus li ha resi idioti? link"
2,"america  ora ufficialmente un sistema di caste! il new jersey vota per la modifica della legge s2173 su #vaccine esenzioni per bambini ricchi delle scuole private! va bene ferire e uccidere i poveri - bianchi e neri - quelli che non possono permettersi le scuole private. link"
1,"coronavirus, dalla ripresa al vaccino. l'esperto spiega la fase 2 link"
2,"vediamo se cos lo capite, cazzo!  in america esentati dai vaccini i bambini ricchi!!!! ora, secondo voi, vogliono far morire i figli dei ricchi, o possono essere sacrificati i poveracci coi vaccini ????? dai, su che ci arrivate prima che vi sparino il microchip su per il culo! link"
0,"user ma stai scherzando oppure sei serio? perché ti ho sempre sostenuto ma adesso è troppo! riaprire tutto perché? abbiamo il vaccino? sono calati drasticamente i positivi? no, e allora! tornare liberi significa nuovo casi, è questa volta sarà peggio."
1,"user il vaccino previene e rende immuni. la medicina cura già uno che è malato. mi sembrano due cose molto diverse...."
1,"virus, l'epidemiologo lopalco: «vaccino, 118 prototipi. oxford, usa e cina in testa» link"
0,"carissimi no-vax, quello che stiamo vivendo ora è un mondo senza un vaccino. voi non ne vorreste nessuno."
0,"user user user user sempre per privacy, com'è possibile che avendo visto cosa accadeva in cina, non sia stata messa in piedi la quarantena per tutti coloro che uscivano dal loro paese o ci facevano scalo? la soluzione è il vaccino. perdere la privacy non si pone proprio. user_commission user_it"
1,"azienda usa produce il primo vaccino sperimentale contro il coronavirus link"
0,"user ma non rompessero i coglioni e stessero a casa seduti. non bastano i vegani, i novax, i notav, mo' pure i runners..."
2,"che il tuo vate si pronunci, o sommo vaccino, e ci liberi dalla tenebra...???? link"
1,"sfida usa-germania sul vaccino e altre notizie interessanti link link"
0,"user ma se pensi di essere costante (la cura dura 2 anni) vai col vaccino. da subito risolvi il problema e poi non ci pensi più."
0,"user sono tutti scemi a parte te che ti sei dichiarato più volte no vax. ok, va bene."
0,"...si diffonderà, torneremo presto alla normalità e i medici troveranno prima le cure più efficaci e poi un vaccino. ma intanto il rischio è alto, sia per chi ha già problemi, sia per una percentuale che avrà bisogno di cure ospedaliere come il paziente 1. (cont) #covid19italia"
1,"trump vuole il vaccino per il coronavirus in esclusiva per gli usa, l’ira della germania: “sarà per tutto il mondo” #16marzo link"
0,"che tenera la gente erborista-no-vax-antimicrochip che pensa che facendo una vita sana non ti può succedere niente.... poracci..."
1,"user user user veramente lo dicono medici in gamba che l hanno già sperimentato con successo. il vaccino non c è ancora, o sbaglio? una alternativa altrettanto valida nemmeno. i pazienti gravi ancora si! è forse meglio aspettare il vaccino e pregare?"
2,"user user e d'altra parte, solo quando avremo preso tutti il nuovo vaccino anti covid-19 saremo in grado di distinguere le due malattie; e ancor più quando avremo preso tutti anche il vaccino influenzale!

ah no, aspetta..."
0,"user user user user user purtroppo bojo ha torto perché a parte la strage che ne seguirebbe, non è ancora affatto detto che si sviluppi un'immunità di gregge, in assenza di un vaccino, perché si teme che l'immunità da infezione sia temporanea.
come per l'influenza o il raffreddore."
2,"user_cocco user se il vaccino è un obbligo anche l'assistenza dello stato per chi ha subito danni dal vaccino dev'essere un obbligo. o deve investire sulla prevenzione!"
1,"user user user user ma vedi che quando parli fai solo discorsi campati in aria, vuoi affermare che politica e scienza stanno facendo la scelta sbagliata, bene, ma mi dica anche cosa non le stà bene. mi hai detto che non é la quarantena, cosa vuoi un vaccino bello e pronto domani?"
1,"#coronavirus, si fa più vicina la possibilità di un #vaccino. l'azienda #biotech usa moderna avvia la sperimentazione clinica su un piccolo numero di persone. la cina avvia i test sugli animali, l'australia ha concluso la sperimentazione in laboratorio. link"
2,"i danneggiati da vaccino esistono, famiglie e bambini distrutti dal dolore. #libertdiscelta link"
0,"user user sarai obbligata a fare il vaccino . non avete ancora capito ?"
0,"user si ma il vaccino contro l'influenza non è lo stesso contro il #coronavirus che ancora deve essere sintetizzato.. cmq parecchi medici sono dei #novax travestiti.. anche fra i sanitari ci sono dei disturbati psichici #staseraitalia"
1,"user il riferimento alla vaccinazione contro l'influenza non è per proteggersi dal coronavirus, vero? no perché, a me sembra scritto in maniera leggermente ambigua e la mamma dello scemo..."
1,"user un vaccino contro il cancro (hpv) è efficacissimo e sicurissimo. il 50% dei genitori lo rifiuta per i figli adolescenti"
2,"user non abbia fretta. prima si deve realizzare l'agenda di bill gates e bigpharma, poi ci concederanno la libertà provvisoria a patto di subire il loro vaccino ovviamente obbligatorio. link"
1,"user user e allora siccome nn esiste  un vaccino nn provvedi al tuo sistema sanitario x arginare??x’ gli altri paesi riescono e noi no??solo sfiga??"
2,"leggete bene ebola false flag in arrivo il vaccino  pronto, non ha superato nessun trial clinico approvato in gran fretta. faranno scoppiare una finta epidemia. state in campana!  link"
0,"user user user user user fosse per i no vax ancora staremmo  a morire di vaiolo."
0,"#billgates pronto a finanziare il #vaccino per tutti, se funziona.
una cosa eccezionale da un uomo eccezionale. #imprenditore e persona assoluta. il mondo ringrazia e spera. #hope #covid link"
0,"user bravi ora impauriteci anche sul vaccino complimenti"
0,"user senza vaccino funzionante e testato i manubri impregnati di sudore, le docce.... figurati.
continuo ad allenarmi a casa."
2,"user “non avete alcuna scelta” ecco cosa dice bill #gates, a proposito del #vaccino per il #covid19 
link"
2,"#meningite  #bergamo   e anche oggi il #vaccino funziona domani ???????  capre!! link"
0,"per ogni discussione con no-vax, complottari e affini, da tenere in mente sempre la linea guida:
""sai cosa vedono le persone quando discuti con un imbecille? due imbecilli"""
0,"""bisogna convivere con il virus fin quando non si troverà un vaccino, per questo si dovranno utilizzare mascherine e guanti…"" beh a noi che portiamo gli occhiali da vista abbiamo un grandissimo problema !!!"
2,"abbiamo l'unico farmaco per il coronavirus: il plasma. è più potente di un vaccino - dr. de donno

link"
1,"user #salvini dovevano dare il chinino a tutti 1 mese fa, link invece si attende un vaccino chissà quando."
1,"user praticamente il ministro ci sta dicendo che fin quando non troveranno il vaccino dobbiamo stare a casa????"
2,"user obbligatorio una ceppa !!!! quale fonte normativa, di grazia, ti permette di fare una cosa del genere? fattelo tu il vaccino, nin puoi obbligare nessuno!"
0,"user_advisor ricorda che per l'influenza stagionale esiste il vaccino, ma per gli immunodepressi e gli anziani è pericolosissima,  ricorda anche che in italia su soli 450 contagiati la metà ha bisogno del ricovero, e il10% di terapia intensiva e in questo 10% ci sono anche giovani forti"
0,"user dovrebbe servire per preparare le “armi di difesa” e renderle disponibili a tutti. intanto che le “armi di offesa” (vaccino) siano pronti."
0,"user user_donato per uscirne, in attesa di vaccino, è obbligatorio tornare a far funzionare le strutture sanitarie in modo normale dimininuendo drasticamente il numero dei ricoverati e contemporaneamente raddoppiando il numero di posti letto disponibili compresi quelli della terapia intensiva."
1,"bill gates chiamerà conte sul vaccino per il coronavirus link"
0,"user user user_nei non diciamo stupidaggini. renzi propone riapertura in sicurezza. posto che senza vaccino l'epidemia covid durerà più di un anno, lei che propone, chiudere il paese e i suoi 60 ml di abitanti in casa per tutto il tempo? con quali soldi?
ragionateci un attimo."
2,"user user user user user_meluzzi user non esiste nessun vacccino killer...ogni vaccino ha delle controindicazioni
tuttavia i vaccini propriamente detti ovvero quelli a base di virus depotenziati hanno la stessa tipologia di tossicità del virus da cui originano, e in persone con risorse immunitarie inferiori possono.."
0,"user sterili polemiche a parte... dopo aver debellato i virus epatitici (hbv/vaccino, hcv/farmaci) anche il covid-19 non avrà scampo! per i no vax: il rischio dei virus è pandemico, quello per i vaccini è infinitesimo! link"
2,"user
vuoi che ci vacciniamo per viaggiare negli states?
stiamo a casa volentieri...

 link"
1,"coronavirus, in russia iniziate le sperimentazioni sul vaccino link"
2,"user questa è la cura che serve, non il vaccino. deve essere usata dovunque, così potremo tornare presto alla normalità e liberarci di distanze e mascherine,senza aspettare troppo per un vaccino. può pure darsi che il virus andrà via da solo,sta perdendo forza"
0,"alzheimer e demenza, vaccino vicinissimo. il 2020 anno della svolta, test sui topi ok link user"
2,"#ivaccinisonosicuri nadia gatti: i danneggiati da vaccino sono una realt e hanno diritti che non vanno calpestati link di user"
0,"trump dice che sono stati fatti grandiosi progressi sul vaccino anti-covid link"
0,"gli #antivax sono spariti!  proprio adesso che con il #coronavirus potevano fare un figurone con i loro oli essenziali!"
2,"19 novembre 2019! invalida per colpa del vaccino contro l'influenza. il ministero della salute condannato a risarcirla"
2,"codacons denuncia la lorenzin: ha nascosto documenti che rivelano i danni da vaccino. link"
0,"adnkronos: madre no vax non gli dà farmaco contro influenza, bimbo muore a 4 anni.
link"
2,"virologo giulio tarro: ""il virus del coronavirus è attivato dal vaccino antinfluenzale"" link di user"
0,"il peggio del peggio 
#corrieredellasera: coronavirus, la nuova battaglia di burioni: «prima i no-vax, ora i no-mask».
link

tramite user"
0,"user vaccino truffa.. questa deve esse una seguace di quel genio di fusaro! ahahah cosa non si fa per un po’ di notorietà e per vende du libracci..."
2,"link
ragazzi il vaccino che dicono di stare a testare non è affatto sicuro ascoltate dal 20 minuto"
1,"|| news.flash ||
news | euronews rss - la pandemia di covid-19 accelera la sperimentazione del vaccino
la pandemia di covid-19 accelera la sperimentazione del vaccino
link
link"
0,"user user “si stanno buttando miliardi per il vaccino”....... ma voi vi meritate l’estinzione!"
2,"#vaccini   la mamma vaccina, la bambina inizia ad avere problemi motori e scrive alla pediatra ""esperta"". (il vaccino  l'mprv e lei risponde per la poliomielite...) eh no.. stavolta signora potrebbe non essere tutto normale.... bene ma non benissimo  ???? link link"
1,"user user__1974 user user certamente si, per me l'azione deve essere portata avanti su più fronti, sia sulla ricerca di terapie che di vaccino ... quello che non mi torna nella tabella è solo la frase finale che dipinge l'attivismo di bill gates finalizzato alla vendita del vaccino che verrà"
0,"user tanto oggi l'italia non si ferma la gente si muoverà per il tutto il territorio seminando ugualmente qua e là, solo un vaccino è la soluzione non l'assalto ai supermercati e quindi speriamo che io me la cavo"
1,"roma, deputata no-vax pizzicata a fare la gita di pasquetta a ostia: multata link"
0,"focus coronavirus - #cura e #vaccino, risultati promettenti dal fronte medico/scientifico - link #tg24 - link - #coronaviris link"
0,"il ritorno incrollabile dei no vax (di f. abbate) link"
2,"user obbligare gli anziani a fare il vaccino? cosa siamo in dittatura? perché non cominciamo a vaccinare tutti i sanitari, tutti i politici, tutte le forze dell' ordine e militari, tutti gli insegnanti. poi passiamo agli altri"
0,"video | coronavirus, il presidente cinese xi jinping: ""due miliardi all'oms, il vaccino cinese diventerà un bene pubblico mondiale"" link user"
1,"1/2 senza entrare nel merito delle diverse teorie sulla diffusione del virus, quello che emerge unanimemente � che l�isolamento da solo potrebbe non bastare. potremmo dover aspettare il vaccino. la produzione di macchinari per la rianimazione/ventilazione �  l�elemento critico."
2,"link abbiamo parlato spesso della correlazione tra morte in culla e vaccino esavalente. riporto a tal proposito un interessante articolo del 2014, dove si rilevava la necessit di uno studio in merito...a tale data era ancora concesso avere dubbi!"
2,"3 anni fa, user lanciava una vasta campagna d'immunizzazione contro il #morbilloi in africa centrale, afflitta oggi dalla ""pi grande epidemia di morbillo contemporanea"". o il vaccino non funziona, o - dubbio legittimo - scatena la malattia. #lascienza risponde senza insultare? link"
2,"user user il vaccino uccide molto di più del virus, ma ti consiglio di farlo subito!
almeno ti togli dai coglioni"
2,"#vaccini   ricordo che l'ex ministro della salute user, col cazzo che si  vaccinata in #gravidanza...  ora mettetevi ordinatamente in coda  pecoroneeeeee....  ????????  link link"
2,"user user user user user giusto, falso perché risulta letale probabilmente per il 98% e forse anche meno. tarro non ha detto che il vaccino non serve, ma che forse non sarà efficace. anche ilaria capua ha detto che non per forza il vaccino sarà necessario."
0,"user si saranno accorti che il virus non può essere debellato subito. senza vaccino. cosa fare? tanto vale ricominciare."
2,"questo   il  giornalismo?  altra #fakenews sul razzismo che non c'  stato ..ma nessuna denuncia per il #vaccino che ha ammazzato  sei tu che fai schifo. tu giornalista bugiardo link"
2,"manca personale,famiglie costrette a rinunciare alle cure ma in compenso il #vaccino  gratis e sicuro!   a nessuno viene il dubbio che della nostra salute non interessi a chi taglia fondi alla sanit e ci tratta come polli da batteria? fonte: link link"
0,"emilia romagna ore 14 , vado senza appuntamento a asl per vaccino antinfluenzale. fatto. esco alle 14,30 e dopo alcune ore mi � arrivata la email con aggiornamento del mio libretto vaccinale, anche nel fascicolo sanitario online una sanit� proprio da cambiare, mi raccomando ????"
0,"coronavirus, in australia via alla sperimentazione del vaccino: “farà la differenza” link"
0,"user_official beh ci vorrà ancora molto tempo che quando uscirà il vaccino dobbiamo stare tranquilli cauti e prudenti"
1,"user user_dicks hanno smentito eccome: non solo è caduta la *certezza* che fosse così, ma è venuto anche fuori che (nel caso spefcifico) non si trattava propriamente di asintomatici. alla luce di quella rettifica, l'affermazione di burioni diventa priva di senso -&gt; come quella del novax medio. link"
1,"vaccino coronavirus: a che punto è la ricerca? la corsa all'oro | rep link user"
1,"user #blobscko mai abbassare la guardia... anche per il periodo dopo eventuale vaccino. per essere immuni ci vogliono dalle due alle tre settimane..... e non è detto che chi l'ha avuto resti immune per molto attenti"
1,"da personaggio più odiato di germania per ragioni legate al suo hoffenheim, il magnate tedesco potrebbe trovare riscatto grazie al vaccino contro il coronavirus al quale lavora la sua casa farmaceutica. alla presunta offerta di trump ha risposto picche. link"
2,"non serve a un cazzo il vaccino"
0,"mi fa piacere che user_grillo oltre ad essere un #novax ricreduto, ora fa il missionario del benessere senza crescita, però chiede di ripartire, allora sono contento della virata sul ripartire, ma bisogna far pace con il cervello perché il benessere e strettamente collegato"
1,"user tantissimo tempo e sperimentazione in un mondo ideale.
nel mondo reale la definizione del “profilo di sicurezza” prevede uno studio clinico su 25 soggetti sani per tre mesi.

link"
1,"coronavirus - financial times: ""in uk forse 41mila morti, più del doppio delle cifre ufficiali"". onu: ""rischio carestia di proporzioni bibliche"". primo ok per test del vaccino su un uomo in germania
link"
2,"user__boia asino, rispondi sul merito. il post parla di costi, non di vaccini si oppure no.

allora, emerito ignorante codardo, costa di piu avere un vaccino o una sacca di sangue?

rispondi o la butti in caciara come tutti quelli della tua risma?"
0,"user user e gli immunodepressi che non possono fare il vaccino? se lo stato ragionasse come voi, avremmo ancora il vaiolo e la polio."
2,"#novax, in principio furono i giornali. link"
1,"user user_the_teacher ma infatti. questi vecchi con un piede nella fossa vogliono pure campare, mo'...lasciamoli crepare di coronavirus, per il quale (a differenza dell'influenza) non esiste ancora vaccino."
1,"coronavirus, parla lo scienziato barese «così abbiamo scoperto il vaccino»
gambotto dagli usa: ci vorrà un anno, poi sarà come l'influenza link"
0,"?preveniamo insieme l#influenza:   - fai il vaccino - lava bene le mani regolarmente  - non usare antibiotici contro linfluenza, sono inutili contro i virus  proteggi te stesso e gli altri ? link link"
0,"user abbiamo no vax direttamente al governo. what else?"
0,"vaccino coronavirus | azienda italiana | “abbiamo un prototipo efficace” link"
2,"user user_meluzzi ridurre la popolazione mondiale questo e' il progetto non ci sono riusciti col covid ci proveranno con un vaccino creato velocemente con sistema di nanotecnologia"
0,"user che poi adesso fanno il delizioso esercizio retorico “i novax non sono contro i vaccini ma contro l’obbligo”.

c’è nessuno che “non è contro le cinture di sicurezza, ma contro l’obbligo delle cinture?” qui che ci vuole spiegare nel concreto la differenza?"
1,"user user il vaccino per l'influenza stagionale contiene in parte ceppi virali dell'anno precedente più alcuni ceppi che ""potrebbero"" essere diffusi nell'anno in corso. il vaccino anti influenzale si basa quindi sia su virus pre-esistenti, sia su proiezioni. in questo caso si parte da 0."
2,"considerando ke ogni vaccino contiene la quantita' di mercurio,alluminio e formaldeide 100 volte massima consentita,fare il calcolo.lo stesso vale per  i vaccini obbligatori per i bambini.da qui l'autismo,asma,malattie immunitarie e neurodegenerative in seguito.informatevi prima! link"
0,"user user user user user ahahahahahahahahaha essere novax ai tempi del covid"
1,"user purtroppo per queste patologie non esiste cura ne vaccino"
1,"questa è la quintessenza del sovranismo ... probabilmente un pericolo anche maggiore del #covidー19  trump vuole vaccino tedesco in esclusiva - ultima ora - ansa link"
0,"user però, matteo, spiegalo al tuo elettorato che è abituato ai tuoi video bufalaro che un vaccino è preventivo mentre una cura serve dopo un eventuale contagio. sennò è demagogia! ❤️"
1,"mi auguro che user non venga rieletto, anzi, che si ritiri al più presto dalla vita politica.
questi non sono tempi da pavidi, da pseudo don abbondio.

#mascherine 
#vaccino"
1,"user come si fa avere la certezza di un vaccino per marzo 2021?..a sto punto tutti possiamo fare ipotesi.. ergo.. e na gran cazzata"
0,"#economia vaccino, scatta la «raccolta fondi» mondiale da ue 1 miliardo, l’italia dona 140 milioni link"
2,"hai gi avuto il morbillo ?  uguale ,o fai il #vaccino deciso dalla #scienza o sei fuori dallasilo.  complimenti anche al sindaco di pisa (user) che non ha ancora fatto niente per evitare schifezze come queste. user regionali 2020 ci ricorderemo #vaccini link"
2,"???? #ilmondoallarovescia se sei un medico che ordina esami prevaccinali per prevenire un danno, sei un medico senza ""scrupoli e truffaldino"". mentre se neghi categoricamente i danni da #vaccino e mandi al macello i bambini dei genitori che si fidano, sei un medico coscienzioso! link"
0,"#italiani tranquilli gli #americani vi salveranno #coronavirus e #vaccino , azienda #usa annuncia sperimentazione entro #aprile #italia #covid19italia - il sole 24 ore link"
2,"""la vaccinazione dtp era associata ad una mortalit 5 volte superiore rispetto alla non vaccinazione... tutte le prove attualmente disponibili suggeriscono che il vaccino dtp pu uccidere pi bambini di quanti ne risparmi da difterite, tetano o pertosse""  link"
0,"user user user user l'immunità di gregge si raggiunge con il vaccino. la via ""naturale"" comporta un numero di vittime altissimo, vedi morbillo &amp; co."
2,"tutto corrono a vaccinarsi contro la meningite quando il superbatterio new delhi continua imperterrito a mietere vittime...eppure se ne parla molto poco! sapete perch? perch non esiste, al momento, nessun vaccino in commercio... tranquilli si stanno organizzando... link"
2,"user user stanno studiando anche una cura contro il vaccino?"
1,"user novax, novacis è sì neodesinenza ma anche nome scientifico della marmotta malarica #letarghi"
2,"user mentre nel resto del mondo cercano (inutilmente) di trovare un vaccino, qui in svezia tegnell ha trovato la soluzione per debellare definitivamente il corona virus. sparpagliamoci e prendiamolo a morsi!
ps: grazie per il video, lo faccio girare su facebook."
1,"coronavirus, negli usa al via test sull'uomo per un vaccino link di user"
1,"@_sazed se ne è parlato da subito perché quel vaccino ha effetti immunostimolanti. è già stato utilizzato in contesti diversi, come il cancro della vescica.
al momento l'oms non lo raccomanda perché non ci sono dati chiari.
link"
2,"user user user io vivo normalmente senza il vaccino, mi disturba che vogliono costringermi a vaccinarmi, solo business,troppi interessi,poca sperimentazione,troppa fretta,troppo denaro"
0,"""non vender il vaccino anti-coronavirus a trump. deve essere bene di tutti"" link"
0,"user user gli importa, basterebbe informarsi invece che sputare sentenze. detto ciò mi scusi, non mi ero reso conto di parlare con una no vax e no ius soli, quindi una persona priva di ogni concetto di empatia o logica. a mai più."
1,"virus, garattini: `il vaccino potrebbe arrivare entro fine anno` - link link"
2,"user user lo fanno apposta perch quando il bambino  nel grembo non puoi vedere subito come sta dopo il vaccino. qui abbiamo a che fare con criminali immondi al livello dei peggiori della storia. link"
2,"link altro giro, altra corsa...muore bimba di due anni e mezzo nel sonno! loro la chiamano morte in culla...io invece omicidio causato da vaccino esavalente..."
0,"user_s user è morto ciò che si vuol far morire.essendo una pandemia mondiale capisco finché non ci sia un vaccino(un anno?).ed è così link nel frattempo essendo pandemia ,basta che gli stati(banche centrali)emettano soldi"
2,"user user la carta d'identit� � documento obbligatorio e di diritto: con o senza vaccino va pretesa, chiedendola nei comuni o nei tribunali. l'insistenza al vaccinismo di massa presagisce qualcosa di pi� tetro e oscuro: non riusciranno ad o"
2,"user_porta user user non mi fido: e se mettono un veleno nel vaccino per eliminare i pensionati e i pensionandi? preferisco la cicuta."
1,"coronavirus: al via sperimentazione vaccino di 'takis' sui topi. in autunno sull' uomo link"
1,"se #trump non alza praticamente un dito per arginare la pandemia le cose sono due:
- o è completamente irresponsabile 
- o ha già il vaccino in tasca.."
0,"desidererei che si trovasse immediatamente un vaccino contro il coronavirus per due motivi . il primo perché salverebbe tante vite umane , il secondo per il piacere di vedere gli antivaccinisti implorare la vaccinazione in ginocchio sui ceci . link"
0,"user prevedo lo stesso scenario qua dopo il 4 maggio
senza vaccino l'unico contenimento è l'isolamento sociale"
0,"#coronaviriusitalia da cittadino incazzato non comprendo come con i mega computer e le risorse a livello mondiale disponibili in termini di scienziati e di soldi non si possa creare immediatamente un vaccino. per me incomprensibile. e intanto si crepa."
0,"user paragonare un'app, di cui si discute la questione conservazione dati, ai vaccini obbligatori che salvano la vita a milioni di persone è proprio da individuo piccolo piccolo. si rassegni le idee #novax rimarranno delle vaccate abissali e il coronavirus lo sta dimostrando."
2,"breve storia triste. madre di bambino convinta che il vaccino antinfluenzale sia indispensabile ogni anno. faticosamente riesce a prendere appuntamento per lei e il figlio circa un mese fa. oggi la madre ha preso l'influenza. eh va beh, sar� per l'anno prossimo."
2,"meningite da #vaccino ecco creato il caso e la paura. link"
0,"#coronavirus, #arcuri: ""l'emergenza finisce solo con il vaccino. #immuni scaricata da 2 milioni di utenti"" link"
2,"errata corrige: l'amica che mi ha passato il servizio mi fa presente che � del 2013...ovvero di un tempo quando parlare dei danni da vaccino era ancora consentito!"
0,"ne ho conosciuta una che non ha fatto i vaccini al figlio...però dice che gli vorrebbe fare quello per il tetano.....
ma vai a fan culo.....no vax....poveri imbecilli"
0,"user user user ma quale complotto mondiale? ma le hai viste le coperture? i dati, non le chiacchiere dei giornali. i no-vax sono un fenomeno esistente giusto sui media e gonfiatissimo cionondimeno è stato cavalcato per introdurre un nuovo concetto di libertà che per ora non fa paura. per ora..."
0,"atto di fiducia verso chi ... se non esiste un vaccino non so se è dura da capire che sarà così fino a che non si troverà vaccino ... forse l’atto di fiducia è per tutte le aziende e persone che lo hanno votato forse tra 1 mese richiuderà tutto creando più danni #coronavirus link"
0,"user user brava,svegliatevi dal medioevo,nn auguro il male a nessuno, lo preciso,però se uno di voi,o della vostra famiglia fosse colpito da questo maledetto virus,e ci fosse il vaccino, ma neanche morto ve lo farei fare,no vax dei miei coglioni,questo siete,siete solo cazzari e pericolosi"
2,"user_s facciano quello che vogliono con le loro vite. vaccino, app, microchip e cazzi vari. mi fanno già schifo come personaggi, figurati come esempio di vita! #noapp #novax #sivaff"
1,"user hanno preso gusto a tenerci al guinzaglio.
non a caso, intendono prolungare le misure come il distanziamento sociale, anche qualora queste precauzioni non avranno alcuna ragione di persistere.
fino al vaccino...
vaccino che ha utilità preventiva, non di cura delle malattie."
2,"link i danneggiati da vaccino esistono: 691 sono i soggetti riconosciuti e indennizzati dallo stato al 31 dicembre 2018, di cui 27 morti. nadia gatti, presidente del condav, ci fornisce i dati...buona lettura!"
2,"leggete questo post. ma soprattutto i commenti. ogni genitore ha scelto di postare e raccontare la storia del proprio figlio danneggiato da vaccino. esistono, e lo faranno ricordare a tutti. sempre. #vaccini link"
1,"la storia di moderna, l’azienda che ha sviluppato il primo vaccino in test per il coronavirus link via user"
0,"user user_chigi user non bisogna affrettare le cose, ma procedere per grado e con cura. la speranza la si dà mostrando il rallentamento dei contagi e dei morti, ma ciò non significa che già dalla prossima settimana possiamo sbloccare l’italia. non possiamo pretendere molto senza un vaccino sicuro."
0,"otto strategie per trovare il vaccino link"
0,"camper sul lungomare adriatico,
ma è mai possibile!?
può essere che responsabilità, paura, altruismo, dovere, pericolo siano diventati optionals?
non si rendono conto che questa pandemia è una cosa molto seria, soprattutto quando non abbiamo ancora un vaccino,  tanta tristezza!"
1,"ma secondo voi che cazzo doveva dire?? uscite vedetevi e moltiplicatevi! cazzo è una pandemia mondaliale causata da un virus per cui nn esiste  un vaccino...svegliaa #fase2"
0,"user eh, sarebbe bello. purtroppo prima che il vaccino diventi disponibile fanno in tempo a fare ammalare troppa gente"
1,"#coronavirusupdate #covid_19 #coronavirus #speranza: “vaccino lo paga lo stato”
link"
0,"user user invece andare avanti senza vaccino è diverso. spiegami?"
2,"user no #app 
#novax 
vaccini i suoi figli 
demone 
infame 
maledetto! !!!karma 
cecità 
dissenso 
merda 
venduto"
1,"user appunto parlo di comunicazione fatta a cazzo... parlassero si sperimentazione, di risultati positivi per gli agenti...parlano di vaccino come fosse sprite, poi la gente pensa che è pronto il vaccino....aricome cazzo si fa?!"
2,"user user_2018 verissimo. quando ci chiameranno per il vaccino li mandiamo tutti bellamente a fare in culo."
0,"user secondo me anche a settembre non si gioca. basterebbe un positivo per dover fermare tutto il campionato. finché saremo a contagi zero (difficile) o con un vaccino gli sport di squadra non ricominciano, figurarsi poi con il pubblico"
0,"user user elementare.
trattasi della tipica espressione di incapaci.
incapaci, come, tutto il mondo che gira intorno al user
a pensare che, questi signori, da sempre alla guida dei movimenti #novax oggi si trovano a gestire la tragedia del coronavirus che solo un vaccino può salvare"
1,"al supermercato c'erano due che si stavano per menare per accaparrarsi gli ultimi 2 pacchi di farina sullo scaffale.
cambiare ""farina"" con ""vaccino"" e avrete la prospettiva del futuro prossimo."
2,"user un vaccino per un virus che è passato dai pipistrelli all'uomo funziona sui machachi! allora sarà un successone! #fase2 #torniamoliberi #restiamologici"
2,"covid-19, nuovi studi confermano che chi non ha più sintomi non contagia – ed ora come faranno tutti quelli che speravano nella continuità del virus per testare il vaccino???  link"
2,"per chi ancora non l'avesse capito.  l'obiettivo delle case farmaceutiche  quello di entrare nel mercato delle persone sane.  le persone sane sono tutti gli abitanti della terra, 7 miliardi di potenziali clienti, le persone malate solo una microscopica percentuale di essi. link"
0,"user user grazie per la dritta che quando serve un vaccino, chi ci guadagna è chi produce il vaccino, cioè le case farmaceutiche.
e io che ho sempre pensato che a produrre i vaccini fosse la centrale del latte.

ps penso al tuo stipendio con tanta gente che ora è in difficoltà e mi incazzo"
0,"user inizia ad aprire gli occhi, chi potrebbe prendere il posto di conte? salvini magari? e vediamo cosa farebbe? sarebbe contro il vaccino perché altrimenti ci iniettano mercurio nelle vene con un cip collegato ai satelliti?"
1,"coronavirus, professor de donno: ""plasma unico farmaco, è molto più potente di un vaccino"". e difende ricciardi da attacchi politici - il fatto quotidiano link"
0,"quelli che usano la tragedia di bergamo per diffondere bufale no vax sul coronavirus: di andrea rossetti il servizio di tg leonardo (rai3) del novembre 2015 sulla presunta correlazione tra un supervirus creato in laboratorio e il covi-19 è soltanto… link link"
1,"vaccino si o vaccino no nei pazienti oncologici?  #vaccino #influenza #tumori #oncologia link"
0,"covid19, “gli anticorpi funzionano”. le ultime novità dal vaccino made in italy - secolo trentino link"
2,"user user_ita anche questi pare vorrebbero ringraziare #billgates  per il #vaccino #coronavirus #covid__19 
link"
0,"user user se i medici lo riterranno giusto (ed è una scelta che condivido) allora sì, deve decidere chi ha competenza in merito. di certo non mi fido di un novax"
1,"vaccino pomezia-oxford, la gran bretagna prenota 30 milioni di dosi link"
2,"creare lepidemia, portare la popolazione allincubo malattia e annunciare la lieta novella: abemus vaccinum! ruba galline, ladri di vite umane, con quale coraggio iniettate farmaci ai vs simili? link"
0,"dedicata a tutti gli #antivax 
questo è un mondo senza #vaccini

#covid #coronavirus #covi̇d19 link"
2,"user user_semenov user user_vitruviano user_g user__bru user user_data24 user user_arnese user user user user eh beh... è giusto! un vaccino già pronto e prodotto per fine anno? ma cosa ci vogliono iniettare? ma questi sono tutti matti."
0,"dopo sperimentazione in cina e i promettenti riscontri dell'quipe del prof. #ascierto all'ospedale cotugno di #napoli, la #roche cede gratis il farmaco #tocilizumab (e non solo). dedico questa notizia a #novax e complottisti delle lobby farmaceutiche.   link"
2,"siete contenti?
il vostro presidente del consiglio ha trovato il vaccino ed ha trovato anche i soldi..sveglia! a questi di noi non interessa niente!"
1,"user_maggiore si si! ma pure se hai un negozio tuo, fra i documenti devi avere il certificato del vaccino."
0,"vaccino fatto..  adesso una bella passeggiata zona zattere... link"
2,"questo studio dimostra come le piccole mutazioni della bordetella pertussis abbiano portato nel tempo (e in corrispondenza dell'inizio della somministrazione delle dosi massicce del vaccino a favorire l'insorgenza di ceppi di bordetella resistenti.. link"
2,"user esempio di presa in giro,-per il coronavirus può essere utile iniettarsi del disinfettante- tutta la stampa indignata e poi ti accorgi che gli ingredienti comuni per il vaccino sono: 
 thimerosal - disinfettante 
 formaldeide - disinfettante"
0,"user_gufo purtroppo penso che non sia così facile, se non si trova una cura efficace, e, al più presto il vaccino passeremo dei brutti periodi."
0,"un medico no vax non è un medico."
1,"coronavirus, il vaccino-cerotto supera il primo test sui topi link"
1,"user influenza ha il vaccino. scommettiamo che a fine anno in italia ci saranno più morti per l'influenza che per il corona virus?"
0,"user user il mio li fa, è dal 2000 che mi vaccino ogni anno per l'influenza."
2,"user salvini chiami tarro in tv e finiamola con questa farsa
avanti. vogliono vendere vaccino che non può funzionare contro questo virus.
chiami tarro e fate uno show in streaming.
forse dell'ordine stanno delirando....elicotteri x scovare gente che prende il sole quando fino"
1,"inovio: il vaccino per il coronavirus finanziato da bill gates link"
0,"dove sono tutti i #novax ??ho voglia di insultarli!!!! mi devo sfogare"
0,"nicola zingaretti : ordinanza regione lazio vaccinazione obbligatoria - firma la petizione! link via user firmiamo brava gente"
0,"user user user tu non sei una pecora , sei un asino calzato e vestito .  no vax, no mask  e tutti gli irresponsabili idioti che la pensano come te , estromessi dal ssnazionale . così vi curerete con le vostre stronzate , senza pesare sui fondi della collettività in cui non vi riconoscete ."
2,"user user no...il vaccino contro la tbc non è obbligatorio per nessuno in italia, tra l'altro è un vaccino particolarmente insidioso."
0,"una mia conoscente no-vax spera che trovino il vaccino per il coronavirus nel più breve tempo possibile."
2,"user user user_ghetto user cumunque, visto che mi avete tirato dentro vi pubblico anche lo studio del vaccino sulla sars link senza test sulle cavie sarebbe stata una catastrofe"
1,"user io mi immagino giggino e la taverna che si chiedono se “schadenfreude” sia un vaccino tedesco che si tiene in tasca fontana per tentare un golpe..."
2,"se combatterete per la vera chiesa cattolica contro l’impostura luterana massonica di bergoglio in accordo con il piano massonico della falsa pandemia covid-19, come pretesto per codificarvi con il falso vaccino vincerete perché cristo sarà con voi! link link"
0,"user user si potrebbe vedere il numero di vaccini fatti e i decessi. però non è solo una questione di causa effetto, poiché non basta la simultaneità, poiché il vaccino che hanno avuto non era per il covid e non sono morti dopo una settimana ma dopo mesi per il covid. sono virus diversi."
2,"morbillo samoa, bandiera rossa sulle porte di casa delle persone non vaccinate... cambiano i tempi, cambiano i colori, ma la caccia alle streghe  sempre la stessa rougeole aux samoa: drapeau rouge devant le domicile des habitants non vaccins link via user"
2,"user__marti uno dei principali medici inglesi, tesi sostenuta anche dal governo uk, ha detto che chi ha fatto il vaccino rischia molto di più"
0,"grande risultato di una eccellenza scientifica italiana. l�istituto spallanzani ha isolato il #coronavirus   adesso la via per il vaccino � pi� breve. in alto mare invece l�isolamento dell�#idioziavirus. si camuffa e si trasforma miliardi di miliardi di volte in un secondo."
2,"per tutti i fans del vaccino, ecco tutte le info per essere i primi a testare questa meravigliosa scoperta scientifica.  dove sono i #novax? sono impegnati a ordinare quintali di popcorn. ???????????? link"
0,"user user user speriamo nel vaccino anti covid a breve. obbligatorio. per tutti."
0,"user &gt; guardigione. se io (esempio), immodepressa, prendo il morbillo, la mia percentuale di sopravvivenza si abbassa molto. di conseguenza capisce bene che il vaccino è utile anche per gli altri e non solo per sé stessi."
2,"user_51 questo personaggio ha appena bocciato la cura con il plasma. sai perché? perche' non c'e' business in quanto e' a costo 0 ma ha proposto il vaccino x tutti gli over 65 del lazio"
2,"inchiodato bill gates, 2014 brevetta vaccino cov19. link di user"
0,"ho fatto il vaccino contro l’influenza.
visto quello che leggo in giro la domanda è: potrei essere positivo? oppure è un ‘influenza attenuata dal vaccino? aiutatemi a capire."
0,"emergenza - sospesi screening oncologici e vaccinazioni contro il papilloma virus. è gravissimo [leggi, di adriana bonifacino]  link #edicola"
2,"user user una vaccinazione adesso sarebbe il colpo di grazia"
0,"user user user user ah... una cosa è sicura, non può sostiituire il vaccino. può, come le altre terapie, aiutarci ad arrivare al vaccino con meno morti. senza illudersi, senza cure miracolose ma ""non cielo dicono!""."
1,"user_ user è lui che sta per scoprire il vaccino non lo sapevate?????"
0,"user_07 user certo sembrerebbe essere questo lo scenario. ma nessuno ha la palla di vetro per poter avere un'idea chiara del futuro anche se, e questo pare evidente , molti dovranno rinunciare al vecchio lavoro e adeguarsi ai nuovi tempi. me compreso. fino al vaccino quantomeno."
2,"con una copertura vaccinale sulla difterite all 99%, in grecia torna la difterite!   morto un bambino.  70 anni di pace ficchiateveli su per il culo.  la povert uccide, la povert porta malattie e nessun vaccino potr mitigare questo dato di fatto! link"
2,"""si parla di freevax: vogliamo dire i voti, e soprattutto la faccia, che hanno perso rispetto al tema delle vaccinazioni? se non ci credi pi, se non hai le palle, stattene a casa""  user   il pensiero va a tutti i bambini esclusi o danneggiati da #vaccino   #libertadiscelta link"
1,"user user_el user_gori esattamente, non fosse per il cts il 4/5 avremmo avuto più riaperture e libertà di circolare, con le precauzioni, ma liberi. ma d'altronde dopo aver visto rezza ridacchiare dicendo ""per me si sta chiusi fino al vaccino e ho risolto"" non alcuna fiducia in quel comitato"
2,"se sono sicuri,perch chiedere l'immunit?  fatevi una #domanda    s da un'epidemia hanno solo da guadagnare e nulla da perdere ,cosa succeder? link"
0,"coronavirus, dalla cina primi successi per il vaccino link"
0,"j&amp;j accelera su #vaccino, anticipati a luglio studi sull'uomo link link"
0,"user fino al vaccino non vanno presi mezzi pubblici se ci si tiene a non finire intubati."
2,"link capito? in provincia di brescia apre ambulatorio per vaccinarsi contro il meningococco c. oltre alla profilassi antibiotica contro il batterio,verr offerto, alla popolazione tra gli 11 e i 50 anni, il vaccino! oltre..."
2,"m5s: il vaccino anti-covid deve essere obbligatorio. i fedeli schiavetti di rockefeller e gates link"
1,"l'ipotesi del #complotto riguardo al #coronavirus si è spostata sugli interessi delle ditte farmaceutiche #globali, che si starebbero dando da fare per produrre un #vaccino. a pagamento.  #coronaviruswuhan #coronavirusitalia  #globalizzazione

link"
2,"giulio tarro: “coronavirus non è ebola, il vaccino non serve. sanità in crisi per colpa di chi ha dimezzato le terapie intensive” – business insider italia link"
0,"afv beltrame group propone il vaccino antinfluenzale ai propri dipendenti a titolo gratuito.  questa bella iniziativa di #welfare del gruppo siderurgico di #vicenza  la notizia pi letta della settimana su industria vicentina ?? link link"
0,"user_ il vaccino per l'influenza non è obbligatorio ma raccomandato alle fasce a rischio (anziani, immunodepressi, etc).
il 30% è un'ottima percentuale."
0,"user fino al vaccino sicuramente"
2,"user user abbiamo accolto, per evitare terrorismo.
abbiamo vaccinato sotto ricatto della istruzione pubblica, per istruire i nostri figli.(effetti collaterali compresi)
risultato?
siamo sotto attacco battereilogico, mentre i nostri figli sono obbligati ad andare a scuola, senza un vaccino!"
2,"user user user già mi fido poco di un solo parere medico (quindi ne ascolto più di uno) perché mai dovrei fidarmi di una che ha solo ma maturità classica?mistero della fede.
io ribadisco:incominciate a fare il vaccino voi, così poi potremmo discutere se si può o non si può fare.non siamo cavie"
0,"user stessa condizione ""clinica"", ma quando uscirà il vaccino per il #covid lo farò, non per me, ma per tutelare le persone vicino a me che, magari, non sono altrettanto sane.
è la ragione per cui in giappone, chiunque abbia un minimo di raffreddore, mette la mascherina. civiltà..."
2,"user user ancora insistete si questa strada? capisco la scienza, prima di oggi ci sono voluti anni per un vaccino, poi il test ed il codice etico, ora in 3 mesi lo vogliamo pronto ed efficace, mentre dopo 30 anni ancora non c'è quello contro l'hiv"
1,"user non è miseria, è m...a umana,  quale è il senso del tentativo?  immagino che nel momento che verrà individuato e testato il vaccino tutte le aziende farmaceutiche, in tutti i paesi, si dovranno rendere disoonibili a produrlo pagando le royalties a chi lo avrà scoperto."
1,"blog post: a pomezia sperimentazione vaccino - link"
0,"coronavirus video: vaccino, ci siamo! test sull`uomo già in settimana. ecco le parole dell`immunologo &amp;raquo; link link"
2,"user user voi siete tarati... fatevelo voi il vaccino"
2,"user user user state proteggendo temporaneamente e in totale non sicueezza, quel mese di intensiva che parli ce l’ha perché e allergico a qualcosa nel vaccino."
2,"user user user forza paolo. scarica l'app, vaccino, 5g e museruola. così ti voglio. il tempo stringe"
