2,"antidiplomatico:""non si tratta di pro-vax e no-vax"": la discriminazione come metodo educativo e la retorica dell'inclusione link 11"
2,"user user questo lo potremo dire con sicurezza in autunno,nessuno in questo momento mi sta garantendo che il vaccino funziona,i dati dell'anno scorso in questo periodo non sono tanto diversi"
0,"user_lorenzo user mi ha chiarito maggiormente che non sono d‚Äôaccordo. oltre ad aver fatto altri paragoni fuori contesto (monaco anni ‚Äò20) √® poco felici, con un linguaggio che non si addice alla sua carica, ha fatto un sacco di disinformazione sui vaccini. link"
1,"queste che vedete in fila sotto la pioggia sono decine di soggetti fragili in attesa del vaccino in fiera. basterebbero un paio di gazebo, ma la ‚Å¶user‚Å© dov‚Äô√®? #palermo #sicilia #vaccini  link"
2,"user sicuramente l'obiettivo √® questo, ma dobbiamo ancora capire come faranno a passare dal vaccino al credit score. sicuramente il vaccino √® 1 tassello per elevarsi nella classifica. ma manca ancora qualcosa, ci vuole qualcosa che ""cracki"" il sistema inconscio italiano"
0,"mario draghi: chi rifiuta il vaccino sostenga i costi della propria ospedalizzazione! - firma la petizione! link via user"
2,"neppure se toccati personalmente ammettono l‚Äôirrazionalit√† di ci√≤ che subiscono e che impongono.
una #politica morta, miope, subordinata ai militari come #figliuolo.
#zingaretti #vaccini #greenpass #covid19  #greenpassobbligatorio link"
1,"user il vaccino per il covid c‚Äô√®, ma quello per la stupidit√† non l‚Äôhanno ancora inventato"
1,"#vaccini anti #covid19 in italia, aggiornamento del 11/04/2021 ore 11:28
andamento delle somministrazioni per classe di et√†.
#covid_19 #vaccinaitalia #astrazeneca #coronavirus #pfizer #modernavaccine link"
1,"al momento sono 29.969.854 le dosi di vaccino somministrate alla popolazione italiana, mentre 9.759.934 persone hanno concluso il ciclo vaccinale sul territorio nazionale (16,47% della popolazione)."
1,"#vaccini domani, 5 maggio, sul portale della regione #toscana aprono le agende per prenotare il johnson&amp;johnson per chi ha pi√π di 65 anni
link user"
1,"manifestazione dei ""no green pass"" a milano: circa mille persone sfilano per le vie del centro al grido di ""non sono vaccini, ma sieri assassini"" - il fatto quotidiano link"
2,"mia cugina, fatto il vaccino 5 giorni fa questa notte trasportata in ospedale e deceduta. proviene da un ceppo familiare che vive 100 anni. nessuna patologia, sportiva, ballava, rideva , ma non ha voluto ascoltarmi
voleva essere libera con il vaccino.
amen link"
2,"brutti ignoranti buzzurri, la cura √® una sola(o s√≥la) il vaccino, anche se non funziona."
1,"user criscitello potrebbe farmi diventare novax in 4 ore."
0,"vaccino, lo psicologo: cosi' giovani escono da pantano emotivo
 link"
0,"user user_ spiegazione:
classe di et√† &gt;50
 vaccinati 95% 
non vaccinati 5% : il rapporto √® 19:1
tabella: morti:
vaccinati  279
non vaccinati 131: il rapporto √® 2.2:1. 
quindi il vaccino ha protetto gli over 50,anche se il  numero dei loro morti √® superiore a quello dei non vaccinati."
0,"la variante pi√π pericolosa √® quella  no-vax: si attacca al cervello  #covid link"
0,"user caro don, i vaccini servono tantissimo, proteggono indirettamente anche gli altri limitando la diffusione del virus. e meno circola meno muta. don un peccato contro la ragione √® un peccato grave! lo dico da medico cattolico."
0,"user_ansa quelli del si era vaccinato e dove son gi√† arrivati? link"
0,"user_francesco user_it user sono d‚Äôaccordo. certe manifestazioni di violenza, come per esempio negli stadi, non hanno nulla della fede calcistica, molto dell‚Äôidiozia. lo stesso vale per i vaccini, con l‚Äôaggravante che c‚Äô√® in ballo la salute pubblica, oltre che quella personale."
0,"nonni vaccinati, sono un po‚Äô pi√π sollevata:red_heart:"
1,"user_tajani user_italia fino ad oggi solo proclami ma la vaccinazione di massa non parte"
2,"l'#europa (450 milioni di abitanti( prenota 1.8 miliardi di vaccini...mettiamoci l'animo in pace, ce ne toccano 4 a testa per i prossimi anni!"
2,"secondo i dati ufficiali, negli ultimi tre mesi sono morte pi√π persone a causa dei vaccini che nell'ultimo decennio
alvaro colombres garmendia | thebl 03/31/21, 13:54 link"
2,":Italy:
#coronavirus
#vaccinazione

troppi dubbi:double_exclamation_mark:

intanto grazie ai ricatti la sperimentazione continua
e in autunno
avremo i risultati"
1,"user mi piacerebbe essere contadino 
in ogni caso in una comunit√† si pu√≤ esprimere il proprio gradimento o critica.
e in una comunit√† europea non ha senso che ogni nazione vada per la sua strada tra vaccinazioni e chiusure.
ci vorrebbe uniformit√†,oppure ciao europa"
1,"#covid19 #coronavirus
dati in #toscana #9giugno
:black_small_square: 127 nuovi casi
:black_small_square: 15.898 tamponi eseguiti
:black_small_square: 341 ricoverati (-33 da ieri)
:black_small_square: 80 in terapia intensiva (-4 da ieri)
:black_small_square: 9 decessi (6.784 totali)
:black_small_square: 230.765 guarigioni (+425 da ieri)
:black_small_square: 2.390.805 vaccinazioni
link link"
0,"credevo di aver bonificato i miei follower, e invece ‚Ä¶ ‚Äòsti novax spuntano come scarafaggi di notte"
2,"user allora √® vero che i vaccinati sono contagiosi :face_screaming_in_fear:"
2,"la gravidanza solidale.
il vaccino solidale.
il pass solidale.
gli immobili solidali.
la parolina magica per coprire le porcate."
1,"user ci vorrebbe onest√† intellettuale di non limitare alla "" destra "" le pulsioni no vax di questo paese .
erano organici ai 5 stelle 
cunial , bonafede , taverna , barillari , conte .
nn ricordate nulla ?
#lamemoriadelcriceto"
1,"user le persone che rientrano nelle categorie definite fragili in che modo possono accedere al vaccino prima degli altri?nessuno lo dice!"
1,"#vaccini, l'italia procede a rilento? com'√® la situazione in altri paesi #ue? ora su user: fabrizio pregliasco user, don pietro sigurani e user_anfossi di user_cristiana. link link"
0,"ema verso l‚Äôok al vaccino pfizer per i 12-15 anni, speranza: ‚Äústrategico per il prossimo anno scolastico‚Äù link"
2,"per la nazionale di calcio, suonano la trombetta e si imbestialiscono se non vince. per la loro vita e quella dei loro figli massacrata da vaccini sperimentali e mascherine, no. la punizione √® pi√π che meritata."
0,"sto provando a prenotare il vaccino dall'app indovinate se ce la sto facendo link"
1,"chiedete a #vaia del vaccino #reithera #spallanzani #domenicain. confidiamo in #giovannabotteri"
0,"luned√¨ mi vaccino ma come caregiver (avevo prenotato un mese fa), che voi sappiate la seconda dose viene allungata comunque?"
0,"vaccino, contagi crollati e zero morti tra gli under 60: ridotto anche il numer... link link"
2,"user user_official si ho visto, questo si contagia all'hotspot di taranto dove notoriamente sono tutti vaccinati, ma muore lui perch√® quelli senza documenti non li contagia il covid"
2,"user_grim vogliamo ricordare la diretta televisiva della processione natalizia del vaccino che ha attraversato il brennero e poi √® arrivato a roma? giorni e giorni di giubilo perch√© ormai si vedeva la luce in fondo al tunnel. ecco, tre mesi dopo eccoci qua nel caos totale."
1,"user uno che ruba i vaccini agli altri paesi invece come si chiama?"
1,"user user user non c'√® nazione che opprime i cittadini in questo modo, dappertutto si punta sulla persuasione e nello spiegare con chiarezza e senza manipolazione l'importanza dei vaccini. solo qui chi non si vuole vaccinare viene visto come un pericolo pubblico. questa √® schizofrenia!"
2,"user user ma quale grande se questo mong √® favorevole lla vaccinazione di massa"
0,".... aspettando il turno per il vaccino ma porca troooota perch√© al mio comune fan tutti schifo aooooo datelo a tutti wtf"
1,"marsala: rissa per i vaccini covid clicca per leggere link"
2,"user user il vaccino √® solo un mezzo. il fine √® il grande reset"
1,"user user bisognerebbe anche chiederle che cosa abbia fatto lei per contribuire ad attuare la proposta di vaccinazioni h24 che entusiasta rilanci√≤ su twitter..."
2,"covid, la pediatra angelina farella: ‚Äúpensare di sottoporre i bambini a questo tipo di vaccini √® un crimine‚Äù: link"
0,"utili di pfizer coprono + che adeguatamente costi e rischi
adesso x evitare milioni di morti e rischi varianti x noi bisogna fare licenze obbligatorie nei paesi emergenti e/o sospendere brevetto su questo vaccino (non su quelli che verranno o su farmaci non #covid_19) #11maggio link"
2,"user_claudio appunto perch√© non si tratta di vaccino ma di una sperimentazione sull'uomo, sono dei veri tentativi di omicidi."
0,"user user_ casa di riposo di mia madre: il primo piano √® in quarantena perch√® un oss non si √® vaccinato e ha contratto il covid.
mia cugina, che opera nel settore, mi ha detto che circa il 40% dei sanitari non √® vaccinato.."
0,"user prenotato il 17 maggio e vaccino il 20 giugno e fuori dal comune nonostante abbiano aperto un centro vaccinale prima della prenotazione..."
0,"user_en scusate visto che vivo in un paese di merda e l'ue √® peggio, politic parlando, posso io italiano ed europeo vaccinarmi comprando dall'estero il biglietto? penso che lo sputnik sia il miglior vaccino sul mercato in questo periodo. grazie i love russia:red_heart::victory_hand:"
1,"user user user solo a parole, usa e gb si sono accaparrate il 250% dei vaccini necessari alla loro popolazione, molti paesi non hanno visto ancora una fiala, astrazeneca prodotto in india non autorizzato in eu"
2,"hanno fatto questo video perch√© la nazionale italiana ha vinto e la campagna di vaccinazione sta andando male.link"
1,"le battute sul 5g dopo che fate il vaccino anche meno. avete fracassato le palle"
0,"user user user il lockdown inglese non √® stato ""pi√π duro e pi√π lungo"". le loro norme erano molto pi√π sopportabili delle nostre (vedasi immagine) e le chiusure delle scuole sono state molto pi√π limitate. per√≤ hanno vaccinato presto e bene. link"
2,"user non c'√® nessuna fuga, fenomeni, il vaccino non √® obbligatorio e non essendo obbligatorio non scappano da nulla, semplicemente non sono interessati a farlo e non si prenotano, somari!"
0,"user tralasciando lo squallore dell‚Äô uso del dolore altrui per provare una teoria del cazzo...ma una ragazza di 22 anni gi√† vaccinata, evidentemente rientrava gi√† nei soggetti fragili e a rischio, non ci vuole un genio per capire che non si possa imputare qualsiasi cosa al vaccino"
2,"user non c'√® nessuno che chiede se avesse fatto il vaccino.....ma pensano subito al covid

concorezzo, muore a 15 anni nella sua cameretta. ora si indaga sul covid - cronaca - link link"
1,"vaccini napoli, 40 giorni per richiamo pfizer e¬†moderna link"
0,"per l'ottimo andamento della campagna vaccinale voglio ringraziare marco travaglio. ogni sua lacrima sono sui 50mila vaccinati in pi√π"
0,"user quindi, se sei no vax te ne stai ben lontana da me"
1,"user la roba del contact tracing va avanti da mesi. √® una vergogna ma adesso la colpa ce l'ha pure il governo. non puoi aprire tutto e poi imporre quarantena per i vaccinati. √® un controsenso"
0,"user user ma la variante alpha (inglese) √® di ottobre 2020 e la vaccinazione di massa in uk √® iniziata tra dicembre ‚Äò20 e gennaio ‚Äò21!!!!!! svegliaaaaa!!"
2,"user user_andme qualcuno vorrebbe escludere i cittadini non vaccinati dal #ssn.
va bene, pero' non saremo piu' tenuti a versare tasse e contribuzioni e ci rivolgeremo al privato.
alla fin dei conti gia' succede: per una visita col ssn mesi di attesa...privatamente domattina alle ore 8.00 !!!"
2,"user e certo,gli rompete i cogljoni da mattina a sera con restrizioni assurde e senza verit√†...o ti vaccini o resti isolato. siete vergognosi"
0,"user grande stima matteo.  non cedere di un millimetro davanti ai vaccino-scettici che commentano qui.  la lega √® destra moderna, non un movimento oscurantista e becero."
0,"se un sanitario non si vaccina sta commettendo un reato? forse. ce lo spiega user"
0,"¬´sono un ragazzo vaccinato¬ª, jovanotti gioisce su facebook link"
0,"voler far ragionare un no vax √® come volersi ubriacare con la coca-cola."
1,"user quello che fa veramente incaxxare √® che in sardegna, pretendevano assolutamente che tutti quelli che arrivavano fossero vaccinati! e loro non di vaccinano?"
1,"user c‚Äô√® stata molta politicizzazione in questa epidemia. il vaccino √® diventato merce di scambio di voti, ed √® stato sacrificato il diritto alla salute dei pi√π fragili. questo √® molto triste."
0,"‚Äúvaccinari √® megghiu di futtiri‚Äù"
1,"user user user il problema √® che in italia il medico non pu√≤ proporti di fare una dose di vaccino diverso se hai pi√π di 60 anni.
l'aifa ha autorizzato la cosa solo per under 60.
ora capisco che draghi √® il pdc, ma quando va dal medico agisce da privato cittadino e non da capo di governo..."
2,"per la cronaca e come volevasi dimostrare, la figlia del mio collega, ieri, √® risultata positiva. ora andate a quel paese voi e il vostro vaccino."
1,"user ma ancora prima: perch√© bisogna tradurre? il cts non dovrebbe su questo tema dare una indicazione chiara, che non necessita di traduzione? capisco la decisione politica su chiusure/aperture, ma su quali vaccini dare a chi, se non il cts, chi dovrebbe  dare istruzioni ?"
2,"pioggia di miliardi un anno fa vaccini a raffica oggi imprese pochi euro e al collasso vaccini niente ma ci rendiamo conto di quanto sti personaggi mantenuti da noi ci prendono per il culo intanto citt√† invase da clandestini spacciatori??"
2,"user che poi a quanto pare si iniettano acqua pura non vaccini!!!!!!"
1,"user user user_claudio un virus muta in modo casuale a prescindere dai vaccini, e le varianti pi√π contagiose diventano dominanti. le vaccinazioni sono iniziate in uk in dicembre, link la variante alpha fu scoperta in novembre da campione preso in settembre. link"
0,"user user gli operatori sanitari novax debbono essere licenziati in tronco per evitare rischi per gli altri"
1,"user ma di che parla? come se qui ik problema fosse la gente e non come √® stata gestita l'epidemia, vaccinazioni comprese"
0,"tra di noi ci sono moltissimi concittadini che sono nati in altri paesi e hanno bisogno di aiuto per prenotare il #vaccino. molti non chiedono per pudore. solo oggi ne ho prenotati tre per persone che conoscevo. talvolta la cosa pi√π scontata per noi non lo √® per gli altri."
1,"non mi interessa quale vaccino mi fanno.
mi piacciono sia la pfeiffer che la johansson."
1,"green pass, ricciardi: ‚Äúsolo per vaccinati e guariti, tampone non pu√≤ bastare‚Äù link link"
2,"user user no, l'anno scorso non vaccinati c'erano meno contagi, punto, se anche scendono si parla di numeri molto pi√π grandi dell'anno scorso, io mi sto riferendo ai numeri di questo articolo, non so che articolo abbia letto lei."
2,"user i social devono sviluppare un dibattito serio...detto da lei √® opinabile.
il ""cercateli"", considerando che non esiste obbligatoriet√† del vaccino, √® stato una delle tante subdole minacce."
0,"che bello sarebbe, se ci fosse un vaccino contro il covidooooooh wait!"
0,"user user user user nessuno vuole imporre il vaccino, al momento, ma sei tu che stai ipotizzando che sia solo business."
1,"piano vaccini | la preoccupazione dei medici di base | ¬´sui pazienti fragili c'√® il rischio di una giungla delle priorit√†¬ª ‚Äì l'intervista link"
2,"user siamo sempre guariti dalle polmoniti, le cure esistono.. √® di vaccino che si muore, e non ci sono storie, e non sanno nemmeno riconoscerlo tanto pi√π che essendo sperimentale dovrebbero verificare le cause dei decessi anzich√© catalogarli come ‚Äúmalore improvviso ‚Äú... vergogna.."
1,"new post: leggi la notizia! in vista obbligo vaccinale per sanitari no vax: pena la link #veneto #notizie #news"
2,"user user user √® un imbelle. di √® vaccinato. ha detto che va dove vuole? bene. non torni."
1,"user user user user_italia qui il contenuto della interrogazione a firma armando siri e alberto bagnai al ministro speranza sui vaccini. link"
1,"user lo status di vaccinato √® transitorio,israele dopo 5 mesi alla 3¬™ dose,uk dopo 6 mesi,dal 6/9 3¬™ dose per 32 milioni di gi√† vaccinati,usa dopo 8 mesi,dal 20/9 3¬™ dose,la variante delta elude il vaccino::da noi per decreto 2 dosi valgono 12 mesi... link"
2,"penso che sia questione di tempo poi verra‚Äô fuori davvero lo schifo che sta dietro questi presunti vaccini!!!"
0,"per me √® mio fratello che in una discussione abbastanza accesa con mio pap√† no vax, incazzato con me perch√© voglio fare il vaccino, prende le mie difese e si mette a discutere con lui
(il vaccino l'ho prenotato oggi insieme a mia mamma)"
1,"2 settembre alle 20:00, a vibo, sar√≤ alla presentazione del libro di matteo bassetti.
intanto √® notizia di oggi:
ennesima aggressione dei no vax nei confronti dell'infettivologo bassetti inseguito e minacciato: ""ci ucciderete tutti con questi vaccini e ve la faremo pagare"". link"
1,"vaccini: ruffo (sissa), ancora in attesa comunicazione asugi. universit√† trieste e udine gi√† informati, cominceranno gioved√¨ #ansa link"
1,"**covid: cottarelli, ‚Äòpass? perch√® un nuovo documento? basta burocrazia‚Äô**: roma, 18 apr. (adnkronos) - ""servono 2-3 mesi per creare il pass unico per chi √® vaccinato, non ha link"
1,"vaccini covid lombardia, moratti: ‚Äúi pazienti vulnerabili possono aderire con il sito delle poste‚Äù link"
1,"user eh gi√†... perch√© finora, andando in giro, mi hanno chiesto le vaccinazioni fatte.... certo... :person_facepalming_medium-light_skin_tone:"
2,"fino che non avranno vaccinato 18 milioni di italiani loro non si fermano lo sa la sx e anche il cdx"
0,"orgogliosa e grata ai nostri ragazzi in divisa che, come sempre, ci sono nel momento del bisogno. 
generale #figliuolo avanti tutta con i vaccini noi di user_italia siamo al vostro fianco."
2,"user 1-gli esperti non sanno nulla. 
2- tutti i vaccini sono ancora in fase sperimentale. 
3- la fascia di et√† in questione ha un fattore di rischio trascurabile. 
ne riparliamo nel 2023."
1,"...peccato che ora la bottery sia quarantenata in #china:China: e non si possa vedere la sua faccia visto che aveva detto che l'arrivo del #vaccino #johnsonandjohnson era la svolta per accelerare le vaccinazioni:grimacing_face:

#lineanotte"
1,"asl na 2 nord, stop alle prime dosi per mancanza di¬†vaccini link"
2,"user user ha fatto pi√π morti il vaccino del covid?"
0,"ma quindi abbiamo davvero bloccato un vaccino per 30 trombosi su 5 milioni di vaccinati?
#astrazeneca"
1,"#cronaca #ultimenotizie vaccini in aziende, 2mln #astrazeneca in frigo - link - #tifosi #vaccino link"
1,"gds: ""#sicilia. vaccini in farmacia, si parte il 15 luglio""
link"
2,"""ci stanno somministrando un vaccino ancora in sperimentazione, secondo l'agenzia del farmaco cinese √® potenzialmente pericoloso"" ‚ñ∑ prof. leopardi link"
2,"fa il vaccino pfizer alle 14 45 muore alle 16,30   link"
1,"user user user_lucato io vedo la differenza tra chi il vaccino lo ha prodotto e ha vaccinato (tra mille problemi) e chi per ora lo sta solo testando. il resto chiacchiere."
1,"user user_alpopolo fammi capire: sull'obbligatoriet√† del vaccino e sul passaporto vaccinale cosa ne pensi?"
0,"√® assurdo come i novax riescano a mettere in correlazione la morte di #raffaellacarr√° con il vaccino. sono da tso ormai. fermateli."
0,"ad ottobre, quando ci rinchiuderanno nuovamente, ricordate che quel 30% in meno di efficacia del vaccino pu√≤ comunque fare la differenza! quindi vaccinatevi!
perch√© anche per delta, con il vaccino per lo meno non muoio, senza non so! sappiatelo!
#greenpassobbligatorio #pfizerdown"
2,"io non deploro chi si inocula il siero, se poi muoiono comunque di covid o di nessuna correlazione mi dispiace per loro.
#sottilidifferenze"
2,"user user basta analizzare le percentuali di non letalit√† del covid e quelle di garanzia dei vaccini, sono simili. vuole dire che i vaccini non cambieranno la situazione, e lo stiamo gi√† vedendo nei fatti"
2,"#greenpass per viaggiare!
#israele vieta l'ingresso ai #vaccinati perch√© portano la #variantedelta!
#sipario!!! link"
1,"il livello di esasperazione √® alto e domandare se si √® vaccinati o meno sta diventando un'abitudine come chiedere una tazzina di caff√® al bar. si parla sempre di privacy e protezione dei dati personali e poi in tv, te lo chiedono senza problemi. basta no? user user"
1,"politici e vaccino: da salvini e meloni a letta, renzi e grillo. chi lo ha fatto e chi non lo far√† 
‚Å¶user‚Å©  link"
0,"user user_francesco user quindi non ti vaccini contro il tetano fino a che non muori di tetano perch√© in base alla tua esperienza personale il tetano non esiste. d'accordo."
1,"giro di vite per 45mila sanitari. per i non vaccinati stop all‚Äôattivit√† link"
0,"user attenta che cos√¨ ti inimichi tutti gli utenti no vax, no covid, no restrizioni.
'nsomma, sarebbe un bel vanto."
2,"user se i vaccini fossero super sicuri. ma non lo sono, per niente."
2,"user user user user ma che investigazioni lo dicono i medici, incluso quelli super pro vax tipo bassetti"
0,"tu provi a far finta di niente, a mantenere la calma poi sti novax si paragonano agli ebrei durante la seconda guerra mondiale e ti vien voglia di prenderli a sberle tipo mulino a vento."
1,"campagna vaccinazione in cina: oltre 2 mld dosi somministrate   video link"
0,"user_lorenzo user no entra ma facciamo le gabbie di vetro come per i fumatori in aereoporto e ci mettiamo la targa imbecilli novax"
2,"link

#astrazeneca , #antonellaviola e l'allarme sui #vaccini: ""i #rischi superano ampiamente i #benefici, ma non l'hanno letto?"" 

#liberoquotidiano"
2,"user user__ no, sono sperimentali, leggi il bugiardino e vedrai cosa scrivono. sono vaccini sperimentali somministrati in larga scala per via della pandemia."
0,"seguivo un noto personaggio della community trash italiana ma ho visto pubblicate un sacco di cazzate e speculazioni sui vaccini da questa persona, quindi l‚Äôunfollow √® stato automatico e senza alcuna piet√†"
1,"ma quindi il vaccino immunizza? chi si vaccina pu√≤ anche togliere la mascherina e non rispettare la distanza?"
0,"user_lorenzo user user user se non sei vaccinato non entri nei luoghi pubblici non sali nei mezzi pubblici te ne stai per conto tuo e non calpesti il diritto degli altri a non subire la tua violenza sulla base di un presunto diritto che non esiste ."
2,"user user 
allora? sono passati 13 giorni, la situazione mi pare molto peggiorata anche rispetto al 2020, quando non c‚Äôerano ‚Äú#vaccini‚Äù n√® #greenpass!
che dice l‚Äô ‚Äúesperto‚Äù #battiston? user_bat :face_with_tears_of_joy:
pi√π patetici che ridicoli!

#ilgiornale #fakenews
#nogreenpass
user_cnog link"
2,"user user con tutto il rispetto, ma quando ho letto ""la vaccinazione rende liberi"" a me si √® ghiacciato il sangue e ci ho pensato, s√¨, alla banalit√† del male, a quanto sia facile negare la libert√†."
0,"fra le simpatiche terapie domiciliari che ultimamente vantano i no-vax spicca l'uso dell'ivermectina un antiparassitario per cavalli e vacche. se posso permettermi, vi consiglio frontline, cosi terrete lontani oltre al covid-19 anche pulci, zecche e pidocchi masticatori. :grimacing_face::winking_face: link"
1,"user molte persone dopo molti mesi a casa hanno scelto di fare il vaccino.. altri hanno scelto di non farlo.. quando un certo andrea scanzi ha scelto di farlo prima di altri mezza italia era pronta a fustigarlo .."
1,"user user ma lo vogliamo capire che il virus non verr√† sconfitto dai vaccini ,che servono per evitare di prendere il covid in forma lieve o comunque non mortale"
1,"a quanto pare i #vaccini dopo 7-8 mesi iniziano a perdere efficacia.
il governo intanto sta meditando di ampliare la validit√† del #greenpass da 9 a 12 mesi. link"
0,"impoante risoluzione del consiglio d‚Äôeuropa : vaccini per tutti senza discriminazioni di ogni genere link"
0,"covid, persi oltre 9mila posti di lavoro in abruzzo: ‚Äúavanti spediti con campagna vaccini‚Äù link #abruzzo"
1,"i 2 decessi registrati oggi si riferiscono a

‚Ä¢ 2 donne di 80 e 83 anni

erano residenti a scandiano e vetto d'enza

:syringe:ieri sono state vaccinate 1.141 persone, oggi ne erano programmate 750"
2,"user user ‚Äú...l'ex ministro grillo ha detto che ""di vaccino non √® mai morto nessuno""... 
si riferiva alla bistecca..."
2,"#nessunacorrelazione, quindi #vaccinoaigiornalisti che hanno sempre sostenuto l'obbligo."
0,"e difficile far capire loro quello che succede, solo con dei ricoverati novax pubblicare le loro foto. e forse capiranno anche sono manovrare da qualcuno di certo. 
e bravi 'no-pass': urlano che vogliono la libe√† e ci fanno rischiare nuove chiusure link"
2,"deve diventare famoso il dott. scoglio! laureato in legge, ma dedica la vita alle alghe. ha deciso di essere il candidato al nobel 2018, anche se nessun candidato al quel nobel sar√† noto prima del 2068. 
e vi parla della pericolosit√† dei vaccini."
0,"i free riders del vaccino, ovvero gli scrocconi di libert√† (di d. faraone) link #"
0,"user #de luca si √® vaccinato per vincere i timori delle persone. lo ha fatto sotto i riflettori. se voleva fare il furbo lo avrebbe fatto di nascosto. se fosse stato in lombardia, i lombardi e tutti noi non avremmo assistito a questo schifo di amministratori incapaci ed inetti."
0,"ùêíùêûùêßùê≠ùê¢ùê´ùê¨ùê¢ ùê´ùêûùê¨ùê©ùê®ùêßùê¨ùêöùêõùê¢ùê•ùê¢  per se e per gli altri!
lo stato italiano e la situazione storica ci chiedono e ci impongono la #responsabilita attraverso la chiamata alla vaccinazione di massa. 
#vaccini #covid19 #governoitaliano #pandemia 
link"
1,"user coglione infame imbroglione ha votato a favore del passaporto vaccinale!!!!  infame lo sai che questo significa che l economia italiana croller√† a picco! perch√© i vaccini in italia non ci sono e non arrivano prima di natale  ! ci√≤ significa che  il turismo italiano √® morto! munez"
2,"uomo del nj in ospedale con covid dopo essere stato completamente vaccinato.  ma almeno ha il suo passaporto, giusto? #earlytreatment is the key! link"
1,"festa: ‚Äúritardi nelle vaccinazioni. fuksas ha rinunciato al progetto dogana‚Äù

link link"
1,"il vaccino di johnson  link via user"
2,"user_cersei nei laboratori militari c'√® la prassi di sviluppare parallelamente a ogni arma biologica il suo vaccino.
link"
0,"user per√≤ a parte i no vax ci sono altre problematiche. te lo dice un vaccinato, con unica dose di pfizer in quanto guarito 5 mesi prima della vaccinazione. del green pass nemmeno l'ombra. e non c'√® verso di fare la seconda dose. benvenuti nel limbo"
1,"user_marco79 si ma la prevalenza tra non vaccinati 80enni √® passata da quasi 600 a 200...dovrebbe essere triplicata questa popolazione, impossibile"
1,"rivolto a chi si riconosce!
brutti stronzi! adesso che la lombardia e le regioni di destra sono prime nelle vaccinazioni, non dite pi√π nulla? link"
0,"via libera dell‚Äôema, il vaccino astrazeneca √® sicuro ed¬†efficace link"
1,"15 milioni di dosi di vaccino j&amp;j buttati per un errore umano.

il tecnico di laboratorio minimizza: "" ho mischiato pfizer, j&amp;j, soda, lime e vodka e a me sembrava buono"""
1,"l' #europa si √® dimostrata un fallimento anche per  l' approvvigionamento del #vaccino   #coffeebreakla7"
0,"user user user alle persone (e i governi) che si stanno sbattendo x affermare il privilegio di chi √® vaccinato su chi no, che i vaccini a)non sono una cura, b)senza test and track servono a poco, c)non devono discriminare aree geografiche e gruppi di persone d)vanno resi disponibili globalmente"
0,"user basterebbe usare i vaccini come da indicazioni, senza protagonismi."
2,"user - perch√© chiami vaccino un farmaco sperimentale ?, se fosse un vaccino perch√© far firmare un documento che li solleva da ogni responsabilit√† ?"
2,"quando la finiranno di dire falsit√†? l'hosempre detto e sostenuto.
1 il vaccino per virus che mutano non serve.
2 il #covid19 si cura benissimo a casa
3 siamo comunque al 70% di vaccinati ma in pratica siamo messi peggio della scorsa estate?liberi tutti! 

link"
2,"user sperano che dopo esserti vaccinato muoia di incidente stradale, magari ti porti via altri 3 o 4 ed il risparmio √® sicuro. vogliono bertolaso a roma, pi√π vicino alla palestra in via flaminia, per le sue gesta eroiche."
0,"user il vaccino protegge dalla malattia, non dall'infezione
ci si pu√≤ infettare anche da vaccinati, e quando succede √® comunque in forma lieve e poco trasmissibile 

i non vaccinati sono vulnerabili sia per l'infezione che per la malattia 
1/2"
0,"user se procediamo cos√¨, al ritmo di mezzo milione di vaccini giornalieri, se ne pu√≤ uscire in fretta. per quanto mi riguarda, dobbiamo solo sperare che si prosegua su questa strada"
1,"vaccini lazio, ripartono le prime dosi: la chiusura degli hub ora slitta a ferragosto - link link"
0,"vaccino, papa ‚Äústrumento essenziale nella lotta alla pandemia‚Äù link"
1,"user user user_grillo il contatore dei vaccini funziona ancora o si √© rotto? non ci aggiorni?"
2,"user user user user non so in quanti sopravviveremo a  altri due anni di vaccini !!??!?:face_screaming_in_fear::face_screaming_in_fear::face_screaming_in_fear:‚Ä¶ e lo avevano detto ‚Ä¶siamo in troppi al mondo:pouting_face::face_with_steam_from_nose::face_with_steam_from_nose:"
0,"comunque il 16 ho la prima dose del vaccino :backhand_index_pointing_right_medium-light_skin_tone::backhand_index_pointing_left_medium-light_skin_tone:"
1,"libero e il giornale si sono allineati.
la verit√† resta novax. link"
2,"user avvisiamo la signora merkel che la parola ""immunizzato"" per chi si √® vaccinato, non si pu√≤ pi√π usare.covid, contagiati in 20 su 360 sulla nave scuola amerigo vespucci, la marina militare:¬†¬´sono tutti vaccinati¬ª¬† link"
0,"user prof con tutti i non vaccinati nell'ambiente scolastico?"
2,"i pazzi under 50 che si fanno astrazeneca vanno fermati! governo di assassini!!!"
2,"user tu che dici mariano... dove andiamo a finire cos√¨?
mi chiedo sempre la stessa cosa: se il vaccino (che vaccino nn √®, in quanto farmaco sperimentale dichiarato) √® sicuro... che motivo hanno i vaccinati di stare allarmati? sono protetti no? come mai tutto questo odio per chi ha"
1,"oh mamma non sto praticamente pi√π sui social, tra gli esami e la prenotazione dei vaccini per i miei genitori sono veramente in costante ansia in questo periodo"
2,"medico: ‚Äúastrazeneca causa coaguli di sangue‚Äù. norvegia non riprende¬†vaccinazione link"
0,"user perch√© le case famiglia e le comunit√† alloggio di roma sono rimaste senza vaccino? 
 
le persone fragili residenti continuano ad ammalarsi nonostante vivano in sostanziale lockdown da un anno!
 
intanto c'√® una petizione link via user"
2,"la ""variante"" delta in inghilterra colpisce i vaccinati 6 volte di pi√π dei non vaccinati. se hai capito l'antifona, indovina chi colpir√† di pi√π ad ottobre la variante ""gamma"" (proveniente stavolta dalla manciuria)? link"
1,"vaccini, in piemonte si risolve il rebus dell'appuntamento per l'iniezione [di sara strippoli] [aggiornamento delle 08:00] link"
0,"le farmacie veronesi sono tra le pi√π virtuose a livello regionale per numero di inoculazioni effettuate: 3637 le dosi somministrate dall'inizio della campagna. vecchioni: ¬´soddisfatti dell'apprezzamento da parte della popolazione¬ª.

leggi sul sito: link"
2,"eccellenza: l‚Äôormai immancabile bill &amp; melinda gates foundation e la central intelligence agency.

abbiamo analizzato nei 31¬†reportages wuhangates il ruolo della cia nel campo delle armi batteriologiche e quello di gatesnella ricerca di virus per costruire lucrosi vaccini. ora"
0,"i #vaccini slegano l‚Äôandamento dei contagi da quello dei morti.
vedremo il prosieguo, ma l‚Äôeffetto comincia ad essere evidente.
#variantedelta 

    russia 13%                uk  63%
      1st dose                    1st dose link"
2,"user_h user di quando √® questa intervista?
ho letto che mara ha la paralisi di bell per via del vaccino."
2,"user user sul fatto che gli italiani non siano popolo bue ho molte riserve. 
gente disposta a farsi vaccinare anche con l‚Äôacquaragia pur di andare in vacanza ‚Äúimmunizzati‚Äù e gi√† pronti a sacrificare anche i loro figli sull‚Äôaltare del dio vax. 
popolo bue anche troppo poco per sta gente .."
2,"ci arrivano piano piano a dire #vaccino #covid obbligatorio per tutti, dalla nascita ai 125 anni ma dategli un paio di mesi. tanto ormai vaccinano pure durante la gravidanza, poi passeranno agli animali vedrete. e quello sar√† il momento che i #fruttariani diventeranno tantissimi."
0,"grandissimi pezzi di ce:toilet:sse unitamente a tutti i :cherries:oni no vax che vivete nella nostra sicilia-- 
ci siete riusciti siamo primi per contagi e ultimi per vaccinazioni
da luned√¨ 30 saremo di un bel colore giallo!
guardatevi allo specchio e ‚Ä¶.:sneezing_face::sneezing_face: link"
1,"#sicilia, al via a #palermo il primo grande ‚Äòhub‚Äô per le vaccinazioni - video link"
2,"covid, muore a 52 anni dopo il vaccino pfizer: richiesta autopsia | virgilionotizie link"
0,"user non lo direi neanche di un medico fumatore se non fuma in faccia ai suoi pazienti. i vaccini non sono solo un bene per la propria salute."
1,"le manifestazioni antivax e il green pass link"
1,"non credo che sia etico, il comportamento che esclude l‚Äôuso di un  #vaccino  :syringe: #sputnik per motivi politici . il dovere della politica √® mettere la vita dei cittadini davanti a qualunque pregiudizio o interesse"
0,"user ancora ad oggi i miei cari non sono stati ne vaccinati ne chiamati da nessuno mia mamma di 92 anni e mio zio infermo di 89 la stampa tace e la toscana tace una vergogna infinita ( siamo di firenze) il #governodeipeggiori"
0,"user user user_enricorosso user user user user user genio, invece di scaricare la responsabilit√† su chi lavora sodo per portare il pane a casa chiedi che venga imposto l'obbligo vaccinale. che poi ce li ricordiamo quelli come te quando si siedono a tavola e qui ci verresti perch√© siamo tutti vaccinati."
0,":blue_circle: ""si riprende con tutti i #vaccini. si pensa a privati e anche #farmacie. tutto come detto. errori sono stati commessi eccome e lo √® stato sospendere. errori nazionali. campagna e pass #ue sono la via sana e giusta""

user :studio_microphone:
#nonstopnews link"
0,"user spero che facciate i complimenti anche alla regione lazio dato che ha gestito le vaccinazioni meglio di tutti .... diciamo un bravo a zingaretti"
2,"10‚Ç¨ sulle rsa chiuse per altri motivi con l‚Äôarticolista che ha buttato gli 87 non vaccinati nel titolo per fare sensazionalismo."
0,"iniziate vaccinazioni over 70. finalmente! #toscana #vaccini"
0,"pensiero per chi si lamenta della cessione di vaccini agli ""stati poveri"": in un pianeta globalizzato la strategia di vaccinazione deve essere strategica. la circolazione di persone √® continua e inarrestabile. l'immunizzazione deve essere globale. il buon cuore non c'entra nulla."
1,"lombardia, gi√† 270.170 over 50 hanno prenotato il loro vaccino anti covid: oggi le prime iniezioni link"
2,"user_pfeddy user_ user quella che ti infetta e ti spedisce in terapia intensiva anche se sei vaccinato ""bucando"" la protezione degli anticorpi link hanno l'80% di vaccinati, e gli √® ripartita l'epidemia"
0,"user chi si prende la responsabilit√† di mandare il personale scolastico sopra i 50 anni allo sbaraglio? se la prende lei, ministro?
qualcuno dovr√† spiegare perch√© riaprire le scuole senza aver vaccinato gli insegnanti.
chi ne risponder√†, se qualcuno si contagia e ci lascia la pelle??"
0,"user_mi_ user sar√† colpa dei vaccini ‚Ä¶ :zany_face::zany_face::zany_face:"
1,"fauci, stiamo lavorando a vaccino anti-covid in pillole link"
0,"ma allora ditelo che basta avere un amico in paradiso e il vaccino te lo fanno anche con 25 anni di et√†. solo sulla carta viene previsto prima over 80 poi over 60 dopo il resto della popolazione. non si deve aprire un fascicolo si deve punire severamente i furbi"
1,"user_2022 ho aprezzato della conferenza stampa di #draghi mes: ‚Äúcon questi tassi di interesse non √® detto che convenga e poi serve per la sanit√†, oggi √® inutile‚Äù. ‚Äúsui vaccini se l‚Äôeuropa far√†, bene, altrimenti si va da soli."
1,"user una domanda, come mai il contatore delle vaccinazioni riporta una cifra di circa un milione di somministrazioni prime dosi in pi√π rispetto alle statistiche ufficiali?"
2,"ecco la prima denuncia contro la rai per la disinformazione su vaccini e cure domiciliari"" link 8"
0,"user √® impossibile prenotarsi, dopo un giorno intero di tentativi ho rinunciato, a questo punto uno che vorrebbe il vaccino cosa deve fare? ci fosse almeno a pagamento."
2,"user user_gibilisco i numeri non esono esigui;

allo stato attuale a 1,5y dall'inizio della supposta emergenza, decessi &gt;40y per quale fosse nota condizione clinica/assenza patologie gravi sono =44 

le segnalazioni al 20/5 di reazioni avverse gravi sono (sottostimate) 1/3000 vaccinati

conti pure"
2,"coloro che ci hanno messo paura a causa del covid, sono gli stessi che ci vogliono imporre la somministrazione del vaccino 
link"
1,"user inutile inviare dosi di vaccino alle regioni che non riescono a farle."
2,"user user un passaporto per vaccini che hanno ottenuto solamente l'emergency use authorization, ovvero non ancora validati da fda, etc? se cosi fosse continuero' con il delivery, l'ecommerce e gli esercizi al parco o a casa. buona fortuna a tutti. link"
0,"user vaccinazioni non se ne parla manco morti?

il lockdown √® l'alternativa al vaccinarsi ... senza vaccini si va in lockdown ... con i vaccini il lockdown √® una inutile vacanza!:pouting_face:"
1,"user_maffi user a tg lombardia conferenza stampa prima regione a raggiungere 1 milione di vaccinati"
2,"link
la proteina spike entra in circolo nel sangue e forti percentuali sono state riscontrate nella milza, nel cuore e nelle ovaie di coloro che si sono sottoposti al vaccino. un gruppo campione di 13 sanitari. 11/13!"
2,"sono simpaticissimi questi provax ."
1,"vaccini covid, la classifica delle regioni link"
2,"107 euro al mese in pi√π per fare da cavie. perugia, poliziotta 43enne ricoverata dopo il vaccino astrazeneca link"
1,"vaccini: da luned√¨ le prenotazioni dei cinquantenni. 85mila dosi al giorno ‚Äì ballabio news ‚Äì quotidiano online di ballabio, morterone e piani dei resinelli link"
0,"user user potete sempre espatriare dove non c'√® praticamente nessun problema italiano: mi sembra - ma ammetto di non essere certo - che in tunisia non ci siano vaccini, greenpass pass e balle varie (sarei stupito del contrario, l√† si lamentano che non li vaccino e non li curano)."
2,"quando pensate che user_italia siano liberali invece scopri che vogliono l' obbligo per i vaccini sperimentali
chiss√† se user si far√† un bel astrazeneca?"
1,"ma i vip/politici lo sanno che possono fare il vaccino anche senza darci la prova con i selfie? viviamo benissimo anche senza."
2,"quarta dose obbligatoria?
non scherziamo."
2,"medico in incognito parla dei vaccini covid link via user"
1,"user__ user e comunque stiamo dicendo cose diverse secondo me. 
io farei un confronto del tasso di letalit√† per classe d'et√† rispetto alla variante alpha e la delta tra non vaccinati. in questo modo vedi se la letalit√† della delta √® rimasta la stessa dell'alpha oppure √® diminuita anche tra i"
0,"user user user parli per lei quando si riferisce a chi √® stolto non coinvolga gli italiani. milioni di morti in tutto il mondo ed ha ancora il coraggio di mettere in dubbio la necessit√† dei vaccini? per sua informazione poi tutti i paesi hanno acquistato vaccini comprese le locomotive europee"
2,"i dati che preoccupano l‚Äôinventore del vaccino mrna (imprtanti e vietati ai virologi da tv) link #news #feedly"
2,"cosa succeder√†? i dati #covid miglioreranno ancora e beccamorto user frener√†, incatenando e chiudendo il paese con l‚Äôavallo di user_chigi che la mena con i #vaccini. a quel punto user reagir√†? di sicuro il popolo insorger√† furiosamente. #dittaturasanitaria"
2,"user user ma se hanno detto (gliscienziati) che i vaccinati infettano ugualmente.... che si vaccinano a fare?"
1,"coronavirus, a matera continuano le vaccinazioni senza prenotazione link"
0,"user_dbnw user user che noia 
comunque chi guarda i positivi col vaccino vuol dire che non ha capito niente"
1,"user √® sicuramente meglio"" dopo il vaccino ""...sicuramente"
2,"user_official :beaming_face_with_smiling_eyes::beaming_face_with_smiling_eyes::beaming_face_with_smiling_eyes::beaming_face_with_smiling_eyes::beaming_face_with_smiling_eyes:sapete quante varianti devono ancora uscire  parecchie e una cosa grave ///i vaccini non riescono ad anticipare perch√© √® impossibile bloccare il mondo! !!!"
1,"vaccini in sardegna, ieri oltre 13 mila somministrazioni e 60 mila prenotazioni link"
1,"user user_it user user gentile sig. #calenda, spiace vedere che pur di farsi pubblicit√† lei sia disposto a scendere a cos√¨ bassi livelli. non pu√≤ non capire che la frase ""il vaccino rende liberi"" √® davvero infelice. protesti contro coloro che la utilizzano, non contro chi ne fa notare l'inadeguatezza."
0,"un giorno qualcuno disse: nessuno si salva da solo. quindi, se qualcuno che √® in procinto di farsi il vaccino #astrazeneka avesse intenzione di rifiutarsi, mi contatti pure, sarei ben lieto di prendere io il suo posto #vaccini"
1,"l‚Äôindia ha ordinato 300 milioni dosi di un vaccino anti-covid non approvato link"
0,"user si ok, √® un intimidazione un abuso una via di mezzo, ma in realta se ho capito lei ha criticato il generale responsabile della logistica dell approvvigionamento vaccini perch√© non vuole vedere le divise, che √® assurdo perch√© ora i vaccini circolano meglio"
1,"vaccino anti-covid, online il portale regionale per la registrazione degli estremamente vulnerabili
link"
2,"user se esistessero i vaccini, primo. se fossero efficaci, secondo. se non fossero inutili...se, se, se..."
1,"auguro vacanze all'insegna della dissenteria per tutti quelli che si son vaccinati scavalcando anziani, immunodepressi e malati cronici."
0,"l'idea per il futuro di creare un vaccino che possa proteggere contemporaneamente da pi√π coronavirus e pi√π varianti del sars-cov-2. lo studio, in una fase molto iniziale e su animali, ha mostrato primi risultati favorevoli. link"
1,"ecco come prenotarsi per ricevere il #vaccinoanticovid.

link"
0,"user user di nuovo una notizia falsata. ""i vaccinati possono trasmettere il virus"" √® diverso da ""vaccinati e non trasmettono il virus in ugual misura""."
0,"comunque ieri sera l‚Äôhost del nostro b&amp;b ci ha seriamente detto che non fa il vaccino perch√© a sua sorella adesso rimangono le chiavi attaccate addosso. non ne usciamo."
2,"brescia, morto di trombosi dopo il vaccino, indagine per omicidio colposo link"
1,"covid. al via due studi dell‚Äôiss per il monitoraggio immunologico post vaccinazione in¬†italia link"
1,"link ministero della salute, rezza: ""immunit√† di gregge quando avremo vaccinato il 67% della popolazione"""
1,"mio padre mi ha salutato questa mattina con ""mi sa che non andremo a venezia il *data mio vaccino*, temo saranno costretti a sospendere astrazeneca."" 
l'ottimismo √® il profumo della vita e il buongiorno si vede dal mattino!"
0,"user_m user purtroppo √® vero, gli italiani in generale sono vaccino scettici, e per questi che non hanno seguito il classico iter ancora di pi√π"
2,"user user √® successo anche nella mia famiglia. tutti vaccinati eccetto me ed ogni tanto mi danno della cogliona. :confused_face:"
1,"mentre le #bigpharma registrano guadagni da capogiro, il #wto si incontra per parlare della sospensione dei #brevetti sui #vaccini anti #covid. ecco cosa potrebbe succedere senza un accesso equo ai vaccini
#covax #omc #oms
link"
1,"user user user user no. l'affermazione di roberta √® corretta. un vaccinato pu√≤ essere positivo e contagiare. io mi riferivo alla famigerata immunit√† di gregge √® mi chiedevo se questa implichi solo che nessuno si ammali gravemente o se porterebbe ad una progressiva estinzione del virus."
1,"vaccini: sileri,verosimile ripeterli ogni¬†anno link"
0,"user io mi sono vaccinato 2 volte, per proteggere mia moglie che ha malattia autoimmune e non pu√≤ vaccinarsi.
poi vedremo a ottobre..."
1,"europei e vaccini: s√¨ di italia e belgio, no dell‚Äôinghilterra. caos in spagna, libera scelta per francia e¬†svizzera link"
0,"l‚Äôok alla presenza di spettatori alle gare di #uefa2020 allo stadio #olimpico √® un gran bel segnale di #speranza (maiuscolo e minuscolo). ora, per√≤, urge un protocollo rigido del #cts e, soprattutto, un‚Äôaccelerazione nelle #vaccinazioni. altrimenti sar√† l‚Äôennesimo, vuoto proclama"
0,"user user il 40% di ricoverati √® vaccinato non vuole dire che il 40% di vaccinati √® ricoverato. le due affermazioni sono molto diverse! mi sembra che in tanti stiano equivocando‚Ä¶"
2,"tutti leoni e poi si cagano sotto...e fanno le corse per fare il vaccino"
2,"user user l
obbligo del vaccino preclude solo se vi e' una pandemia,fatto e ke se si cerka sul web ilvirus sarsa nn e pandemico perke nn letale ,xessere letale ki e contagiato deve morire ,invece il sarsa ,nn e letale colpisce i + emaciati con altre patologie e vecci over 80"
2,"a #controcorrente #fedriga nega che il vaccino crei le nuove varianti.
poi ""io sono favorevole alle scelte del governo fino ad oggi compreso il #greenpass "".

il centrodestra che dovremmo votare."
0,"user_tiziana noi vaccinati si (si spera)"
0,"user user beh l‚Äôhanno degradato.. hanno ancorale scuole aperte a differenza di altrivia le maschere .. vaccinato  con 2 dosi quasi il 65% della popolazione e pochi decessi e ingressi in terapie intensive .. u.k. covid certo nn ste vincendo"
0,"user user user non ci vedo nulla da ridere, mi sembra un ragionamento pi√π che sensato quello di avere la possibilit√† poter comprare il vaccino in farmacia, nulla togliendo ovviamente a chi aspetta il servizio sanitario nazionale"
0,"user user user e quindi? i vaccinati nel 95%/99% dei casi non avranno bisogno di 300 euro di cure da cavallo e 20 mila euro di terapia intensiva."
2,"user provateci a dare un vaccino genico sperimentale ai miei figli. provateci."
2,"vaccini covid, morte sospetta di un docente: il piemonte sospende astrazeneca #calabrianotizie #newscalabria link"
2,"user user user user user si vaccini..stia a casa..e si protegga dal virusmagico. attenda lo stipendio il 27  compri su amazon e si faccia portare la spesa a casa. saluti"
1,"user si fa il triage prima del vaccino. l‚Äôoccasione per valutare l‚Äôopportunit√† dovrebbe essere quella"
2,"studio scientifico vaccini covid-19
.. forte risposta immunitaria infiammatoria, compresi polmoni e fegato ..
.
.. affaticamento, mal di testa, brividi, dolori muscolari, febbre e dolori articolari ..
.
.. intense reazioni infiammatorie e trombotiche ..
link"
0,"comunque domani torno gi√π a milano per la seconda dose del vaccino e poi risalgo in montagna tipo subito.
sono gi√† stanca al pensiero."
2,"user_rosato s√¨, certo, ripartiamo in sicurezza. tanto a ottobre sar√† colpa dei non ancora vaccinati, giusto ?? link"
1,"0,5% vaccinati media per tutta l'africa, 15-20% media europa dell'est. perche' temete l'immigrazione? moriranno tutti, no?"
1,"bergamo e brescia l‚Äôannuncio di bertolaso: da domani vaccini a 30 mila persone over 60¬†il bollettino: 318 i morti - a brescia 901 casi - #bergamo #brescia #l‚Äôannuncio link link"
0,"il governo prenda subito la decisione di rendere obbligatoria la vaccinazione! stiamo rischiando un blocco totale che far√† molto male alla nostra economia, oltre che a tutti. smettiamola di essere ignoranti egoisti!link"
2,"user user user user io non  ho mai parlato di sieri e non √® il termine che conferisce o meno la funzionalit√†. sto dicendo altro, ovvero che i vaccini sono tutti sperimentali per cui non si conoscono gli effetti a medio e lungo termine, mentre a breve vediamo decessi e ricoveri eccessivi..."
2,"#staseraitalia le varianti si sviluppano dove non si vaccina? √® esattamente il contrario, si chiama pressione selettiva dei vaccini."
1,"user_pallina user i vaccini non ti impediscono di contrarre il virus, impediscono teoricamente di avere effetti avversi ad esso."
0,"user_elide user ironico come molti no-vax si lamentino dell‚Äôesatto contrario, ovvero che i giornalisti non li intervistano abbastanza e che li ignorano perch√© ‚Äúsono giornali di regime‚Äù."
2,"covid-19. l'oms continua a stupire per la grande confusione e contraddizione dei suoi membri. e' preoccupata e dubbiosa per l'efficacia dei vaccini sulla 'variante inglese'. per√≤ consiglia di accelerare la vaccinazione, che ormai √® inutile per la vecchia influenza passata,"
1,"covid, al via le vaccinazioni per caregiver e familiari di soggetti fragili: ecco chi rientra nella categoria link"
1,":clown_face:l‚Äôuniversit√† che tramite email rimanda la somministrazione del vaccino a data da stabilire il giorno prima, letteralmente 10minuti prima del mio arrivo (sono fuorisede), dopo 2h di treno e 9,60‚Ç¨ di biglietto di sola andata :clown_face:"
2,"user in us per un vaccino davano una canna. cos√¨ non ci pensavano pi√π. oltre alla birra a 0,50‚Ç¨ ai ragazzi li aspettavano con un dj come in un rave party. piveri ragazzi cosa hanno fatto. vedremo da qui a fine 2022 cosa sara. un accenno gi√† lo avremo questo inverno o no????"
2,"user e‚Äô quello a cui puntavano fin dall‚Äôinizio (ma era roba da complottisti). il test √® inaffidabile ed √® un trattamento medico che nessuno pu√≤ imporre alla persona, tantomeno il vaccino. il #passaportovaccinale possono metterselo in quel posto."
1,"vaccini: quasi 30mila dosi somministrate nell'oristanese link"
0,"user user user user eh no. se anche volessimo considerare le varianti, finora 5 di quelle che hanno raggiunto diffusione mondiale, non hanno un profilo immunologico diverso (tanto che i vaccini funzionano). e al momento zero, nessuna variante, il mondo era completamente vergine riguardo al virus."
1,"user insomma ho fatto il vaccino e comincia a farmi molto male il braccio quindi ho messo del ghiaccio √® per questo che rispondo ora scusami"
0,"# user: covid, figliuolo: ""obiettivo tutti vaccinati entro l'estate"" link"
1,"non una signora che dopo il vaccino se n'√® uscita con ""mah la seconda dose pu fistinu"" cio√® la festa patronale mi piscio addosso"
2,"user user √® esattamente cos√¨. mi piacerebbe poi sapere quanti decessi per coronavirus e quanti invece con coronavirus. ma queste informazioni non le sapremo mai, importante √® negare che il vaccino sia potenzialmente pericoloso."
2,"spiegate una cosa : se esiste un obbligo di #vaccinazione, non pu√≤ richiedersi il consenso informato. cosa accadr√† se il sanitario, alla presenza di pubblico ufficiale, si presenta per farsi #inoculare ma non sottoscrive la #liberatoria ? che dicono gli #avvocati ?"
1,"asl avellino. sospensione attivit√†‚Äô centri vaccinali nella giornata di domani, luned√¨ riprendono le vaccinazioni - link link"
2,"basta tutti testimonial di vaccini e case farmaceutiche"
1,"ripartite le vaccinazioni astrazeneca in italia. previsti turni straordinari per recuperare i ritardi. ministero della salute: ""serve accelerazione forte"". poche disdette nei centri riaperti link"
2,"user user_claudio prima, ogni morto, anche 100enne, oddio, morto per covid!! adesso, vaccinato che muore di covid, eeeh...ma cosa vuoi che sia, era vecchio, aveva patologie pregresse! 
mammamia che ipocrisia!!"
2,"user consiglio di seguire lui :backhand_index_pointing_down: l'inventore del mrna messaggero e molto critico sulle scelte vaccinali e politiche che non considerano gli studi e la famosa ""scienza""
link"
1,"video
#vaccinazioni a #frabosasottana, #cirio: ""ai nostri giovani somministrato pfizer e moderna, la scienza ci dia indicazioni chiare sull'uso dei vaccini"". ""da luned√¨ piemonte zona bianca"" link"
1,"user user in germania devi. i tamponi sono gratuiti, e se vuoi sederti dentro devi essere o vaccinato o tamponato o guariti."
1,"‚Äúa palermo c‚Äô√® una evidente escalation dei contagi, in particolare per la diffusione delle varianti, pi√π aggressive. abbiamo i primi casi di virus in soggetti gi√† vaccinati."""
1,"anche roberta aveva detto di non parlare di harry perche questa serata era dedicata a louis 
voi harries rovinate‚Ä¶ ‚Äî madonna ma tutto bene hai fatto il vaccino  link"
1,"canavese - a che punto siamo con i vaccini anti covid nella nostra zona? i numeri dell'asl to4 e le prossime date da segnare sul calendario
  link"
0,"user_grim 1. per alcune categorie di lavoratori il vaccino (antitetanico) √® gi√† obbligatorio. 2. il datore di lavoro √® responsabile della salute dei lavoratori e rischia di andare sotto processo se qualche lavoratore si prende il #covid sul luogo di lavoro. continua"
2,"user noi gente normale, definiti ignoranti, gi√† da tempo dicevamo che se sospendevano i medici no vax, sarebbero stati in difficolt√† perch√© non sostituibili."
2,"user user zone rosse ora con questo caldo. l'anno scorso i vaccini non c'erano e ora che ci sono √® la stessa minestra. ma andate a caxare."
0,"#ottoemezzo siete schizofrenici, non contraddittori. c'√® un virus pericoloso sconosciuti, che muta ed √® pi√π veloce di noi... e apriamo tutto? fateci scegliere i vaccini e mettere i monoclonali a disposizione di tutti. √® la via per la nuova normalit√†"
2,"user user_0 la germania ordina e il mondo obbedisce...e non sto giustificando questa vaccinazione che non √® altro che una randomizzazione forzata...ma dobbiamo smetterla di essere allocchi in ogni contesto!"
2,"user_lavit user infatti sono terapie sperimentali (chiamate vaccini) non obbligatorie (ma se non ci si sottopone alle quali si √® molestati dallo stato fino a non aver vita degna) che permettono il
contagio (e forse la moltiplicazione di varianti), per√≤ chiamano ‚Äúimmunizzati‚Äù chi vi si sottopone!"
0,"user_opamp user 1 i vaccini mrna vengono studiati da 20 anni quindi se ne conoscono gli effetti a lungo termine.
2 in europa sono stati rilasciati con la pratica dell'approvazione condizionata, utilizzata con dal 2006 con diversi altri farmaci."
1,"user urge una legge contro l‚Äôodio verso chi vuole le restrizioni ai non vaccinati che odiano i vaccinati che‚Ä¶ insomma, urge una legge :face_with_rolling_eyes:"
1,"stop a 8000 prenotazioni al vaccino astra zeneca dall'asl toscana sud est link"
1,"tutti gli errori europei sui vaccini - bisognava fare le scelte giuste e restare uniti ma... link"
0,"user n√© il vaccino pfizer n√© quello moderna vengono prodotti usando linee cellulari di conseguenza √® impossibile che contengano cellule di feti.
altri vaccini necessitano di linee cellulari per la produzione (mrc-5, wi-38 e hek393 originarie degli anni 60/70), ma non ne contengono."
2,"dopo la votazione di ieri si √® avviata la strada verso il nuovo processo di norimberga
nessun pu√≤ obbligare a vaccinarsi con vaccini ancora in fase condizionata c'√® scritto chiaramente nella sentenza e costituisce un reato gravissimo
#norimberga2"
2,"nessuna correlazione, ma un nesso c' √®. 
a chi √® morto un caro ucciso dal vaccino non girano le palle neanche un po'?"
2,"""evidenzia una grande quantit√† di #asintomatici""
quindi, se il #vaccino eviterebbe il manifestarsi di sintomi gravi, a che cazzo serve davvero se ci son tutti sti asintomatici?
c-r-i-m-i-n-a-l-i negazionisti della libert√† si sapeva,ora si sa neanche avvezzi alla logica
#tagadala7"
2,"#vaccinazioni #greenpass 

chi si √® vaccinato si √® assunto consapevolmente dei rischi firmando una liberatoria.
benissimo, dunque in base al ragionamento dei fanatici dei vaccini, le reazioni avverse vengano curate solo a pagamento.

#ultracorpi #iostoconborghi"
1,"#piazzapulita intervista di giulia cerino a szlavik janos, infettivologo di budapest, che spiega perch√© il suo paese considera sicuri il vaccino russo e cinese.  link"
1,"user vero,un amico marocchino l'ha detto anche a me.
vaccino cinese,sembra."
0,"#quellavoltachedraghi trov√≤ un neurone nel cranio di un novax"
2,"‚Äúlo scopo principale della vaccinazione non √® di ordine sanitario‚Äù link"
1,"#covid_19, speranza:""attese almeno 50 milioni di dosi di #vaccini‚Äù. il ministro della salute: pressing quotidiano sulle aziende‚Äú #17marzo
link"
1,"ma se non si fanno le foto appena fatto il vaccino non funziona ?"
2,"user user user diffondere il pi√π possibile, solo con le cure si blocca il vaccino.

1) erik grimaldi: terapia domiciliari precoci. 2) link  queste sono associazioni italiane che se fosse necessario basta contattarli per ricevere assistenza, e non chiedono niente in cambio"
1,"user regione marche: liste  per caregiver ad oggi, per i comuni disabili gravi, ancora non aperte, stando al sito della regione, ma  i furbetti del vaccino (es. un avvocato),  sono stati vaccinati nei giorni scorsi pronunciando semplicemente la parola ‚Äúcaregiver‚Äù."
0,"condivido in pieno... se c'√® qualcosa che bisogna sapere che venga fuori subito!
aggiungo: in uk hanno vaccinato 12m di persone con az, ora capisco che gli inglesi siano stoici e pragmatici mentre in europa siamo un p√≤ chiagnoni ma escludo che abbiano sotterrato i morti!"
1,"user user_me_ user user_l paolo studia. ultimo suo thread sui vaccini da urlo. imperdibile"
2,"ieri, una signora 82enne che conoscevo, in buona salute, √® morta due giorni dopo il vaccino #pfizer, qui a cagliari. ci siamo mobilitati giustamente perch√© il #covid non uccidesse neppure una persona. dobbiamo fare lo stesso per i vaccini"
0,"user user user user se la percentuale di positivi che hanno sintomi lievi tra i vaccinati √® maggiore dei positivi con sintomi lievi tra i non vaccinati no, non possiamo dirlo. per dirlo serve un grafico che mostri le percentuali separate."
1,":backhand_index_pointing_right: per raggiungere la vaccinazione globale da #covid19 √® stata sollecitata la deroga alle norme sulla propriet√† intellettuale previste dell‚Äôaccordo di marrakesh
#wolterskluweritalia #coronavirus #vaccini 
link"
2,"user user gratuito o cazz ,lo paghiamo anche sulla assicurazione rca. e poi a tutti i vaccinati che ribeccano  il virus ......gli facciamo pagare anche il costo del flaconcino di merda che si iniettano?"
2,"cio√®, tutti sti soldi spesi per vaccini (in via di sperimentazione) servono solo ad arricchire bigpharma. altro che giornate della memoria... :bomb::bomb:"
2,"user tranqi che col vaccino ci dimezzano"
0,"user user no √® il vaccino porta la febbre √® nella norma :smiling_face_with_smiling_eyes::face_blowing_a_kiss:"
0,"buongiorno user e roby!

finalmente ho smaltito il vaccino e oggi posso essere con voi come sempre!

#frenchgp :France: #moto3 #motorzn user_it"
1,"sondaggio dentro la redacione di 
""la repubblica"" non √® uno scherzo
l√¨ son cos√¨.....anche gi√† tutti vaccinati!"
