2.0," user: ecco una storia interessante. gavi, la creatura dei gates che prende quattrini dai contribuenti per dare vaccini ai pae�"
2.0," user: ecco una storia interessante. gavi, la creatura dei gates che prende quattrini dai contribuenti per dare vaccini ai pae�"
2.0," user: ecco una storia interessante. gavi, la creatura dei gates che prende quattrini dai contribuenti per dare vaccini ai pae�"
2.0," user: ecco una storia interessante. gavi, la creatura dei gates che prende quattrini dai contribuenti per dare vaccini ai pae�"
2.0," user: ecco una storia interessante. gavi, la creatura dei gates che prende quattrini dai contribuenti per dare vaccini ai pae�"
2.0," user: ecco una storia interessante. gavi, la creatura dei gates che prende quattrini dai contribuenti per dare vaccini ai pae�"
2.0," user: ecco una storia interessante. gavi, la creatura dei gates che prende quattrini dai contribuenti per dare vaccini ai pae�"
2.0," user: il vaccino contro l�ebola ha il 100% di efficacia. pessima notizia per i paesi ricchi dove non c�era traccia del virus..�"
2.0," user: il vaccino contro l�ebola ha il 100% di efficacia. pessima notizia per i paesi ricchi dove non c�era traccia del virus..�"
5.0," user: qui non c' nulla da vedere, non distraetevi. link"
2.0," user: user una mia collega si � ammalata un il giorno dopo il vaccino antinfluenzale. 15 giorni di pesante malessere�"
2.0,"""ammalato di tumore all'orecchio, ex dipendente telecom vince la causa: ora usa solo auricolari con il filo""  in questo caso la consulenza medica del tribunale  corretta o, come nei casi di danni da vaccino, dobbiamo pensare che non siano degli esperti? link"
2.0,"""global vaccine safety summit"" : i maggiori esperti del settore hanno dubbi sulla sicurezza dei #vaccini.  non esistono studi adeguati sulle reazioni a lungo termine e sulle reazioni avverse degli adiuvanti, soprattutto se combinati tra loro.   (sub ita).  link"
2.0,"""morte in culla signori...ditelo a tutti""  mah.... veramente la seconda autopsia incrimina il vaccino!  ""ah s?"".... ????????????????????  vi auguro di morire malissimo  link"
2.0,"""non ci sono prove che il vaccino hpv abbia prevenuto anche un solo caso di cancro cervicale in qualsiasi parte del mondo link"
2.0,"""si parla di freevax: vogliamo dire i voti, e soprattutto la faccia, che hanno perso rispetto al tema delle vaccinazioni? se non ci credi pi, se non hai le palle, stattene a casa""  user   il pensiero va a tutti i bambini esclusi o danneggiati da #vaccino   #libertadiscelta link"
2.0,"""valutazione del fallimento del #vaccino contro il morbillo a tianjin (cina)""  a bambini vaccinati con pi dosi, si verificano notevoli casi di morbillo a tianjin, con coperture del 97%.   necessario comprendere le ragioni del fallimento del vaccino.  link"
2.0,"#domandedasomaro 3) dai primi dati emersi dalla regione #emiliaromagna sui danni da #vaccino e reazioni avverse ai farmaci, risulta che dal 2017 c' un'impennata vertiginosa delle reazioni avverse, perch? link link"
2.0,"#ebola il vaccino  pronto ed  certificato efficace al 100%.  ora ci manca solo che si scateni un'epidemia in #europa.  scommettiamo che succeder a breve?  link"
2.0,"#ebola il vaccino  pronto ed  certificato efficace al 100%.  ora ci manca solo che si scateni un'epidemia in #europa.  scommettiamo che succeder a breve?  link"
2.0,"#ebola il vaccino  pronto ed  certificato efficace al 100%.  ora ci manca solo che si scateni un'epidemia in #europa.  scommettiamo che succeder a breve?  link"
2.0,"#ebola il vaccino  pronto ed  certificato efficace al 100%.  ora ci manca solo che si scateni un'epidemia in #europa.  scommettiamo che succeder a breve?  link"
2.0,"#ivaccinisonosicuri la rivista #vaccines ha pubblicato un lavoro di ricercatori dell'universit di bari, dove si  monitorato in maniera attiva le reazioni avverse al #vaccino #mprv.  #aifa riporta 12,7 reazioni gravi su 100.000 dosi, lo studio ne ha riscontrate 3.800 su 100.000 link"
2.0,"#testimonianze salve a tutti sono la mamma di diego bimbo di 3 anni e mezzo affetto da autismo da quando il 10 ottobre 2017 all et� di 20 mesi feci fare il #vaccino #mpr (morbillo parotite rosolia)da li ebbe inizio tutto dopo 2 mesi il 24 dicembre 2017 si manifesta il"
1.0,"#usa esenzione dai vaccini per i bambini ricchi  che ne pensano  user  user  user  #persapere link"
2.0,"#vaccini   ricordo che l'ex ministro della salute user, col cazzo che si  vaccinata in #gravidanza...  ora mettetevi ordinatamente in coda  pecoroneeeeee....  ????????  link link"
2.0,"#vaccini  invalida per colpa di un vaccino #antinfluenzale.   il ministero della salute condannato a risarcirla.   i vaccini sono farmaci.  diffidate da tutti quelli che vi dicono che sono sicuri e che non hanno #effetticollaterali.   indietro non si torna. link"
2.0,"#vaccini  invalida per colpa di un vaccino #antinfluenzale.   il ministero della salute condannato a risarcirla.   i vaccini sono farmaci.  diffidate da tutti quelli che vi dicono che sono sicuri e che non hanno #effetticollaterali.   indietro non si torna. link"
2.0,"#vaccini  invalida per colpa di un vaccino #antinfluenzale.   il ministero della salute condannato a risarcirla.   i vaccini sono farmaci.  diffidate da tutti quelli che vi dicono che sono sicuri e che non hanno #effetticollaterali.   indietro non si torna. link"
2.0,"#vaccini l#mmr difettoso di #merck starebbe attualmente causando pericoloseepidemie di parotitein adulti completamente vaccinati in tutto il mondo link"
2.0,"#vaccini se ne sono accorti anche in kenya. pi casi di polio causati dal vaccino che dal virus. da the nation di oggi. user link"
2.0,"#vaccini. qualche domanda? link"
2.0,"#vaccini. qualche domanda? link"
2.0,"#vaccino per #pasqualino . ""s' fatto il vaccino e adesso sta male""  nessun problema ragazzi,nessun problema..... link"
2.0,"#vaccino per la varicella causa meningite per la riattivazione del virus in due ragazzi di 14 anni  pu lo stato obbligarmi a un trattamento sanitario che pu causare danni come questi? siamo sicuri che i medici spieghino gli effetti avversi prima?   link"
2.0,"#vaccino per la varicella causa meningite per la riattivazione del virus in due ragazzi di 14 anni  pu lo stato obbligarmi a un trattamento sanitario che pu causare danni come questi? siamo sicuri che i medici spieghino gli effetti avversi prima?   link"
2.0,"(cli va toscana) quando vi diranno che il vaccino hpv  indispensabile e che lo fanno per il vostro bene tenete a mente 2 cose: 1) alla scienzah della vostra salute non gliene frega niente  2) alla politica e alle asl della vostra salute non gliene frega niente ora unite i pezzi! link"
2.0,"(cli va toscana) quando vi diranno che il vaccino hpv  indispensabile e che lo fanno per il vostro bene tenete a mente 2 cose: 1) alla scienzah della vostra salute non gliene frega niente  2) alla politica e alle asl della vostra salute non gliene frega niente ora unite i pezzi! link"
2.0,"19 novembre 2019! invalida per colpa del vaccino contro l'influenza. il ministero della salute condannato a risarcirla link"
2.0,"19 novembre 2019! invalida per colpa del vaccino contro l'influenza. il ministero della salute condannato a risarcirla link"
2.0,"19 novembre 2019! invalida per colpa del vaccino contro l'influenza. il ministero della salute condannato a risarcirla link"
2.0,"19 novembre 2019! invalida per colpa del vaccino contro l'influenza. il ministero della salute condannato a risarcirla link"
2.0,"500 testimonianze di danno da vaccino... ""il danno nascosto"" #vaccini #stragedistato link"
2.0,"500 testimonianze di danno da vaccino... ""il danno nascosto"" #vaccini #stragedistato link"
3.0,"63 morti per morbillo. quasi tutti bambini. grazie, antivaccinisti, il vostro ""principio di precauzione"" sta avendo un successone. link"
3.0,"63 morti per morbillo. quasi tutti bambini. grazie, antivaccinisti, il vostro ""principio di precauzione"" sta avendo un successone. link"
3.0,"63 morti per morbillo. quasi tutti bambini. grazie, antivaccinisti, il vostro ""principio di precauzione"" sta avendo un successone. link"
2.0,"???? #ilmondoallarovescia se sei un medico che ordina esami prevaccinali per prevenire un danno, sei un medico senza ""scrupoli e truffaldino"". mentre se neghi categoricamente i danni da #vaccino e mandi al macello i bambini dei genitori che si fidano, sei un medico coscienzioso! link"
2.0,"???? #ilmondoallarovescia se sei un medico che ordina esami prevaccinali per prevenire un danno, sei un medico senza ""scrupoli e truffaldino"". mentre se neghi categoricamente i danni da #vaccino e mandi al macello i bambini dei genitori che si fidano, sei un medico coscienzioso! link"
2.0,"???? che strana cosa, anche quest'anno sembra che ai medici faccia pi paura il #vaccino che l'influenza. ???? link"
3.0,"a brescia c'� la corsa al vaccino, dopo la morte di una donna per meningite. in pratica sono tutti no-vax finch� no si cagano addosso dalla  paura!"
2.0,"a distanza di un anno la nonna di samuel scrive : hanno constatato dopo la seconda autopsia, richiesta da me perch� se no tutto sarebbe finito con la morte in culla, che il mio adorato nipotino � mancato per colpa di quel maledettissimo vaccino"" .  non serve altro: solo silenzio"
2.0,"a moe!  condannati bambini perfetti,  sani e innocenti,  discriminati a vita,  perseguitati come i sioux,  braccati da cani avidi e alla catena. che i vermi vi mangino vivi! link"
2.0,"a proposito di ebola, i produttori del vaccino avranno l'immunit sui loro prodotti.  almeno in america, per il momento.  praticamente produrre vaccini  il business perfetto. non corri nessun pericolo se il tuo prodotto uccide chi ne fa uso (persone sane) link"
2.0,"a proposito di ebola, i produttori del vaccino avranno l'immunit sui loro prodotti.  almeno in america, per il momento.  praticamente produrre vaccini  il business perfetto. non corri nessun pericolo se il tuo prodotto uccide chi ne fa uso (persone sane) link"
2.0,"a proposito di ebola, i produttori del vaccino avranno l'immunit sui loro prodotti.  almeno in america, per il momento.  praticamente produrre vaccini  il business perfetto. non corri nessun pericolo se il tuo prodotto uccide chi ne fa uso (persone sane) link"
2.0,"a tutti quelli in file per farsi il vaccino della #meningite:  lo sapete che il vaccino copre solo pochi ceppi?  lo sapete che il vaccino non pu dare immunit istantanea?  ????questo potrebbe farvi scoppiare la meninge.  lo sapete che fra gli effetti collaterali c' la meningite? link"
2.0,"a tutti quelli in file per farsi il vaccino della #meningite:  lo sapete che il vaccino copre solo pochi ceppi?  lo sapete che il vaccino non pu dare immunit istantanea?  ????questo potrebbe farvi scoppiare la meninge.  lo sapete che fra gli effetti collaterali c' la meningite? link"
2.0,"al cotugno, ospedale di napoli specializzato in malattie infettive, vi sono stati alcuni casi di meningite. stessa cosa a bergamo. questo per� � un ceppo contro cui non c'� vaccino che tenga perch� il ceppo � subsahariano. silenzio totale dei media, ovviamente."
2.0,"al cotugno, ospedale di napoli specializzato in malattie infettive, vi sono stati alcuni casi di meningite. stessa cosa a bergamo. questo per� � un ceppo contro cui non c'� vaccino che tenga perch� il ceppo � subsahariano. silenzio totale dei media, ovviamente."
2.0,"al cotugno, ospedale di napoli specializzato in malattie infettive, vi sono stati alcuni casi di meningite. stessa cosa a bergamo. questo per� � un ceppo contro cui non c'� vaccino che tenga perch� il ceppo � subsahariano. silenzio totale dei media, ovviamente."
2.0,"al cotugno, ospedale di napoli specializzato in malattie infettive, vi sono stati alcuni casi di meningite. stessa cosa a bergamo. questo per� � un ceppo contro cui non c'� vaccino che tenga perch� il ceppo � subsahariano. silenzio totale dei media, ovviamente."
2.0,"al cotugno, ospedale di napoli specializzato in malattie infettive, vi sono stati alcuni casi di meningite. stessa cosa a bergamo. questo per� � un ceppo contro cui non c'� vaccino che tenga perch� il ceppo � subsahariano. silenzio totale dei media, ovviamente."
2.0,"al cotugno, ospedale di napoli specializzato in malattie infettive, vi sono stati alcuni casi di meningite. stessa cosa a bergamo. questo per� � un ceppo contro cui non c'� vaccino che tenga perch� il ceppo � subsahariano. silenzio totale dei media, ovviamente."
2.0,"al cotugno, ospedale di napoli specializzato in malattie infettive, vi sono stati alcuni casi di meningite. stessa cosa a bergamo. questo per� � un ceppo contro cui non c'� vaccino che tenga perch� il ceppo � subsahariano. silenzio totale dei media, ovviamente."
2.0,"al cotugno, ospedale di napoli specializzato in malattie infettive, vi sono stati alcuni casi di meningite. stessa cosa a bergamo. questo per� � un ceppo contro cui non c'� vaccino che tenga perch� il ceppo � subsahariano. silenzio totale dei media, ovviamente."
2.0,"al cotugno, ospedale di napoli specializzato in malattie infettive, vi sono stati alcuni casi di meningite. stessa cosa a bergamo. questo per� � un ceppo contro cui non c'� vaccino che tenga perch� il ceppo � subsahariano. silenzio totale dei media, ovviamente."
1.0,"al cotugno, ospedale di napoli specializzato in malattie infettive, vi sono stati alcuni casi di meningite. stessa cosa a bergamo. questo per� � un ceppo contro cui non c'� vaccino che tenga perch� il ceppo � subsahariano. silenzio totale dei media, ovviamente."
2.0,"al cotugno, ospedale di napoli specializzato in malattie infettive, vi sono stati alcuni casi di meningite. stessa cosa a bergamo. questo per� � un ceppo contro cui non c'� vaccino che tenga perch� il ceppo � subsahariano. silenzio totale dei media, ovviamente."
2.0,"al cotugno, ospedale di napoli specializzato in malattie infettive, vi sono stati alcuni casi di meningite. stessa cosa a bergamo. questo per� � un ceppo contro cui non c'� vaccino che tenga perch� il ceppo � subsahariano. silenzio totale dei media, ovviamente."
2.0,"al cotugno, ospedale di napoli specializzato in malattie infettive, vi sono stati alcuni casi di meningite. stessa cosa a bergamo. questo per� � un ceppo contro cui non c'� vaccino che tenga perch� il ceppo � subsahariano. silenzio totale dei media, ovviamente."
2.0,"al cotugno, ospedale di napoli specializzato in malattie infettive, vi sono stati alcuni casi di meningite. stessa cosa a bergamo. questo per� � un ceppo contro cui non c'� vaccino che tenga perch� il ceppo � subsahariano. silenzio totale dei media, ovviamente."
2.0,"al momento vi sono 5mila domande pendenti di danneggiati da emotrasfusioni (qualcuno anche da vaccini). se tutti e 5mila chiedessero i danni morali per il ritardo  avendone il diritto  lo stato non troverebbe i fondi. la finanziaria 2007 (art.33) stanzi 700mila euro link"
0.0,"alcuni scienziati temono che non si troverà un vaccino contro il coronavirus, e dovremo convivere con la minaccia del covid-19 link di user_italia"
2.0,"avete capito? non raccolgono dati perch gi lo sanno, il #vaccino pu causare #autismo. si affidano a chi si prostituisce alla pseudo #scienzah link"
2.0,"aveva appena fatto il vaccino anti influenzale  fonte certa link"
2.0,"aveva appena fatto il vaccino anti influenzale  fonte certa link"
1.0,"bimbo con #meningite, era vaccinato. dall'asl hanno reso noto che il bambino (colpito dalla meningite b) era vaccinato sia per il meningoccocco di tipo b che c. via alla profilassi link"
1.0,"bimbo con #meningite, era vaccinato. dall'asl hanno reso noto che il bambino (colpito dalla meningite b) era vaccinato sia per il meningoccocco di tipo b che c. via alla profilassi link"
1.0,"bimbo con #meningite, era vaccinato. dall'asl hanno reso noto che il bambino (colpito dalla meningite b) era vaccinato sia per il meningoccocco di tipo b che c. via alla profilassi link"
1.0,"bimbo con #meningite, era vaccinato. dall'asl hanno reso noto che il bambino (colpito dalla meningite b) era vaccinato sia per il meningoccocco di tipo b che c. via alla profilassi link"
1.0,"bimbo con #meningite, era vaccinato. dall'asl hanno reso noto che il bambino (colpito dalla meningite b) era vaccinato sia per il meningoccocco di tipo b che c. via alla profilassi link"
1.0,"bimbo con #meningite, era vaccinato. dall'asl hanno reso noto che il bambino (colpito dalla meningite b) era vaccinato sia per il meningoccocco di tipo b che c. via alla profilassi link"
2.0,"brescia. studentessa 19enne muore di meningite. soluzione : vaccinare tutti a tappeto. peccato che non vi dicano due cose.... 1) la ragazza era vaccinata contro la meningite. 2) la meningite pu essere un evento avverso al vaccino esavalente infarix hexa. link"
2.0,"brescia. studentessa 19enne muore di meningite. soluzione : vaccinare tutti a tappeto. peccato che non vi dicano due cose.... 1) la ragazza era vaccinata contro la meningite. 2) la meningite pu essere un evento avverso al vaccino esavalente infarix hexa. link"
2.0,"brescia. studentessa 19enne muore di meningite. soluzione : vaccinare tutti a tappeto. peccato che non vi dicano due cose.... 1) la ragazza era vaccinata contro la meningite. 2) la meningite pu essere un evento avverso al vaccino esavalente infarix hexa. link"
2.0,"brescia. studentessa 19enne muore di meningite. soluzione : vaccinare tutti a tappeto. peccato che non vi dicano due cose.... 1) la ragazza era vaccinata contro la meningite. 2) la meningite pu essere un evento avverso al vaccino esavalente infarix hexa. link"
2.0,"brescia. studentessa 19enne muore di meningite. soluzione : vaccinare tutti a tappeto. peccato che non vi dicano due cose.... 1) la ragazza era vaccinata contro la meningite. 2) la meningite pu essere un evento avverso al vaccino esavalente infarix hexa. link"
2.0,"brescia. studentessa 19enne muore di meningite. soluzione : vaccinare tutti a tappeto. peccato che non vi dicano due cose.... 1) la ragazza era vaccinata contro la meningite. 2) la meningite pu essere un evento avverso al vaccino esavalente infarix hexa. link"
2.0,"brescia. studentessa 19enne muore di meningite. soluzione : vaccinare tutti a tappeto. peccato che non vi dicano due cose.... 1) la ragazza era vaccinata contro la meningite. 2) la meningite pu essere un evento avverso al vaccino esavalente infarix hexa. link"
0.0,"c' un fondo residuo per vaccino #pneumococco con cui si pu o finanziarne uno nuovo a un costo molto pi basso e accessibile a tutti oppure continuare a finanziare user user che non abbassano il prezzo e lo rendono poco accessibile. scelta facile se si pensa al bene di tutti link"
2.0,"codacons denuncia la lorenzin: ha nascosto documenti che rivelano i danni da vaccino. link"
0.0,"con i primi freddi arrivano anche i malanni stagionali: l'influenza, normalmente una malattia lieve, pu causare forme gravi in persone a rischio. per questo motivo  bene vaccinarsi ogni anno! link #influenza #vaccino link"
2.0,"con una copertura vaccinale sulla difterite all 99%, in grecia torna la difterite!   morto un bambino.  70 anni di pace ficchiateveli su per il culo.  la povert uccide, la povert porta malattie e nessun vaccino potr mitigare questo dato di fatto! link"
2.0,"con una copertura vaccinale sulla difterite all 99%, in grecia torna la difterite!   morto un bambino.  70 anni di pace ficchiateveli su per il culo.  la povert uccide, la povert porta malattie e nessun vaccino potr mitigare questo dato di fatto! link"
2.0,"con una copertura vaccinale sulla difterite all 99%, in grecia torna la difterite!   morto un bambino.  70 anni di pace ficchiateveli su per il culo.  la povert uccide, la povert porta malattie e nessun vaccino potr mitigare questo dato di fatto! link"
2.0,"con una copertura vaccinale sulla difterite all 99%, in grecia torna la difterite!   morto un bambino.  70 anni di pace ficchiateveli su per il culo.  la povert uccide, la povert porta malattie e nessun vaccino potr mitigare questo dato di fatto! link"
2.0,"conte scavalca il parlamento per dare altri 300 mln al vaccino di bill gates link"
1.0,"contro il coronavirus non manca solo il vaccino, manca la politica link via user"
1.0,"coronavirus, a fine aprile test per un vaccino sull'uomo link"
1.0,"coronavirus, al via da domani in inghilterra la sperimentazione del vaccino sull'uomo link di user"
1.0,"coronavirus, il vaccino è un cerotto link via user"
0.0,"coronavirus, listituto migal disraele: siamo vicini al vaccino link link"
2.0,"correva l'anno 2010, poi tutto caduto in oblio. chiss perch.  #vaccini link"
2.0,"correva l'anno 2010, poi tutto caduto in oblio. chiss perch.  #vaccini link"
1.0,"covid-19: cosa succederebbe se il vaccino non uscisse mai? link"
3.0,"còre `ngrato no-vax: il permesso di raccogliere fondi il 21 novembre negato a montanari | nextquotidiano link"
2.0,"dai #vaccini ai #nanochip (altro che #microchip rfid). lo dicevamo, la via  quella, ormai ce lo dicono in faccia che vogliono ridurci a cyborg per poi spazzar via quel che resta di umano. e la stiamo percorrendo sparati come un frecciarossa. link"
2.0,"dai #vaccini ai #nanochip (altro che #microchip rfid). lo dicevamo, la via  quella, ormai ce lo dicono in faccia che vogliono ridurci a cyborg per poi spazzar via quel che resta di umano. e la stiamo percorrendo sparati come un frecciarossa. link"
2.0,"devo correggermi. ho scritto che la probabilit� di avere 2 #sids in 2 gemelli � 1 su 50 milioni. altri mi han fatto notare che la probabilit� che avvengano lo stesso giorno � maggiore. che avvengano lo stesso giorno del vaccino ancora di pi�. cos� arriviamo a 1 su 133 miliardi !!"
2.0,"devo correggermi. ho scritto che la probabilit� di avere 2 #sids in 2 gemelli � 1 su 50 milioni. altri mi han fatto notare che la probabilit� che avvengano lo stesso giorno � maggiore. che avvengano lo stesso giorno del vaccino ancora di pi�. cos� arriviamo a 1 su 133 miliardi !!"
2.0,"devo correggermi. ho scritto che la probabilit� di avere 2 #sids in 2 gemelli � 1 su 50 milioni. altri mi han fatto notare che la probabilit� che avvengano lo stesso giorno � maggiore. che avvengano lo stesso giorno del vaccino ancora di pi�. cos� arriviamo a 1 su 133 miliardi !!"
2.0,"devo correggermi. ho scritto che la probabilit� di avere 2 #sids in 2 gemelli � 1 su 50 milioni. altri mi han fatto notare che la probabilit� che avvengano lo stesso giorno � maggiore. che avvengano lo stesso giorno del vaccino ancora di pi�. cos� arriviamo a 1 su 133 miliardi !!"
2.0,"devo correggermi. ho scritto che la probabilit� di avere 2 #sids in 2 gemelli � 1 su 50 milioni. altri mi han fatto notare che la probabilit� che avvengano lo stesso giorno � maggiore. che avvengano lo stesso giorno del vaccino ancora di pi�. cos� arriviamo a 1 su 133 miliardi !!"
2.0,"devo correggermi. ho scritto che la probabilit� di avere 2 #sids in 2 gemelli � 1 su 50 milioni. altri mi han fatto notare che la probabilit� che avvengano lo stesso giorno � maggiore. che avvengano lo stesso giorno del vaccino ancora di pi�. cos� arriviamo a 1 su 133 miliardi !!"
1.0,"di maio: «ora un’alleanza internazionale per mettere a punto il vaccino» link"
0.0,"dietro linfarto c un batterio intestinale, si apre la strada per il vaccino user link"
2.0,"dopo tutto questo tempo (fatto di esclusioni scolastiche, multe e discriminazione sociale) non mi � ancora chiara una cosa: come pu� lascienza� proteggere gli immunodepressi a scuola da tutte quelle malattie per cui non c'� alcun vaccino?"
5.0,"dopo tutto questo tempo (fatto di esclusioni scolastiche, multe e discriminazione sociale) non mi � ancora chiara una cosa: come pu� lascienza� proteggere gli immunodepressi a scuola da tutte quelle malattie per cui non c'� alcun vaccino?"
0.0,"emilia romagna ore 14 , vado senza appuntamento a asl per vaccino antinfluenzale. fatto. esco alle 14,30 e dopo alcune ore mi � arrivata la email con aggiornamento del mio libretto vaccinale, anche nel fascicolo sanitario online una sanit� proprio da cambiare, mi raccomando ????"
0.0,"emilia romagna ore 14 , vado senza appuntamento a asl per vaccino antinfluenzale. fatto. esco alle 14,30 e dopo alcune ore mi � arrivata la email con aggiornamento del mio libretto vaccinale, anche nel fascicolo sanitario online una sanit� proprio da cambiare, mi raccomando ????"
0.0,"emilia romagna ore 14 , vado senza appuntamento a asl per vaccino antinfluenzale. fatto. esco alle 14,30 e dopo alcune ore mi � arrivata la email con aggiornamento del mio libretto vaccinale, anche nel fascicolo sanitario online una sanit� proprio da cambiare, mi raccomando ????"
0.0,"emilia romagna ore 14 , vado senza appuntamento a asl per vaccino antinfluenzale. fatto. esco alle 14,30 e dopo alcune ore mi � arrivata la email con aggiornamento del mio libretto vaccinale, anche nel fascicolo sanitario online una sanit� proprio da cambiare, mi raccomando ????"
0.0,"emilia romagna ore 14 , vado senza appuntamento a asl per vaccino antinfluenzale. fatto. esco alle 14,30 e dopo alcune ore mi � arrivata la email con aggiornamento del mio libretto vaccinale, anche nel fascicolo sanitario online una sanit� proprio da cambiare, mi raccomando ????"
0.0,"emilia romagna ore 14 , vado senza appuntamento a asl per vaccino antinfluenzale. fatto. esco alle 14,30 e dopo alcune ore mi � arrivata la email con aggiornamento del mio libretto vaccinale, anche nel fascicolo sanitario online una sanit� proprio da cambiare, mi raccomando ????"
0.0,"emilia romagna ore 14 , vado senza appuntamento a asl per vaccino antinfluenzale. fatto. esco alle 14,30 e dopo alcune ore mi � arrivata la email con aggiornamento del mio libretto vaccinale, anche nel fascicolo sanitario online una sanit� proprio da cambiare, mi raccomando ????"
0.0,"emilia romagna ore 14 , vado senza appuntamento a asl per vaccino antinfluenzale. fatto. esco alle 14,30 e dopo alcune ore mi � arrivata la email con aggiornamento del mio libretto vaccinale, anche nel fascicolo sanitario online una sanit� proprio da cambiare, mi raccomando ????"
0.0,"emilia romagna ore 14 , vado senza appuntamento a asl per vaccino antinfluenzale. fatto. esco alle 14,30 e dopo alcune ore mi � arrivata la email con aggiornamento del mio libretto vaccinale, anche nel fascicolo sanitario online una sanit� proprio da cambiare, mi raccomando ????"
0.0,"emilia romagna ore 14 , vado senza appuntamento a asl per vaccino antinfluenzale. fatto. esco alle 14,30 e dopo alcune ore mi � arrivata la email con aggiornamento del mio libretto vaccinale, anche nel fascicolo sanitario online una sanit� proprio da cambiare, mi raccomando ????"
0.0,"emilia romagna ore 14 , vado senza appuntamento a asl per vaccino antinfluenzale. fatto. esco alle 14,30 e dopo alcune ore mi � arrivata la email con aggiornamento del mio libretto vaccinale, anche nel fascicolo sanitario online una sanit� proprio da cambiare, mi raccomando ????"
0.0,"emilia romagna ore 14 , vado senza appuntamento a asl per vaccino antinfluenzale. fatto. esco alle 14,30 e dopo alcune ore mi � arrivata la email con aggiornamento del mio libretto vaccinale, anche nel fascicolo sanitario online una sanit� proprio da cambiare, mi raccomando ????"
0.0,"emilia romagna ore 14 , vado senza appuntamento a asl per vaccino antinfluenzale. fatto. esco alle 14,30 e dopo alcune ore mi � arrivata la email con aggiornamento del mio libretto vaccinale, anche nel fascicolo sanitario online una sanit� proprio da cambiare, mi raccomando ????"
0.0,"emilia romagna ore 14 , vado senza appuntamento a asl per vaccino antinfluenzale. fatto. esco alle 14,30 e dopo alcune ore mi � arrivata la email con aggiornamento del mio libretto vaccinale, anche nel fascicolo sanitario online una sanit� proprio da cambiare, mi raccomando ????"
0.0,"emilia romagna ore 14 , vado senza appuntamento a asl per vaccino antinfluenzale. fatto. esco alle 14,30 e dopo alcune ore mi � arrivata la email con aggiornamento del mio libretto vaccinale, anche nel fascicolo sanitario online una sanit� proprio da cambiare, mi raccomando ????"
0.0,"emilia romagna ore 14 , vado senza appuntamento a asl per vaccino antinfluenzale. fatto. esco alle 14,30 e dopo alcune ore mi � arrivata la email con aggiornamento del mio libretto vaccinale, anche nel fascicolo sanitario online una sanit� proprio da cambiare, mi raccomando ????"
0.0,"emilia romagna ore 14 , vado senza appuntamento a asl per vaccino antinfluenzale. fatto. esco alle 14,30 e dopo alcune ore mi � arrivata la email con aggiornamento del mio libretto vaccinale, anche nel fascicolo sanitario online una sanit� proprio da cambiare, mi raccomando ????"
0.0,"emilia romagna ore 14 , vado senza appuntamento a asl per vaccino antinfluenzale. fatto. esco alle 14,30 e dopo alcune ore mi � arrivata la email con aggiornamento del mio libretto vaccinale, anche nel fascicolo sanitario online una sanit� proprio da cambiare, mi raccomando ????"
0.0,"emilia romagna ore 14 , vado senza appuntamento a asl per vaccino antinfluenzale. fatto. esco alle 14,30 e dopo alcune ore mi � arrivata la email con aggiornamento del mio libretto vaccinale, anche nel fascicolo sanitario online una sanit� proprio da cambiare, mi raccomando ????"
0.0,"emilia romagna ore 14 , vado senza appuntamento a asl per vaccino antinfluenzale. fatto. esco alle 14,30 e dopo alcune ore mi � arrivata la email con aggiornamento del mio libretto vaccinale, anche nel fascicolo sanitario online una sanit� proprio da cambiare, mi raccomando ????"
0.0,"emilia romagna ore 14 , vado senza appuntamento a asl per vaccino antinfluenzale. fatto. esco alle 14,30 e dopo alcune ore mi � arrivata la email con aggiornamento del mio libretto vaccinale, anche nel fascicolo sanitario online una sanit� proprio da cambiare, mi raccomando ????"
0.0,"emilia romagna ore 14 , vado senza appuntamento a asl per vaccino antinfluenzale. fatto. esco alle 14,30 e dopo alcune ore mi � arrivata la email con aggiornamento del mio libretto vaccinale, anche nel fascicolo sanitario online una sanit� proprio da cambiare, mi raccomando ????"
2.0,"fa il richiamo vaccinale contro tre infezioni batteriche. muore a causa di un infezione batterica dopo aver fatto il vaccino.  colpa dell'infezione batterica spuntata dal nulla. come morire pugnalato,  colpa del coltello, ovvio ???? link"
2.0,"fa il richiamo vaccinale contro tre infezioni batteriche. muore a causa di un infezione batterica dopo aver fatto il vaccino.  colpa dell'infezione batterica spuntata dal nulla. come morire pugnalato,  colpa del coltello, ovvio ???? link"
3.0,"facciamo una cosa: se esce il vaccino per il #coronavirus, noi sorosiani, ordoliberisti, complici della big pharma e gretini lo facciamo.  voi furbacchioni ""iononcicasco"", invece, vi curate con acqua, limone, spremuta di cetriolo e coronaparty.  ci state? qua la mano!"
2.0,"gardasil, il vaccino contro il papilloma virus umano (hpv)  , sta distruggendo le ovaie delle ragazze e i sistemi riproduttivi.link link"
2.0,"giulio tarro: “coronavirus non è ebola, il vaccino non serve. sanità in crisi per colpa di chi ha dimezzato le terapie intensive” – business insider italia link"
2.0,"guardacaso ha dimenticato di citare il fatto che la ragazza morta fosse stata vaccinata. guardacaso tra tutti i non vaccinati, poi muoiono spesso i vaccinati.  ma sar perch il #vaccino crea uno squilibrio nelle immunit antigeniche cit. alessio tomasello link"
2.0,"hai mai pensato di morire di ebola?  se una azienda produce un prodotto  perch quel bene deve essere venduto.  siamo sicuri che il mercato di riferimento di questo vaccino rimarr solo lafrica occidentale? link"
2.0,"houston, texas. scuola chiusa fino al 7 gennaio per una epidemia di pertosse.  tutti gli studenti sono vaccinati per la pertosse.  copertura al 100%. epidemia.  non sentite anche voi lo scricchiolio delle loro bugie? link"
2.0,"i #vaccini non sono associati alla sclerosi multipla e non provocano ricadute. falso! la sclerosi multipla pu essere causata da #vaccino difettoso.  qui la sentenza: corte di giustizia europea - sez. ii - causa c-621-15, 21-6-2017 link"
2.0,"i #vaccini non sono associati alla sclerosi multipla e non provocano ricadute. falso! la sclerosi multipla pu essere causata da #vaccino difettoso.  qui la sentenza: corte di giustizia europea - sez. ii - causa c-621-15, 21-6-2017 link"
2.0,"i danneggiati da vaccino esistono e finch una sola madre dovr provare questo, non star zitta! #vaccini user link"
2.0,"i danneggiati da vaccino sono troppi! ll dato riportato  una stima per difetto; mancano infatti coloro che, pur riconosciuti danneggiati, non sono stati indennizzati perch le relative istanze sono state presentate in modo intempestivo. link"
2.0,"i danni da vaccino superano quelli delle malattie coperte senza vaccino link"
2.0,"i danni da vaccino superano quelli delle malattie coperte senza vaccino link"
2.0,"i danni da vaccino superano quelli delle malattie coperte senza vaccino link"
2.0,"ieri � morto il padre di una mia carissima amica. aveva 73 anni. gli era stato somministrato il vaccino antinfluenzale e da l� � iniziato un calvario: polmonite, problemi neurologici e di deambulazione, che lo hanno portato su una sedia a rotelle. #lastragesilenziosa"
2.0,"ieri � morto il padre di una mia carissima amica. aveva 73 anni. gli era stato somministrato il vaccino antinfluenzale e da l� � iniziato un calvario: polmonite, problemi neurologici e di deambulazione, che lo hanno portato su una sedia a rotelle. #lastragesilenziosa"
2.0,"ieri � morto il padre di una mia carissima amica. aveva 73 anni. gli era stato somministrato il vaccino antinfluenzale e da l� � iniziato un calvario: polmonite, problemi neurologici e di deambulazione, che lo hanno portato su una sedia a rotelle. #lastragesilenziosa"
2.0,"ieri � morto il padre di una mia carissima amica. aveva 73 anni. gli era stato somministrato il vaccino antinfluenzale e da l� � iniziato un calvario: polmonite, problemi neurologici e di deambulazione, che lo hanno portato su una sedia a rotelle. #lastragesilenziosa"
2.0,"ieri � morto il padre di una mia carissima amica. aveva 73 anni. gli era stato somministrato il vaccino antinfluenzale e da l� � iniziato un calvario: polmonite, problemi neurologici e di deambulazione, che lo hanno portato su una sedia a rotelle. #lastragesilenziosa"
2.0,"ieri � morto il padre di una mia carissima amica. aveva 73 anni. gli era stato somministrato il vaccino antinfluenzale e da l� � iniziato un calvario: polmonite, problemi neurologici e di deambulazione, che lo hanno portato su una sedia a rotelle. #lastragesilenziosa"
2.0,"ieri � morto il padre di una mia carissima amica. aveva 73 anni. gli era stato somministrato il vaccino antinfluenzale e da l� � iniziato un calvario: polmonite, problemi neurologici e di deambulazione, che lo hanno portato su una sedia a rotelle. #lastragesilenziosa"
2.0,"ieri � morto il padre di una mia carissima amica. aveva 73 anni. gli era stato somministrato il vaccino antinfluenzale e da l� � iniziato un calvario: polmonite, problemi neurologici e di deambulazione, che lo hanno portato su una sedia a rotelle. #lastragesilenziosa"
2.0,"ieri � morto il padre di una mia carissima amica. aveva 73 anni. gli era stato somministrato il vaccino antinfluenzale e da l� � iniziato un calvario: polmonite, problemi neurologici e di deambulazione, che lo hanno portato su una sedia a rotelle. #lastragesilenziosa"
2.0,"il #vaccino e i suoi effetti collaterali : in africa ci sono pi casi di polio derivata che di virus selvaggio.  ma non vi preoccupate, sar colpa dei #novax anche in questo caso   link"
2.0,"il #vaccino e i suoi effetti collaterali : in africa ci sono pi casi di polio derivata che di virus selvaggio.  ma non vi preoccupate, sar colpa dei #novax anche in questo caso   link"
2.0,"il bimbo di 3 mesi  morto per meningite...  una strana coincidenza se si considera che la scorsa settimana il bambino era stato sottoposto al vaccino proprio della #meningite #brindisi #vaccini link"
2.0,"il bimbo di 3 mesi  morto per meningite...  una strana coincidenza se si considera che la scorsa settimana il bambino era stato sottoposto al vaccino proprio della #meningite #brindisi #vaccini link"
2.0,"il bimbo di 3 mesi  morto per meningite...  una strana coincidenza se si considera che la scorsa settimana il bambino era stato sottoposto al vaccino proprio della #meningite #brindisi #vaccini link"
2.0,"il bimbo di 3 mesi  morto per meningite...  una strana coincidenza se si considera che la scorsa settimana il bambino era stato sottoposto al vaccino proprio della #meningite #brindisi #vaccini link"
1.0,"il bundestag tedesco ieri ha approvato una legge che stabilisce l'obbligo del vaccino contro il morbillo come condizione per iscrivere i bambini all'asilo nido. il 65 per cento ha votato s�, in 105 si sono astenuti. unico ad aver votato contro � il partito alleato della lega: afd"
1.0,"il bundestag tedesco ieri ha approvato una legge che stabilisce l'obbligo del vaccino contro il morbillo come condizione per iscrivere i bambini all'asilo nido. il 65 per cento ha votato s�, in 105 si sono astenuti. unico ad aver votato contro � il partito alleato della lega: afd"
1.0,"il bundestag tedesco ieri ha approvato una legge che stabilisce l'obbligo del vaccino contro il morbillo come condizione per iscrivere i bambini all'asilo nido. il 65 per cento ha votato s�, in 105 si sono astenuti. unico ad aver votato contro � il partito alleato della lega: afd"
1.0,"il bundestag tedesco ieri ha approvato una legge che stabilisce l'obbligo del vaccino contro il morbillo come condizione per iscrivere i bambini all'asilo nido. il 65 per cento ha votato s�, in 105 si sono astenuti. unico ad aver votato contro � il partito alleato della lega: afd"
1.0,"il bundestag tedesco ieri ha approvato una legge che stabilisce l'obbligo del vaccino contro il morbillo come condizione per iscrivere i bambini all'asilo nido. il 65 per cento ha votato s�, in 105 si sono astenuti. unico ad aver votato contro � il partito alleato della lega: afd"
1.0,"il bundestag tedesco ieri ha approvato una legge che stabilisce l'obbligo del vaccino contro il morbillo come condizione per iscrivere i bambini all'asilo nido. il 65 per cento ha votato s�, in 105 si sono astenuti. unico ad aver votato contro � il partito alleato della lega: afd"
1.0,"il bundestag tedesco ieri ha approvato una legge che stabilisce l'obbligo del vaccino contro il morbillo come condizione per iscrivere i bambini all'asilo nido. il 65 per cento ha votato s�, in 105 si sono astenuti. unico ad aver votato contro � il partito alleato della lega: afd"
1.0,"il bundestag tedesco ieri ha approvato una legge che stabilisce l'obbligo del vaccino contro il morbillo come condizione per iscrivere i bambini all'asilo nido. il 65 per cento ha votato s�, in 105 si sono astenuti. unico ad aver votato contro � il partito alleato della lega: afd"
1.0,"il bundestag tedesco ieri ha approvato una legge che stabilisce l'obbligo del vaccino contro il morbillo come condizione per iscrivere i bambini all'asilo nido. il 65 per cento ha votato s�, in 105 si sono astenuti. unico ad aver votato contro � il partito alleato della lega: afd"
1.0,"il bundestag tedesco ieri ha approvato una legge che stabilisce l'obbligo del vaccino contro il morbillo come condizione per iscrivere i bambini all'asilo nido. il 65 per cento ha votato s�, in 105 si sono astenuti. unico ad aver votato contro � il partito alleato della lega: afd"
1.0,"il governo tedesco il conferma quanto pubblicato oggi da user :lamministrazione trump ha cercato di comprare i virologi tedeschi che lavorano sul vaccino a tubinga e ha offerto ingenti somme in modo che fossero esclusive per gli stati uniti link"
2.0,"il ministero della salute condannato a risarcire il danno morale a una famiglia che nel2009 perse la figlia a seguito di unencefalite provocata da una vaccinazione e che non ha mai visto un  dellindennizzo stabilito dal tar nel2007.un ritardo di 12 anni da parte del ministero link"
2.0,"il ministero della salute condannato a risarcire il danno morale a una famiglia che nel2009 perse la figlia a seguito di unencefalite provocata da una vaccinazione e che non ha mai visto un  dellindennizzo stabilito dal tar nel2007.un ritardo di 12 anni da parte del ministero link"
2.0,"il ministero della salute condannato a risarcire il danno morale a una famiglia che nel2009 perse la figlia a seguito di unencefalite provocata da una vaccinazione e che non ha mai visto un  dellindennizzo stabilito dal tar nel2007.un ritardo di 12 anni da parte del ministero link"
4.0,"il primo vaccino contro la malaria accende la speranza. ma riuscirà a vincere la malattia?  | national geographic link"
2.0,"il vaccino  una preparazione artificiale costituita da agenti patogeni, somministrata allo scopo di fornire un'immunit acquisita diversa da quella innata. quindi la profilassi vaccinale  da considerarsi una medicina alternativa? link"
1.0,"il vaccino contro la varicella pu causare la meningite. link"
1.0,"il vaccino contro la varicella pu causare la meningite. link"
1.0,"il vaccino contro la varicella pu causare la meningite. link"
0.0,"il vaccino non  un opinione. internet oggi  terra di nessuno. situazione molto pericolosa se lignoranza si unisce allarroganza user ora al convegno i costi dell #antiscienza  sui danni della disinformazione scientifica, organizzato da user #28novembre link"
0.0,"in arrivo il vaccino contro il colesterolo  ""salveremo 30mila vite in 10 anni""  aspetto con ansia quello contro la caduta dei capelli! link"
2.0,"in francia una petizione contro il famigerato vaccino #gardasil, che il ministro della sanit buzyn vuole estendere obbligatoriamente a tutti gli adolescenti, maschi e femmine link"
2.0,"in francia una petizione contro il famigerato vaccino #gardasil, che il ministro della sanit buzyn vuole estendere obbligatoriamente a tutti gli adolescenti, maschi e femmine link"
2.0,"in francia una petizione contro il famigerato vaccino #gardasil, che il ministro della sanit buzyn vuole estendere obbligatoriamente a tutti gli adolescenti, maschi e femmine link"
0.0,"influenza, vaccino raccomandato e gratis per bimbi e over 60. ministero: «anticipare a ottobre» - il link link"
1.0,"insieme al vaccino, a un bambino verrebbe iniettato un po 'di colorante invisibile ad occhio nudo ma facilmente visibile con uno speciale filtro per telefono cellulare user user user user_gibilisco user  link"
2.0,"insieme al vaccino, a un bambino verrebbe iniettato un po 'di colorante invisibile ad occhio nudo ma facilmente visibile con uno speciale filtro per telefono cellulare user user user user_gibilisco user  link"
1.0,"insieme al vaccino, a un bambino verrebbe iniettato un po 'di colorante invisibile ad occhio nudo ma facilmente visibile con uno speciale filtro per telefono cellulare user user user user_gibilisco user  link"
1.0,"insieme al vaccino, a un bambino verrebbe iniettato un po 'di colorante invisibile ad occhio nudo ma facilmente visibile con uno speciale filtro per telefono cellulare user user user user_gibilisco user  link"
1.0,"insieme al vaccino, a un bambino verrebbe iniettato un po 'di colorante invisibile ad occhio nudo ma facilmente visibile con uno speciale filtro per telefono cellulare user user user user_gibilisco user  link"
1.0,"insieme al vaccino, a un bambino verrebbe iniettato un po 'di colorante invisibile ad occhio nudo ma facilmente visibile con uno speciale filtro per telefono cellulare user user user user_gibilisco user  link"
2.0,"intanto gsk e ""una speciale unit dellesercito statunitense in kenya"" starebbero ""eseguendo decine di migliaia di test su bambini e neonati in alcuni dei villaggi pi poveri del continente africano"" per sperimentare il #vaccino #antimalaria. link"
2.0,"jerome mor 12 ore dopo il vaccino esavalente, aveva due mesi. da una parte abbiamo la prova scientifica (la loro) che non ci sia alcun nesso causale tra le due cose. dall'altra abbiamo la prova scientifica che non fornisce spiegazioni sulla sua morte.  link"
2.0,"juke era una bambina sana fino al giorno di quel maledetto #vaccino.   prima di vaccinare i vostri figli informatevi perch indietro non si torna.   qui la sua terribile storia  ????????  link link"
2.0,"l'ue che ci ama e ci protegge ha gi approvato il vaccino (con virus dell'ebola vivo). a quando il ""diritto"" di essere vaccinati tutti? #italexit #uscita #exit link"
1.0,"la germania ha introdotto lobbligo del vaccino contro il morbillo per gli studenti e i bambini degli asili nido link"
1.0,"la germania ha introdotto lobbligo del vaccino contro il morbillo per gli studenti e i bambini degli asili nido link"
1.0,"la germania nega la vendita esclusiva del brevetto per il vaccino covid-19 all�america, perch� l�azienda tedesca produttrice metter� a punto il vaccino ""per tutto il mondo e non per singoli paesi"".  cio� i tedeschi sono i buoni questa volta, how the tables have turned"
2.0,"la protagonista, danneggiata con riconoscimento della causa nella somministrazione di un vaccino, che ha vissuto tutta la sua esistenza allettata, fino al decesso nel corso del procedimento giudiziario, a soli 32 anni.     link via user"
1.0,"la rivista vaccines ha appena pubblicato un lavoro di ricercatori delluniversit di bari e della regione puglia, dove riportano, i principali risultati del famoso report dellosservatorio epidem. pugliese del 2018 sul vaccino morbillo-parotite-rosolia-varicella (mprv). segue link"
2.0,"la vita distrutta da un vaccino!  latroupecinematografica di #vaxxedcontinua a intervistare persone che sono state danneggiate dai #vaccini in tutto il paese.  sono stati di recente in iowa e hanno intervistato la famiglia di sydney weggen.  link"
2.0,"le azioni della cinese #nanoviricidesinc guadagnano il 74% indovinate che producono? il vaccino sperimentale contro il #coronavirus !  ..........e antiamooooooo! ???????????????????????????????????????? link"
2.0,"le azioni della cinese #nanoviricidesinc guadagnano il 74% indovinate che producono? il vaccino sperimentale contro il #coronavirus !  ..........e antiamooooooo! ???????????????????????????????????????? link"
2.0,"le azioni della cinese #nanoviricidesinc guadagnano il 74% indovinate che producono? il vaccino sperimentale contro il #coronavirus !  ..........e antiamooooooo! ???????????????????????????????????????? link"
2.0,"le azioni della cinese #nanoviricidesinc guadagnano il 74% indovinate che producono? il vaccino sperimentale contro il #coronavirus !  ..........e antiamooooooo! ???????????????????????????????????????? link"
2.0,"le sequenze genomiche dei vaccini utilizzati sono composte da intere sequenze di genoma umano, proveniente da aboi. geni anormali, deformi. 560 di questi, legati all'insorgenza del cancro (nei commenti audio da ascoltare) link"
2.0,"le sequenze genomiche dei vaccini utilizzati sono composte da intere sequenze di genoma umano, proveniente da aboi. geni anormali, deformi. 560 di questi, legati all'insorgenza del cancro (nei commenti audio da ascoltare) link"
2.0,"le sequenze genomiche dei vaccini utilizzati sono composte da intere sequenze di genoma umano, proveniente da aboi. geni anormali, deformi. 560 di questi, legati all'insorgenza del cancro (nei commenti audio da ascoltare) link"
3.0,"le stesse iene che hanno propalato la bufala dei vaccini causa dell'autismo, che sono andate a cuba per magnificare le propriet� ""antitumorali"" del ""veleno di scorpione"", intervistando un tassista locale su un fantomatico vaccino contro i tumori inventato da un agricoltore.  6/23"
2.0,"leggete bene ebola false flag in arrivo il vaccino  pronto, non ha superato nessun trial clinico approvato in gran fretta. faranno scoppiare una finta epidemia. state in campana!  link"
2.0,"leggete bene ebola false flag in arrivo il vaccino  pronto, non ha superato nessun trial clinico approvato in gran fretta. faranno scoppiare una finta epidemia. state in campana!  link"
2.0,"leggete bene ebola false flag in arrivo il vaccino  pronto, non ha superato nessun trial clinico approvato in gran fretta. faranno scoppiare una finta epidemia. state in campana!  link"
2.0,"leggete bene ebola false flag in arrivo il vaccino  pronto, non ha superato nessun trial clinico approvato in gran fretta. faranno scoppiare una finta epidemia. state in campana!  link"
2.0,"link abbiamo parlato spesso della correlazione tra morte in culla e vaccino esavalente. riporto a tal proposito un interessante articolo del 2014, dove si rilevava la necessit di uno studio in merito...a tale data era ancora concesso avere dubbi!"
2.0,"link era il 2010 e ancora si poteva parlare di danni provocati dai vaccini: in un anno 396 vittime causate dall'antinfluenzale!"
2.0,"link i danneggiati da vaccino esistono: 691 sono i soggetti riconosciuti e indennizzati dallo stato al 31 dicembre 2018, di cui 27 morti. nadia gatti, presidente del condav, ci fornisce i dati...buona lettura!"
2.0,"link i danneggiati da vaccino esistono: 691 sono i soggetti riconosciuti e indennizzati dallo stato al 31 dicembre 2018, di cui 27 morti. nadia gatti, presidente del condav, ci fornisce i dati...buona lettura!"
2.0,"link il tribunale condanna il ministero della salute, che non paga... nonostante sia stato riconosciuto colpevole! oltre il danno da vaccino...la beffa!  #vaccini #stragedistato"
2.0,"link il tribunale condanna il ministero della salute, che non paga... nonostante sia stato riconosciuto colpevole! oltre il danno da vaccino...la beffa!  #vaccini #stragedistato"
2.0,"link sentenza storica: il consiglio di stato condanna il ministero della salute a risarcire per ritardo del pagamento dell'indennizzo dovuto ad una ragazza danneggiata da vaccino, morta dopo atroci sofferenze all'et di 32 anni #vaccini #giustizia"
2.0,"luogocomune:dal top di harvard, le incognite di cov-2, immunità e vaccino   link 13"
2.0,"lâindustria della vaccinazione, storia e contro storia - pietro ratto #byoblu24 link 46"
2.0,"lâindustria della vaccinazione, storia e contro storia - pietro ratto #byoblu24 link 74"
2.0,"m5s: il vaccino anti-covid deve essere obbligatorio. i fedeli schiavetti di rockefeller e gates link via user"
2.0,"ma  meraviglioso! un vaccino per rimediare ai danni da vaccino, che al mercato mio padre compr! tutti zitti? mass, cazzocene, tanto da noi mica succedono queste cose! #cavie #vaccini #sperimentazione #vaccinederivedpolio link"
2.0,"ma guarda a volte il caso, sui media non si fa altro che parlare di #coronavirus e, taaaaaaac, subito ci si mette al lavoro per un vaccino apposito.  ma guarda a volte le coincidenze. link"
3.0,"ma i #novax, dove cazzo sono spariti?"
3.0,"ma i genitori no vax che perdono un figlio a causa della meningite per la quale esisteva un vaccino, se lo fanno un esame di coscienza o continuano a rimanere no vax? perch� sappiate che se scegliete la seconda non solo mancate di rispetto a vostro figlio, ma siete pure coglioni."
3.0,"ma i genitori no vax che perdono un figlio a causa della meningite per la quale esisteva un vaccino, se lo fanno un esame di coscienza o continuano a rimanere no vax? perch� sappiate che se scegliete la seconda non solo mancate di rispetto a vostro figlio, ma siete pure coglioni."
3.0,"ma i genitori no vax che perdono un figlio a causa della meningite per la quale esisteva un vaccino, se lo fanno un esame di coscienza o continuano a rimanere no vax? perch� sappiate che se scegliete la seconda non solo mancate di rispetto a vostro figlio, ma siete pure coglioni."
3.0,"ma i genitori no vax che perdono un figlio a causa della meningite per la quale esisteva un vaccino, se lo fanno un esame di coscienza o continuano a rimanere no vax? perch� sappiate che se scegliete la seconda non solo mancate di rispetto a vostro figlio, ma siete pure coglioni."
3.0,"ma i genitori no vax che perdono un figlio a causa della meningite per la quale esisteva un vaccino, se lo fanno un esame di coscienza o continuano a rimanere no vax? perch� sappiate che se scegliete la seconda non solo mancate di rispetto a vostro figlio, ma siete pure coglioni."
3.0,"ma i genitori no vax che perdono un figlio a causa della meningite per la quale esisteva un vaccino, se lo fanno un esame di coscienza o continuano a rimanere no vax? perch� sappiate che se scegliete la seconda non solo mancate di rispetto a vostro figlio, ma siete pure coglioni."
3.0,"ma i genitori no vax che perdono un figlio a causa della meningite per la quale esisteva un vaccino, se lo fanno un esame di coscienza o continuano a rimanere no vax? perch� sappiate che se scegliete la seconda non solo mancate di rispetto a vostro figlio, ma siete pure coglioni."
3.0,"ma i genitori no vax che perdono un figlio a causa della meningite per la quale esisteva un vaccino, se lo fanno un esame di coscienza o continuano a rimanere no vax? perch� sappiate che se scegliete la seconda non solo mancate di rispetto a vostro figlio, ma siete pure coglioni."
3.0,"ma i genitori no vax che perdono un figlio a causa della meningite per la quale esisteva un vaccino, se lo fanno un esame di coscienza o continuano a rimanere no vax? perch� sappiate che se scegliete la seconda non solo mancate di rispetto a vostro figlio, ma siete pure coglioni."
3.0,"ma i genitori no vax che perdono un figlio a causa della meningite per la quale esisteva un vaccino, se lo fanno un esame di coscienza o continuano a rimanere no vax? perch� sappiate che se scegliete la seconda non solo mancate di rispetto a vostro figlio, ma siete pure coglioni."
3.0,"ma i genitori no vax che perdono un figlio a causa della meningite per la quale esisteva un vaccino, se lo fanno un esame di coscienza o continuano a rimanere no vax? perch� sappiate che se scegliete la seconda non solo mancate di rispetto a vostro figlio, ma siete pure coglioni."
3.0,"ma i genitori no vax che perdono un figlio a causa della meningite per la quale esisteva un vaccino, se lo fanno un esame di coscienza o continuano a rimanere no vax? perch� sappiate che se scegliete la seconda non solo mancate di rispetto a vostro figlio, ma siete pure coglioni."
3.0,"ma i genitori no vax che perdono un figlio a causa della meningite per la quale esisteva un vaccino, se lo fanno un esame di coscienza o continuano a rimanere no vax? perch� sappiate che se scegliete la seconda non solo mancate di rispetto a vostro figlio, ma siete pure coglioni."
3.0,"ma i genitori no vax che perdono un figlio a causa della meningite per la quale esisteva un vaccino, se lo fanno un esame di coscienza o continuano a rimanere no vax? perch� sappiate che se scegliete la seconda non solo mancate di rispetto a vostro figlio, ma siete pure coglioni."
3.0,"ma i genitori no vax che perdono un figlio a causa della meningite per la quale esisteva un vaccino, se lo fanno un esame di coscienza o continuano a rimanere no vax? perch� sappiate che se scegliete la seconda non solo mancate di rispetto a vostro figlio, ma siete pure coglioni."
3.0,"ma i genitori no vax che perdono un figlio a causa della meningite per la quale esisteva un vaccino, se lo fanno un esame di coscienza o continuano a rimanere no vax? perch� sappiate che se scegliete la seconda non solo mancate di rispetto a vostro figlio, ma siete pure coglioni."
2.0,"meglio tardi che mai...paragone si  svegliato...ascoltate cosa dice sulle vaccinazioni!???? link"
2.0,"meglio tardi che mai...paragone si  svegliato...ascoltate cosa dice sulle vaccinazioni!???? link"
2.0,"meglio tardi che mai...paragone si  svegliato...ascoltate cosa dice sulle vaccinazioni!???? link"
1.0,"melfi .bimba di 2 anni muore in ospedale dopo il vaccino esavalente: il ministro grillo invia gli ispettori       link link"
2.0,"melfi .bimba di 2 anni muore in ospedale dopo il vaccino esavalente: il ministro grillo invia gli ispettori       link link"
2.0,"meningite b, il consiglio superiore della sanit belga non raccomanda il vaccino. in italia invece l'iss mette il bollino sulla pubblicit di gsk... link"
2.0,"meraviglia! ora persino beppe grillo si concede uno spot a sostegno del vaccino contro il papilloma virus umano. ma facciamo pure finta che anni fa ne condannava l'uso indiscriminato... link"
2.0,"meraviglia! ora persino beppe grillo si concede uno spot a sostegno del vaccino contro il papilloma virus umano. ma facciamo pure finta che anni fa ne condannava l'uso indiscriminato... link"
2.0,"mi propongo come cavia per vivere senza vaccino obbligatorio e senza microchip
(fai copia incolla vediamo quanti siamo?)"
2.0,"morte da #vaccino. art. 5 convenzione di oviedo - un intervento nel campo della salute non pu essere effettuato se non dopo che la persona interessata abbia dato consenso libero e informato. usate i vostri diritti inalienabili. link"
2.0,"muore a 5 anni dopo richiamo vaccinale ma non  colpa del vaccino bens di un infezione batterica dicono . il richiamo fatto, secondo il calendario vaccinale  il dtpa, anti difterite, tetano e pertosse. tutte  tre sono infezioni batteriche. fate voi???? link"
2.0,"muore a 5 anni dopo richiamo vaccinale ma non  colpa del vaccino bens di un infezione batterica dicono . il richiamo fatto, secondo il calendario vaccinale  il dtpa, anti difterite, tetano e pertosse. tutte  tre sono infezioni batteriche. fate voi???? link"
2.0,"muore a 5 anni dopo richiamo vaccinale ma non  colpa del vaccino bens di un infezione batterica dicono . il richiamo fatto, secondo il calendario vaccinale  il dtpa, anti difterite, tetano e pertosse. tutte  tre sono infezioni batteriche. fate voi???? link"
2.0,"muore a 5 anni dopo richiamo vaccinale ma non  colpa del vaccino bens di un infezione batterica dicono . il richiamo fatto, secondo il calendario vaccinale  il dtpa, anti difterite, tetano e pertosse. tutte  tre sono infezioni batteriche. fate voi???? link"
2.0,"no questa  bella. arianna 5 anni, le somministrano 2 #vaccini insieme. la bimba ha crisi epilettiche e sviene poco dopo il vaccino. i medici che dicono alla madre? signora lei ha trasmesso tensione alla bimba. oh ma questi sono laureati in medicina !!! link"
2.0,"no questa  bella. arianna 5 anni, le somministrano 2 #vaccini insieme. la bimba ha crisi epilettiche e sviene poco dopo il vaccino. i medici che dicono alla madre? signora lei ha trasmesso tensione alla bimba. oh ma questi sono laureati in medicina !!! link"
2.0,"non solo i danneggiati da #vaccino esistono, ma lo stato  reticente nel pagare e viene condannato anche per danno morale! link"
2.0,"occorre per approfondire nel dettaglio la questione per poter aver un quadro pi chiaro e non distorto, partendo da questa notizia: la morte di 2 bambini samoani di dodici mesi, dopo pochi minuti dalla somministrazione del vaccino mmr a savaii nel 2018.?? link"
2.0,"oggi in tv la glaxo pubblicizzava il vaccino per la meningite b affermando che gli altri vaccini per la meningite non fanno un gran che.....se prima mi facevano schifo ora gli darei fuoco....(cit.)"
2.0,"oggi sono 7 anni che giacomo � volato via... dopo atroci sofferenze causate da un vaccino che lo ha reso tetraplegico! un abbraccio enorme va ai suoi coraggiosissimi genitori, mario e concetta, sempre in prima fila per la battaglia a favore della libert� di scelta vaccinale."
2.0,"oggi sono 7 anni che giacomo � volato via... dopo atroci sofferenze causate da un vaccino che lo ha reso tetraplegico! un abbraccio enorme va ai suoi coraggiosissimi genitori, mario e concetta, sempre in prima fila per la battaglia a favore della libert� di scelta vaccinale."
2.0,"oggi sono 7 anni che giacomo � volato via... dopo atroci sofferenze causate da un vaccino che lo ha reso tetraplegico! un abbraccio enorme va ai suoi coraggiosissimi genitori, mario e concetta, sempre in prima fila per la battaglia a favore della libert� di scelta vaccinale."
2.0,"parliamo di efficacia del vaccino antinfluenzale: la copertura tra gli anziani over 65  aumentata dal 20% del 1980 sino al 61% nel 2001. nello stesso periodo di tempo sono aumentate le stime della mortalit nella stessa fascia d'et.  link"
2.0,"parliamo di efficacia del vaccino antinfluenzale: la copertura tra gli anziani over 65  aumentata dal 20% del 1980 sino al 61% nel 2001. nello stesso periodo di tempo sono aumentate le stime della mortalit nella stessa fascia d'et.  link"
2.0,"per chi ancora non l'avesse capito.  l'obiettivo delle case farmaceutiche  quello di entrare nel mercato delle persone sane.  le persone sane sono tutti gli abitanti della terra, 7 miliardi di potenziali clienti, le persone malate solo una microscopica percentuale di essi. link"
2.0,"perch tanti anziani e tanti feti muoiono dopo il #vaccino #antinfluenzale.  lo spiega il farmacologo e nanopatologo stefano #montanari. link"
2.0,"perch� non dite che a brescia e #bergamo hanno vaccinato a tappeto la popolazione per la meningite a fine gennaio,devastandogli il sistema immunitario,come accade ai bimbi che hanno la febbre per giorni dopo il vaccino,e poi si ammalano? #dimartedi #covid19"
2.0,"qualcuno si ricorda il nome del governatore della regione che si vanta di aver dato l'idea per la legge #lorenzin con una legge regionale che per prima ha escluso dai nidi comunali i bambini non #vaccinati? ricordiamocelo il 26 gennaio???? #bonaccini  link"
2.0,"qualcuno si ricorda il nome del governatore della regione che si vanta di aver dato l'idea per la legge #lorenzin con una legge regionale che per prima ha escluso dai nidi comunali i bambini non #vaccinati? ricordiamocelo il 26 gennaio???? #bonaccini  link"
2.0,"quando anche sui foglietti informativi del vaccino difterite tetano pertosse e polio (dtap)  scritto che pu causare morte infantile improvvisa (#sids) ma la #scienzah ancora non si sa spiegare il perch della morte in culla...  leggere i foglietti informativi, per esempio? no? link"
2.0,"quando anche sui foglietti informativi del vaccino difterite tetano pertosse e polio (dtap)  scritto che pu causare morte infantile improvvisa (#sids) ma la #scienzah ancora non si sa spiegare il perch della morte in culla...  leggere i foglietti informativi, per esempio? no? link"
2.0,"quando anche sui foglietti informativi del vaccino difterite tetano pertosse e polio (dtap)  scritto che pu causare morte infantile improvvisa (#sids) ma la #scienzah ancora non si sa spiegare il perch della morte in culla...  leggere i foglietti informativi, per esempio? no? link"
2.0,"quando anche sui foglietti informativi del vaccino difterite tetano pertosse e polio (dtap)  scritto che pu causare morte infantile improvvisa (#sids) ma la #scienzah ancora non si sa spiegare il perch della morte in culla...  leggere i foglietti informativi, per esempio? no? link"
2.0,"quando avete finito di erigervi a paladini della buona e giusta vaccinazione, vorrei sommessamente ricordarvi che il new dehli esiste. tanto, che ora ha deciso di uscire dalla toscana. non esiste vaccino, quindi immagino non ve ne importi. link"
2.0,"quando la stampa poteva ancora informare sui danni da #vaccino link"
2.0,"quando la stampa poteva ancora informare sui danni da #vaccino link"
2.0,"quando la stampa poteva ancora informare sui danni da #vaccino link"
2.0,"quando la stampa poteva ancora informare sui danni da #vaccino link"
2.0,"quando la stampa poteva ancora informare sui danni da #vaccino link"
2.0,"quando la stampa poteva ancora informare sui danni da #vaccino link"
2.0,"quanta saggezza in queste parole.  ma a coloro che non comprendono che il racket dei #vaccini va fermato in tempo, perch prima o poi toccher tutti, dobbiamo fornire un disegnino?  user link"
2.0,"quanta saggezza in queste parole.  ma a coloro che non comprendono che il racket dei #vaccini va fermato in tempo, perch prima o poi toccher tutti, dobbiamo fornire un disegnino?  user link"
2.0,"questa mamma racconta praticamente in diretta la regressione allo stato autistico della figlia dopo 48 ore dall'iniezione del vaccino esavalente.  ""ieri avevo una bambina che era sana al 100%, oggi ho una figlia ferita, per non scrivere disabile""!  link link"
2.0,"questa mamma racconta praticamente in diretta la regressione allo stato autistico della figlia dopo 48 ore dall'iniezione del vaccino esavalente.  ""ieri avevo una bambina che era sana al 100%, oggi ho una figlia ferita, per non scrivere disabile""!  link link"
2.0,"questa mamma racconta praticamente in diretta la regressione allo stato autistico della figlia dopo 48 ore dall'iniezione del vaccino esavalente.  ""ieri avevo una bambina che era sana al 100%, oggi ho una figlia ferita, per non scrivere disabile""!  link link"
2.0,"questa mamma racconta praticamente in diretta la regressione allo stato autistico della figlia dopo 48 ore dall'iniezione del vaccino esavalente. ""ieri avevo una bambina che era sana al 100%, oggi ho una figlia ferita, per non scrivere disabile""! link link"
2.0,"questi bambini non festeggeranno nessun natale, il #vaccino li ha portati via. link"
2.0,"questi bambini non festeggeranno nessun natale, il #vaccino li ha portati via. link"
2.0,"questo  il foglio illustrativo  di un #vaccino chiamato tetravac, quello che avete fatto iniettare ai vostri bambini.  sapete che tutti gli ingredienti  di questi vaccini fanno venire il cancro la leucemia, l'encefalopatia, i disturbi del compoamento, ecc.   leggeteli per dio! link"
2.0,"questo  il foglio illustrativo  di un #vaccino chiamato tetravac, quello che avete fatto iniettare ai vostri bambini.  sapete che tutti gli ingredienti  di questi vaccini fanno venire il cancro la leucemia, l'encefalopatia, i disturbi del compoamento, ecc.   leggeteli per dio! link"
2.0,"questo studio dimostra come le piccole mutazioni della bordetella pertussis abbiano portato nel tempo (e in corrispondenza dell'inizio della somministrazione delle dosi massicce del vaccino a favorire l'insorgenza di ceppi di bordetella resistenti.. link"
2.0,"questo studio dimostra come le piccole mutazioni della bordetella pertussis abbiano portato nel tempo (e in corrispondenza dell'inizio della somministrazione delle dosi massicce del vaccino a favorire l'insorgenza di ceppi di bordetella resistenti.. link"
2.0,"sta cadendo il velo... #vaccini #vogliamogiustiziaeliberta link"
2.0,"sta cadendo il velo... #vaccini #vogliamogiustiziaeliberta link"
0.0,"stefano montanari: un altro eroe antivaccinista lascia | nextquotidiano link"
2.0,"stefano montanari: un altro eroe antivaccinista lascia | nextquotidiano link"
3.0,"stefano montanari: un altro eroe antivaccinista lascia | nextquotidiano link"
2.0,"studio della durata di 40 anni: scopre che in guinea-bissau un primo vaccino per il morbillo non proteggeva dal morbillo, ma riduceva di la mortalit infantile. nel 1989 #oms decide di cambiare vaccino, questo protegge dal morbillo, ma aumenta la mortalit link"
2.0,"studio tedesco di bambini vaccinati contro non vaccinati. indovina chi  sempre pi sano? link"
2.0,"studio tedesco di bambini vaccinati contro non vaccinati. indovina chi  sempre pi sano? link"
2.0,"studio tedesco di bambini vaccinati contro non vaccinati. indovina chi  sempre pi sano? link"
2.0,"un anno fa moriva il piccolo samuel di martino, a poche ore di distanza dalla somministrazione di un vaccino, antimeningococco b prodotto dalla glaxo. la procura nomina un perito per stabilire la verit sulla terribile scomparsa di un cucciolo di soli 5 mesi.  segue link"
2.0,"un anno fa moriva il piccolo samuel di martino, a poche ore di distanza dalla somministrazione di un vaccino, antimeningococco b prodotto dalla glaxo. la procura nomina un perito per stabilire la verit sulla terribile scomparsa di un cucciolo di soli 5 mesi.  segue link"
0.0,"un batterio intestinale complice dell'infarto. lo hanno scoperto scienziati del policlinico universitario umberto i di roma. la scoperta potrebbe gettare le basi per un vaccino preventivo anti-infarto e per terapie mirate. #ansa #infarto #salute #cuore link"
0.0,"un batterio intestinale complice dell'infarto. lo hanno scoperto scienziati del policlinico universitario umberto i di roma. la scoperta potrebbe gettare le basi per un vaccino preventivo anti-infarto e per terapie mirate. #ansa #infarto #salute #cuore link"
0.0,"un batterio intestinale complice dell'infarto. lo hanno scoperto scienziati del policlinico universitario umberto i di roma. la scoperta potrebbe gettare le basi per un vaccino preventivo anti-infarto e per terapie mirate. #ansa #infarto #salute #cuore link"
0.0,"un batterio intestinale complice dell'infarto. lo hanno scoperto scienziati del policlinico universitario umberto i di roma. la scoperta potrebbe gettare le basi per un vaccino preventivo anti-infarto e per terapie mirate. #ansa #infarto #salute #cuore link"
2.0,"uno scienziato delle nazioni unite ammette che i vaccini uccidono le persone durante il ""vertice sulla sicurezza dei vaccini"" link"
2.0,"user il cerchio si chiude: dalla via della seta all'... autostrada del #vaccino link link"
5.0,"user per chi se lo farà fare il vaccino."
2.0,"user qui la church of satan, ovviamente pro vaccini, che si lancia nella difesa totale del vaccino hpv ???? link"
2.0,"user qui la church of satan, ovviamente pro vaccini, che si lancia nella difesa totale del vaccino hpv ???? link"
2.0,"user qui la church of satan, ovviamente pro vaccini, che si lancia nella difesa totale del vaccino hpv ???? link"
2.0,"user tutto ciò che è vaccino è bufala"
2.0,"user user user user_ansa tu fai due conti di quanti sono i malati e quanti i sani obbligati al vaccino. poi conta i richiami obbligatori. infini spiegami come convenga vendere 8euro di tachipirina x 5000 malati di morbillo"
2.0,"user vaccino per cosa? link"
2.0,"user � successo lo stesso un anno fa, ad una mia amica. l�ho scritto ma poi fui aggredita da chi vuol rimanere ceco. il vaccino antinfluenzale mortale."
1.0,"vaccino anti-covid, in aprile via ai test sull'uomo link link"
1.0,"vaccino contro il colesterolo: nel 2020 al via i test in gran bretagna link"
1.0,"vaccino, test in italia in estate link"
2.0,"vahttp://www.altadauniaaltosalento.it/showthread.php?11835-vaccino-esavalente-ecco-il-documento-%93riservato%94-glaxo-che-cita-l%92autismo&amp;p=18393#post18393ccino esavalente, ecco il documento riservato glaxo che cita lautismo link"
2.0,"villongo: paese in fila per #vaccino contro la #meningite. tre casi in un mese, uno fatale. e scatta la campagna a tappeto. lobiettivo  quello di immunizzare fino a 4.500 adulti. la protesta dei non residenti, che non hanno diritto alla prestazione gratuita. l'esperto ammonisce link"
3.0,"«coronavirus fasullo», denunciato il guru dei no vax stefano montanari - vicenzapiù link"
3.0,"«coronavirus fasullo», denunciato il guru dei no vax stefano montanari - vicenzapiù link"
1.0,"«coronavirus fasullo», denunciato il guru dei no vax stefano montanari - vicenzapiù link"
3.0,"«coronavirus fasullo», denunciato il guru dei no vax stefano montanari - vicenzapiù link"
