2,"#coronavirus outbreak aggiornamento dato azionario della nano viricides inc produttrice del vaccino sperimentale contro una cazzata. link"
0,"user user_meluzzi l’importante è non fare vaccinare i novax 
così finalmente togliamo di mezzo definitivamente i novax"
0,"user user non entro a scuola da un mese, da noi c'è spazio in abbondanza, ci sono anche varie aule vuote. la situazione non é uguale ovunque e la verità non ha un unico depositario.
rifaccio la domanda: se é un problema di strutture non ripartiremo più fino al vaccino?"
2,"""l'industria della #vaccinazione"".
l'avventura continua. prima di esser partita!
link link"
0,"«la verità non si può multare» con la v maiuscola. così la deputata #peppegrillara sara #cunial #novax fermata e multata dai carabinieri. user speravo che il #coronavirus li avesse estinti ma sono ancora tra di noi. user"
0,"ristoranti e chiese fra i luoghi dov'è più facile prendere il #covid19.
in questa #fase2 passo:
pizza o cenetta quando ci sarà il vaccino.
non crepano solo gli anziani, ed i polmoni potrebbero restare compromessi per sempre.
link"
0,"`ci vorranno 1-2 settimane per vedere scendere i casi. senza vaccino, non ci libereremo di covid-19` | l`huffpost link"
0,"user_ user fino al vaccino o comunque una cura seria non ci sarà nessuna piazza purtroppo"
0,"user__ci cerco di capirlo ma non posso immaginarlo... se si arriva così a giugno si. rischia di avere le carceri piene.. molta gente avrà bisogno di cibo e parecchi di ricoveri coatti.... purtroppo non c'è soluzione non si capisce quale sia il male minore....vaccino salvaci tu"
1,"primo studio sull’uomo del vaccino covid-19.: il primo vaccino covid-19 che ha raggiunto la… link"
0,"user_grillo user_grillo è riuscito a diffondere lo scetticismo verso la scienza ufficiale e a radunare un’esercito di somari che credono a dei ciarlatani #novax. non so con che coraggio adesso scriva queste parole,ma spero che riesca a far cambiare idea ai decerebrati che l’avevano seguito"
0,"un certo ""giornalismo"" � l'arma di distrazione di massa di certa ""politica"".  dove sono i demagoghi pro #novax #freevax? perch� cari accattoni di voti non andate in tv ora a dire:alla ""gggente"" va garantita la libert� di scelta se vaccinarsi o no? #coronavirusitalia #coronavirus"
2,"vaccino covid-19, sindacato dei militari: no a sperimentazioni su forze dell'ordine o personale sanitario militare. no a nuove morti bianche link via user"
0,"user vaccino, 5g, troika, contante, microchip.....questi sono dei pazzi"
1,"coronavirus, la deputata no vax fermata a ostia: “vaccinarmi contro il covid-19? perché dovrei?” link link"
1,"vaccino anti-covid, in aprile via ai test sull'uomo link link"
0,"amazon prime è la più grande scoperta dai tempi del vaccino."
2,"user il vaccino io non lo faccio"
0,"pensierino della notte
la scienza medica ed epidemiologica, epidemiologi del calibro di larry brilliant, insegnano che in assenza di vaccino, senza tt non si risolve una pandemia
ne usciremo se non si ascoltano false narrazioni strumentali, ma a chi vero esperto in pandemie
notte link"
2,"ricordate come tutti i nostri media spingessero per  l'antifluenzale come aiuto nel contrastare il #coronavid19? ???????????????????????? in inghilterra scatta l'allarme dei medici, chi ha ricevuto il vaccino antinfluenzale e' piu' a rischio di contrarre il #covid_19  link link"
1,"user_jellyston user user user user user user user user user user user user_iacoboni user_mr user user per dire che stiamo facendo meglio dobbiamo vedere i risultati ma, soprattutto, la sostenibilità di tali risultati nel lungo periodo.
possiamo stare chiusi così fino alla disponibilità del vaccino?"
1,"la germania ha introdotto lobbligo del vaccino contro il morbillo per gli studenti e i bambini degli asili nido link"
2,"link era il 2010 e ancora si poteva parlare di danni provocati dai vaccini: in un anno 396 vittime causate dall'antinfluenzale!"
2,"user user perché non volevano si scoprisse la vera cura, per poi obbligare al vaccino di bill gates, già brevettato a novembre scorso (doc ufficiali)."
1,"user la gente vuole stare a casa. non sente cazzi.  li hanno terrorizzati talmente bene che i cervelli sono andati completamente in pappa. la fake news sugli aumenti degli infetti in germania, quella sull’immunità di gregge di johnson. niente. stare a casa e aspettare il vaccino."
0,"user_ gli anziani sono un patrimonio da custodire non da sacrificare. purtroppo senza vaccino senza antivirali sono indifesi."
1,"germania, no vaccino obbligatorio link"
0,"a pensare che fino a quando non ci sarà un vaccino, dovremmo stare sempre con le mascherine non so voi, ma a me prende un po’ male, già non riesco a respirarci ora, figuriamoci d’estate."
2,"user warp speed per vaccino e tutto il connesso.
come sempre soldi e potere!"
0,"i novax hanno già organizzato le festine per il contagio del #coronavirus come fanno per il morbillo?"
0,"#macron chiede che il vaccino #sanofi sia un ""bene pubblico"".
un brutto risveglio per gli adepti del libero mercato link"
2,"user user in prima linea di che? di spendere miliardi da dare alle case farmaceutiche per un vaccino vje non servirà a niente? invece di buttar via soldi sul nulla li distribuisca agli italiani bisognosi"
2,"danneggiati da vaccino..........!!!!!!!!!!!!!!!!!!!!!!!!!! risarcimenti ai danneggiati da vaccino, ora lo stato pagher di pi  il blog di gioia locati link"
1,"welt am sonntag: donald trump ha cercato di avere il vaccino anti-coronavirus in esclusiva per gli stati uniti link"
1,"user ha qualche senso diffondere un virus di cui nessuno ha il vaccino. farà molti morti anche negli stati uniti.."
2,"user intanto, come lega, avete votato in lombardia per l'obbligo dei vaccini. ognuno di voi porta avanti qualcosa di schifoso .. per la nostra salute sarà peggio il vostro vaccino che non il loro mes o i migranti ! indegni, e io, scemo, che vi ho votati"
2,"user user jack kalman: “dopo aver letto questo studio, ci vuole l’indole di un  kamikaze per farsi vaccinare ma per far vaccinare un proprio figlio si deve aver gia’ raggiunto gli abissi della mancanza di coscienza. dal punto di vista scientifico, ogni vaccinazione e’ uno scandalo”."
0,"sono asmatica. un colpo di vento mi ammalo. tosse altrui prendo polmonite. ho fatto mesi fa il vaccino influenzale. ho la mascherina in questi giorni. a roma mi guardano male. ridono.
#covid2019"
2,"user user user user user user user user_maccari sai dove se lo possono mettere il loro inutile e schifoso vaccino? anthony fauci ha dichiarato che il vaccino aumenta il rischio di infezione. i vaccini sono dannosi. vatti a vedere i risultati dell'analisi su 4 vaccini presentati alla camera."
1,"user quale vaccino? per altri virus non è mai stato trovato un vaccino, non è sicuro che che si trovi per il covid19. se aspettiamo il vaccino per ripartire... buonanotte. auguriamoci che si trovi una cura"
2,"user a bergamo e brescia c'è stata una vaccinazione di massa tra ottobre e novembre...questo spiega l'alta mortalità"
1,"#coronavirus, il farmacologo garattini: ‘il vaccino forse pronto per fine anno’ link #italia"
0,"in occasione dei suoi 20 anni di attivit, chiediamo user, lalleanza globale per i vaccini, un maggiore impegno affinch 55 milioni di bambini abbiano accesso al #vaccino anti-pneumococcico ora che finalmente  disponibile una versione pi economica.    link"
0,"user user perché non esistono basi scientifiche che dimostrino le tesi novax."
0,"user_grillo sento il pianto sconsolato di tutte le merde #novax link"
0,"farmaci e vaccino contro il covid-19 per tutti link #ilmanifesto di user"
0,"volontaria vaccino smentisce fake news: `sto bene, non sono morta`  - tiscali notizie link"
1,"quando sarà pronto (realisticamente) il vaccino contro il coronavirus -  #quando #pronto #(realisticamente)  link"
0,"#vadoalmare
per chi volesse andare al mare :dopo la sanzione,basta tirare dritto !
“vado al mare, sono una parlamentare”. l’ex grillina no vax #saracunial multata sulla strada per #ostia link di user"
0,"#lavitaindiretta sono guido folzani di felino (pr) volevo chiedere all’esperto se per tornare alla vita come prima si dovrà aspettare il vaccino che potrebbe arrivare anche fra qualche anno. sino a quel giorno non si potrà abbassare la guardia?"
1,""" isolato il #coronavirus, la virologa dello spallanzani: 
“vi racconto cosa significa e come procederemo adesso per il #vaccino”
paolo russo link via user"
0,"user user user c) sapevate che per legge un donatore può donare ogni 30 giorni? 
d) sapevate che la donazione e’ volontaria e quindi non si può contare su disponibilità illimitata di plasma mentre sul vaccino si"
2,"vahttp://www.altadauniaaltosalento.it/showthread.php?11835-vaccino-esavalente-ecco-il-documento-%93riservato%94-glaxo-che-cita-l%92autismo&amp;p=18393#post18393ccino esavalente, ecco il documento riservato glaxo che cita lautismo link"
1,"user user user buongiorno. il vaccino è importante, ma vorrei sapere con quale  ""cura"" ne sono usciti indenni dagli ospedali? di plasma se n'è è parlato solo recentemente.. grazie mille"
0,"user_the user il problema è che come per il coronavirus del raffraddore stagionale, se vai a fare i test ce l'anno tutti anche asintom. , ma non è detto che ammazzi gli altri. chi ha fatto l'ultimo vaccino poi risulta + sicuro perché dentro ce n'è uno simile. ora ti mando una cosina fresca..."
1,"coronavirus, “guerra del vaccino”: la germania difende la sua ricerca dai miliardi offerti da trump #covid2019 #coronavirus #ricerca #vaccino link link"
1,"regione lazio – obbligatorio per gli over 65 il vaccino contro l`influenza; l’annuncio dell’assessore alla sanità, alessio d`amato - radiocassinostereo link"
1,"prof. massimo  andreoni - direttore uoc malattie infettive policlinico tor vergata, roma
i  test  diagnostici  per  la  diagnosi  e il  follow  up - le  terapie  oggi  e  in  futuro - i  tempi  per  la  messa  a  punto  del  vaccino 
link link"
2,"#covid19, #fauci: ""non torneremo alla normalità almeno per un anno. la soluzione vera è il #vaccino"".
giusto il tempo che ci vuole per metterlo in commercio. link"
0,"anche le teorie più assurde e strampalatempalate che fino a ieri si esibivano come una medaglia.
coerenza vorrebbe che per loro, cura e vaccino, siano negati.
&lt;continua&gt;"
1,"trump vuole vaccino tedesco in esclusiva - ultima ora - ansa link"
1,"buonasera, oggi all  conferenza stampa della protezione civile, parlavano di un vaccino quasi imminente.. potrebbe avere relazioni con questo medicinale. interessante anche la teoria sulla morte dei piu' giovani user link"
0,"ho appena letto un ""io non mi vaccino a pre-scindere"",e la ""fase 2"" ora mi angoscia più della quarantena..."
0,"...dove sono i #novax in questi giorni?"
0,"vaccino contro il covid-19 l'immunologo svizzero esce allo scopero: ""possibilità di successo"" link"
2,"ma guarda a volte il caso, sui media non si fa altro che parlare di #coronavirus e, taaaaaaac, subito ci si mette al lavoro per un vaccino apposito.  ma guarda a volte le coincidenze. link"
2,"user user fate presto che bill ha già pronto il vaccino e ci annienterà"
2,"user_sn studio americano: fra i vaccinati per l'influenza +36% di covid19 in forma grave
link"
2,"occorre per approfondire nel dettaglio la questione per poter aver un quadro pi chiaro e non distorto, partendo da questa notizia: la morte di 2 bambini samoani di dodici mesi, dopo pochi minuti dalla somministrazione del vaccino mmr a savaii nel 2018.?? link"
2,"..""special guest"":
villani""pediatra""che ci offre i termini del novo vaccino, prontissimo,anzi:è qua!
#popolobue ostaggio e psichicamente coinvolto nova sindrome #sindromelombardia® 
(l'uso hashtag è subordinato alla donazione spiccioli,in attesa buonipasto)link"
1,"coronavirus: quanto manca al vaccino per il covid-19, l'annuncio link"
2,"user ""il rischio 0 senza un vaccino non esiste""... ma allora nn avete studiato .. il virus muta in continuazione quindi il vaccino e' inutile ... purtroppo il mainstream fa' ancora vittime con un informazione pilotata"
0,"user tutti zitti ad aspettare il vaccino"
2,"@_fede_6 user e cmq se si indebolisce molto allora sparisce da solo o nessuno lo contrae e si ammala più ed è inutile fare il vaccino.e invece insistono col vaccino."
2,"#vaccini:  muore ""suicidata"" con ben due colpi alla testa per aver rivelato le stoure dei programmi di #vaccinazione.  si  sparata, poi  risoa per spararsi di nuovo. ????  #trumanshow   i vaccini uccidono. link"
2,"""loperazione di registrazione che somiglia a una marchiatura in versione hi-tech viene effettuata contestualmente alla vaccinazione."" ???? user   link"
1,"#coronavirus: pronta la mappa in 3d, utile a #farmaci e #vaccino
è struttura di una delle armi del #virus user user user #ansascienza user link"
0,"pensate a quanto sono stronzi tutti quei medici e tutti quei ricercatori che da due mesi si stanno ammazzando per trovare un vaccino per il #coronavirus, quando per guarire basta un’iniezione di disinfettante.

#mrvirulent #trump"
0,"user user user certo, ma io credo che sia stato fatto un po' di bullismo"", passami il termine, su questa pratica. ora stanno iniziando anche a modena a sperimentarla.. i medici dovrebbero ssere contenti.. cura più adatta fino all arrivo del vaccino."
0,"supponete che big pharma scopra un vaccino oppure una cura per #covid19.  i complottisti anti-globalisti li rifiuteranno sdegnati?"
0,"coronavirus: il vaccino esiste già! ecco l'arma segreta anti-covid-19 svelata dal prof. robert gallo link #meteo via user"
0,"il vaccino dovrà essere un lasciapassare per poter avere vita sociale link"
0,"user ovviamente, ovviamente, la nostra vita non sarà quella di prima finché non si trovano un trattamento efficace, e ancora meglio, un vaccino. ma se tutti si degnassero di rispettare le regole, potremmo ricominciare a respirare un minimo prima di ferragosto."
2,"questo  il foglio illustrativo  di un #vaccino chiamato tetravac, quello che avete fatto iniettare ai vostri bambini.  sapete che tutti gli ingredienti  di questi vaccini fanno venire il cancro la leucemia, l'encefalopatia, i disturbi del compoamento, ecc.   leggeteli per dio! link"
0,"pare che i #novax siano fuggiti tutti in groenlandia."
2,"@_fede_6 user user o muoiono.comunque confermi che il vaccino non link plasma,al limite"
0,"user quando diventi per sbaglio sottosegretario di stato del ministero dell’interno. (in quale paese un sostenitore delle teorie dei complotti, pseudoscienza, falso allunaggio, teoria del signoraggio, e novax è nominato sottosegretario di un ministero? chiedo per 30 mln di amici)"
2,"user sembra dicono che in spagna super vaccinazione antinfluenzale nel 2019 sono messi male guardate questolink
un dottore con le palle"
2,"i medici hanno scoperto quelli che credono siano i primi casi noti di meningite dovuti alla riattivazione del vaccino contro la varicella in due ragazzi di 14 anni che hanno ricevuto entrambe le dosi raccomandate, secondo un articolo della rivista pediatrics link"
1,"#coronavirus, #speranza: “contratto con #astrazeneca per 400 milioni dosi #vaccino a europa” 
link"
0,"user_1702 user_minafra user con tutta la scarsa chiarezza che c’è in giro mi sembra invece giusto fare della divulgazione. alla faccia dei no vax e del loro “i virus non ci sono più per le condizioni igieniche”. sulla beneficenza, non mi sembra giusto dubitare. buona sera"
0,"user basta fare due ricerche comunque, conferenza stampa fatta da quei novax che si son trovati miracolati grazie al m5s, organizzata alla camera e che sostanzialmente ha portato ad un nulla di fatto visto che,  e cito(1/2)"
1,"considerate le ""camere dell'eco"" nel dibattito, la conclusione è che su twitter non è facile scovare (e convincere!) gli incerti, coloro che non sono antivax ma hanno dubbi sui vaccini. su questo, stiamo lavorando a un nuovo paper. grazie ai colleghi di user_fondazione! 5/5"
2,"user il vaccino per un virus rna è inutile, come quello influenzare basta cazzate."
2,"user user con i soldi nostri! c'è la cura, la mallatia non dà l immunità, il vaccino non serve! date i soldi alle imprese e alla gente! prima del vaccino andrete in galera voi!"
0,"user user devono cantarla in duomo appena trovano vaccino"
1,"queste sono parole di chiarezza, ci vuole tanto a capire? il futuro secondo il virologo andrea crisanti (il vaccino non è certo) link"
1,"user una pippata di #amuchina potrebbe essere il vaccino per il #codvid19?
#propagandalive 
#amuchinalive"
0,"valeria: ""speriamo che si sia risolta questa cosa del coronavirus. sono molto preoccupata. speriamo abbiano trovato un vaccino.""

intanto, in italia: oltre 1000 contagiati.

#gfvip"
1,"user user user_ansa vada a fanculo e non cachi il cazzo!!! 
in casa fino al vaccino miraccomando... non prima eh... 1 anno di galera gratuita fino al vaccino!!!"
1,"vaccino covid-19: italia firma accordo per 400 milioni di dosi link via user"
1,"accordo italia-usa per vaccino orale, alleate kiromic e molipharma   link"
0,"user 1 stiamo a casa per 2, 3, 4 anni? bocciata.
2 la vita normale? senza protezioni non è più possibile. bocciata!
quindi torniamo alla vita, che non sarà più normale fino alla scoperta del vaccino. e questa è la 3."
0,"user user user che mancanza di rispetto per i morti, gli ammalati e coloro, come mia cugina, che per questioni anagrafiche non hanno potuto usufruire del vaccino per la polio e si sono ammalate. le auguro di non patire mai quel che han patito lei e i suoi genitori."
2,"user user mi sembra inutile sperare nel vaccino , perché quando il vaccino sarà pronto ,il virus sarà già mutato ."
2,"neonata di due mesi muore in culla subito dopo il aver fatto il vaccino  link"
0,"user user i novax sono dei ritardati mentali usciti da una caverna del medioevo. si curassero leggendo la bibbia e non osino bussare ad un ospedale frutto di ricerca scientifica."
0,"user non sono un fan di renzi, ma tra qualche settimana sarà così per forza. tanto finché non si trova una cura e/o un vaccino il virus sarà sempre una minaccia"
0,"user_m_1960 user_59 l’influenza si può prevenire con un semplice vaccino, non esistono invece vaccini o farmaci antivirali considerati validi dalla comunità scientifica, per la prevenzione o per il trattamento delle patologie indotte da coronavirus"
2,"questi bambini non festeggeranno nessun natale, il #vaccino li ha portati via. link"
2,"le indagini condotte hanno evidenziato una chiara negligenza del personale sanitario: le infermiere  mescolarono al vaccino un miorilassante, un farmaco che rilassa i tutti i muscoli dellorganismo, anzich della semplice soluzione fisiologica. link link"
1,"coronavirus: al via la sperimentazione di un vaccino su una donna di 45 anni - altraeta link"
1,"user user ma non c'é scritto che il vaccino é pronto. questi sono accordi in previsione della fine della sperimentazione"
2,"user tranquilla, sono a buon punto anche con il vaccino dell'alzheimer, diventeremo gli ""uomini colapasta"".  link"
1,"coronavirus nel mondo, trump: ""vicini a un vaccino"". in brasile altro giorno nero: quasi 1.300 morti link"
2,"user_s quella del vaccino è una fake, un po' come i famosi lager in libiaaaaaaaaaaaaa"
1,"+++#gravina: ""tutti invocano il blocco, lo faccia il #governo, ce lo imponga, io rispetterò sempre le regole. sento dire che dobbiamo aspettare il contagio 0 e il vaccino. in questo modo ci stanno dicendo che non potremo disputare neanche il campionato 2020/2021+++ #seriea"
2,"user_meluzzi il vaccino cinese o #chinesevirus ve lo ficcate su per il c**o. #oms link"
2,"user più fanno scena più il prezzo del vaccino aumenta. i governi speculano su queste situazioni e poni dicono a noi di non farlo."
1,"#usa esenzione dai vaccini per i bambini ricchi  che ne pensano  user  user  user  #persapere link"
1,"altro che fase 2, fase 3, lockdown e vaccino, il sindaco ha risposto alla vera domanda che angoscia i gaetani: “le luminarie? in questo momento non le farei. e poi perché no? può darsi pure che mi invento un modello di luminarie particolare, senza assembramenti”. user link"
2,"user user user si chiuda in casa, non esca non vada neanche al supermercato non si sa mai che venga infettato da qualcuno.per un vaccino serio ci vogliono dai3 ai 5 anni. lo stesso faucci ha detto che col vaccino si rischia il35%in più di prendere il virus."
0,"i #novax sono il cancro dell’umanitá.
persone fallite che vedono complotti anche nella cucina di casa loro. babbei"
0,"user vedrai che a fine anno arriva il vaccino e sta per arrivare anche una terapia."
2,"il 95% è guarito dal covid senza vaccino.
il governo farsa-giallorosso continua ad affermare che senza vaccinazione moriremo tutti..
#speranza piccolino mio.. mi senti??"
1,"burioni ma se prendiamo le cellule staminali di keith richards, mick jagger, steve tyler e della regina elisabetta, non ci viene un vaccino coi controcoglioni?"
1,"#coronavirus, negli #usa oltre 35 mila casi #vaccino russo pronto in 11 mesi  #ansa #23marzo #covid19 link"
2,"user_gibilisco user no, ma... dovrebbe essere il contrario:
""hai già fatto il vaccino? allora che vuoi? dovresti essere immune, no?"""
0,"user user c’è un solo modo per debellarlo e tornare alla “normalità”: sperare in un vaccino efficace"
0,"user user ti ricordo le mie posizioni sui vaccini e cosa ho passato per causa dei #novax. non stai cogliendo il punto."
0,"user ma poi quando qualcuno le fa notare che la maggior parte dei morti sono over 65 che non avevano indicazione nel fare il vaccino per la meningite ha risposto:gli hanno fatto l'antinfluenzale peccato che quest'ultimo lo fanno ogni anno in tutta italia (a chi vuole,mica è un obbligo link"
2,"perch chiamarlo ancora ministero della salute? link"
0,"user io ho una malattia cronica autoimmune, sono  immunodepressa per la terapia, abito a mezz'ora di strada dal focolaio veneto e sinceramente tanto tranquilla non sono. per l'influenza stagionale infatti faccio il vaccino."
0,"dove sono ora i no vax. in cerca del vaccino anti covid-19?   l’immunologo: “i vaccini obbligatori forse sono l’arma che aiuta i bambini” | rep link user"
0,"user_ccc user user user a questa conclusione sono arrivati tutti i virologi del mondo,anche di opposte fazioni. le influenze e i virus possono tornare ciclicamente anche modificati, ecco perché il vaccino non rende immuni, ma prepara il corpo a riceverlo in maniera più leggera."
2,"coronavirus, edward luttwak: il contagio è lunica via duscita, il virus non sarà fermato da padre pio o dal vaccino link di @"
2,"cristian, altro bimbo che ha avuto una regressione allo stato autistico subito dopo il vaccino. link"
0,"user ho paura che dovremo abituarci.
finché non arriva il vaccino non sarà più come prima."
2,"come si combatte la polio presa dal vaccino?  ma  logico, con un nuovo vaccino mai testato!  #lascienza #sciencesays #invaccineswetrust link"
0,"user strano il silenzio dei novax, forse hanno capito quanto sono stati stupidi ed incoscienti!"
2,"user user_grillo se ti dicessi che per il 2040 il 90% della popolazione non esisterà più ci crederesti o pensi che sia una fiaba? hiv dal 1981 non abbiamo ancora trovato un vaccino, quando pensi si troverà un vaccino per il covid-19 secondo te?"
1,"più che del vaccino abbiamo bisogno di una terapia antivirale efficace. né per sars, né per la mers sono stati preparati vaccini, si è fatto ricorso agli anticorpi monoclonali e agli anticorpi dei soggetti guariti. una cura si pensa arriverà entro l’estate... #covid_19"
0,"tanti insistevano che brevettassi il vaccino, ma non ho voluto.  il mio regalo a tutti i bambini del mondo il 3 marzo 1993 moriva albert sabin, il medico che ide il vaccino antipolio. non lo brevett perch potesse essere disponibile a tutti link link"
2,"user e insistono........

ormai lo sappiamo che il vaccino serve a sterminare gli anziani e ad ammalare il popolo italiano

link"
2,"user user naturalmente non poteva mancare la raccomandazione finale: vaccinazione di massa."
0,"virus sparito? come lo vede e quando? perché non ha ricordato il vaccino? è forse contrario?"
2,"user user user user prima cosa cercherei di capirci qualcosa, visto che le certezze sono assai poche. 
invocano il vaccino per una malattia della quale non sanno ancora un tubo."
0,"user__ cosa proponi in alternativa? una fase uno fino al vaccino? solo curiosità eh"
2,"il vaccino per la meningite non  obbligatorio. ma qual  il problema quando puoi usare i media e creare una psicosi collettiva?  terribile che il user non intervenga.  liguria, vaccini gratis ai ragazzi. lettere a 79 mila famiglie. link"
0,"da parte di roberto #burioni, nell'allievo la speranza di un vaccino in tempi brevi: ""potremmo avere novità"" #coronavirusitalia #chetempochefa  link link"
1,"la rivista vaccines ha appena pubblicato un lavoro di ricercatori delluniversit di bari e della regione puglia, dove riportano, i principali risultati del famoso report dellosservatorio epidem. pugliese del 2018 sul vaccino morbillo-parotite-rosolia-varicella (mprv). segue link"
2,"#coronavirus #coronavirusitalia #coronavirustruth #covid19 #covid19italia #pandemia #iorestoacasa pag9 ľ uomo è solo bugiardo e imbroglione! mi rivolgo anche ai miliardari che con tutti i loro soldi pensano di finanziare un ipotetico vaccino se lo possono scordare xké per.. pag10"
1,"il vaccino italiano contro covid-19 link #pmi"
1,"panico meningite nel bergamasco: code dallalba per fare il vaccino in arrivo la protezione civile link"
2,"user user eh si, hanno proprio da parlare  sul vaccino hpv. visto le belle esperienze. link"
0,"vista cos�, quando si dir� di vaccinarsi perch� c'� stato un morto di morbillo, quando qualcuno dir� ""ma � morto con il morbillo non per il morbillo"" nessuno dovr� chiamarlo ""folle antivaccinista"". giusto? perch� il ragionamento (stupido) � lo stesso."
1,"#coronavirus. test animali bypassati negli stati uniti per la #ricerca di un #vaccino? no! facciamo chiarezza.
#sperimentazioneanimale #covid19
link"
0,"user in attesa del vaccino,x non bloccare l'economia,nelle zone rosse italiane ,dove si presume ci siano molti immuni,servono test sierologici e tamponi al ritmo di  1-2milioni al giorno,altrimenti le aziende restano bloccate x troppo tempo.tutti i laboratori italiani devono attivarsi"
0,"mi fa male il braccio dove ho fatto il vaccino antinfluenzale, forse sto diventando autista."
2,"mi propongo come cavia per vivere senza vaccino obbligatorio e senza microchip
(fai copia incolla vediamo quanti siamo?)"
0,"coronavirus: ministro bellanova “rischio zero solo con vaccino”.
vivaddio!! user 
 link via user"
0,"user user user e secondo lei, quali poteri magici potrà mai avere draghi per evitare che modifichiamo la nostra vita fino a un vaccino? quale coniglio potrà mai tirare fuori dal suo cappello, di grazia? non volete capirlo che l'unico modo per evitare il contagio è il distanziamento sociale?"
2,"user � successo lo stesso un anno fa, ad una mia amica. l�ho scritto ma poi fui aggredita da chi vuol rimanere ceco. il vaccino antinfluenzale mortale."
0,"fra 7-8 mesi all�uscita del vaccino per #coronavirus voglio vedere chi non lo far�. intanto per� l'atteggiamento contro i #vaccini porta molte persone a non vaccinarsi, per l'influenza e abbiamo avuto molti decessi. con la salute non si scherza.user user user"
0,"user user il numero 0, chissà quanti numeri 0 ci saranno in giro? in italia in europa e nel mondo, ormai vogare con antivirus e vaccino."
1,"user user l'eccesso di vaccino obbligatorii provo fenomeni radicali di rifiuto, è naturale."
2,"user user user user user giusto che venga impiegata e che venga ulteriormente approfondita magari con tecniche, già in studio, che permettano di produrre più sacche da un unico prelievo, quello che non è giusto è zittire tutto perchè il vaccino è l'unica cosa importante... sappiamo per chi..."
2,"le sentenze dei tribunali per danni da #vaccino  sono in aumento in tutto il mondo.  ma continuano a dirci che i #vaccini sono sicuri e salvano vite.  link"
2,"user avete rotto con sto vaccino"
0,"la ricerca ha dato risultati così incoraggianti che l'australia ha deciso di vaccinare contro la tbc 4000 lavoratori della sanità, e trial simili sono in corso in olanda, germania e regno unito. secondo uno studio tedesco, il vaccino contro la tbc potrebbe aiutare molto &gt;"
2,"era il 28 settembre 2017 e l'onorevole ivan catalano presentava al ministro della sanit lorenzin un' interrogazione in merito al vaccino esavalente hinfanrix extra e alla morti in culla... naturalmente la signora non ha mai risposto ???? link"
1,"tutti alla ricerca vaccino covid, nuovi test e fondi. alleanza ue per le forniture - metropolisweb link"
2,"#coronaviriusitalia
visto l'inutile bufera (i dati e i virologi continuano a dire che è meno di un'influenza) cui il governo si è adagiato, non resta altro che pensare al dolo.
di smerciare in futuro vaccino.
se no non si spiega"
2,"user user prendo del complottista tutti i giorni.
posso predicare quanto voglio, ma farmi dare del coglione di continuo quando so bene di non esserlo, anche no grazie!

son tutti terrorizzzati dal virus
allora che ognuno scelga come vuole morire

ma io di certo non da schiavo causa vaccino"
1,"#coronavirus, 
l'infettivologo pierluigi viale in diretta a #mattino5: 
""la malattia ha due fasi""
ma quali sono le novità sui farmaci e per il vaccino? link"
2,"user user non ne parlano perche' non si deve sapere che c'e' una terapia sicura e non costosa, mentre abbiamo un pdc che fa videochiamate con il criminale mondiale bill gates per pseudo accordi su uno pseudo vaccino prodotto ad oxford, e finanziato dallo stesso gates.."
0,"user per quelli che ""se tutti facessero così..."", quindi come facciamo? finché non si trova un vaccino stiamo tutti chiusi? anche anni? se è dimostrato che il distanziamento è efficacie allora bisogna trovare il modo di poter uscire distanziati. o con buon senso o con delle regole."
0,"user_ansa è interessante leggere tutti i tweet dei no-vax quanto sono arrabbiati, quanto insultano... eppure sono stati tra i primi a barricarsi in casa quando il sono stati confermati i primi casi covid19 in italia. e prima di ricevere insulti, sappiate che l’ho visto di persona."
0,"user user user esattamente come i novax e i noeuro. quasi sempre chi è “no” di uno lo è anche degli altri due..sono fatti con lo stampino"
2,"user_grillo ""soluzione finale"", termine azzeccato. l'anti hpv  il pi subdolo ed efficiente mezzo di castrazione chimica? link"
1,"user #allespertochiedo e' vero che si consiglia agli anziani vaccino contro il pneumococco come protezione daeventuali infezioni polmonari conseguenti a coronavirus? grazie"
0,"user user user qls cosa arrivasse prima di 12/18 mesi nn può essere considerato sicuro o attendibile. bisogna essere realisti e fare piani di contenimento e convivenza con qs virus fino alla primavera 2021, quando forse un vaccino sicuro sarà prodotto in larga scala."
1,"#iorestoacasa ma ricordo il brindisi di #speranza dopo il referendum e #dimaio con i #novax ed i #giletgialli. il #coronavirus non cancella la memoria."
0,"che poi buona pasqua ormai è diventato “speriamo trovino presto un vaccino”"
2,"user user user mi possono togliere la pensione, i diritti civili, e chissa' cos' altro, ma non mi vaccinero', nonostante tutto in questa valle di lacrime voglio starci ancora un po'. poi se mi obbligheranno con la forza, quelli che lo faranno non avranno piu' bisogno di un vaccino."
2,"zingaretti nella sua sicumera di odontotecnico li vuole obbligatori ma sembrerebbe che:

link"
2,"e anche questanno il #vaccino antinfluenzale non  servito a niente visto che sono molto pi diffusi i virus parainfluenzali   complimenti alle regioni che continuano a buttare soldi per effettuare la campagna di vaccinazione ogni anno  #lascienza  link link"
2,"in questo filmato potete vedere come il #vaccino per il morbillo obbligatorio della legge 119 abbia difeso gli studenti .  grazie user e user per mantenere in vigore la legge lorenzin con i bambini fuori dagli asili per la sicurezza! link"
1,"user user impossibile non esiste vaccino ancora"
2,"noi lo dicevamo che l’obbligo vaccinale sui bambini era il cavallo di troia...ma voi ci chiamate novax...
#covidー19
#vaccini link"
2,"user user se il vaccino è pulito senza metalli e senza feti putrefatti me lo faccio pure io...... quindi..... auguri e in bocca a lupo a lei, le auguro tutti gli effetti collaterali......."
2,"user user_gurt il problema è se obbligano a farlo... mai fatto un vaccino negli ultimi anni (da piccolo mi vaccinarono per i noti obbligatori) ... se mi viene un po' di influenza o raffreddore non prendo mai farmaci ed al momento sto bene..."
1,"dicono che il corona calerà di vittime verso il venti aprile (mio compleanno) ma il vaccino è ancora lontano"
2,"user user purtroppo l'ho letto pure io. colpa del richiamo per il vaccino della meningite."
0,"link ricerca. manfredi: italia all'avanguardia anche su vaccino anti-covid - link"
2,"al vertice mondiale sulla sicurezza dei vaccini dell'oms hanno fatto rivelazioni sorprendenti:  i vaccini possono essere mortali   gli studi sulla sicurezza sono inefficaci   il monitoraggio della sicurezza  inadeguato  gli adiuvanti aumentano il rischio  link link"
1,"vaccino, ecco perché non sarà per tutti. la sanofi ha già promesso le prime dosi agli usa link di user"
2,"ma i soldi per il vaccino non doveva metterceli bill gates?
ah, no, lui mica è scemo. non finanzia la ricerca, ma la produzione!
così, anche se il vaccino sarà inutile perché il virus è troppo mutevole tanto da ricolpire la stessa persona, lui  sa di certo cosa ci sarà dentro."
2,"user firmare per un vaccino promettente è come firmare una cambiale in bianco, come mettere la firma su un foglio bianco che verrà poi riempito con parole che non volevo scrivere. signor ministro si rende conto di quello che ha scritto e di ciò che ha fatto? smettetela di imbrogliarci"
2,"guardacaso ha dimenticato di citare il fatto che la ragazza morta fosse stata vaccinata. guardacaso tra tutti i non vaccinati, poi muoiono spesso i vaccinati.  ma sar perch il #vaccino crea uno squilibrio nelle immunit antigeniche cit. alessio tomasello link"
0,"“il vaccino arriverà in tempi record” - la cronaca di verona link"
2,"non voglio un vaccino creato da un non laureato che dice ogni secondo di come l'umanità sia da ridurre drasticamente."
0,"ho letto alcuni articoli che parlavano di ricercatori che non si fermano un attimo e lavorano di continuo, anche di notte, per trovare un vaccino al coronavirus e poi c'è gente che 'ma quanto ci vuole a trovare una cura' 'secondo me l'hanno già trovata e la tengono segreta'"
0,"user_ansa cosa c'è di difficile nel capire che un virus circola se noi circoliamo? siamo in emergenza. ne volete uscire? allora si sta isolati. nessuna alternativa fino al vaccino. per colpa di scriteriati, non ne verremo fuori presto. #chegente"
2,"user io sono contro questo vaccino, in particolare. il vaccino viene fatto con le stesse cellule del virus, il covid-19 è un misto tra la cellula del pipistrello e quella del topo. farmi iniettare questo schifo mi fa orrore. bisogna ribellarsi a questo vaccino."
1,"coronavirus, ricciardi: '18 mesi per vaccino ma non prima, per certezza che non faccia male' link #coronavirus"
2,"user strano che ora abbiano subito pronto il vaccino... mah!"
0,"user_the_teacher user potrebbe dire anche lui la stessa cosa e non me ne può fregar di meno.
io sono io e posso rispondere per me.
non difendo burioni e non credo abbia bisogno di me.
ti stai comportando come un novax e ti faccio notare la cosa, perché mi aspetto tu sia in grado di capire e ragionare."
0,"user_gattaccio user_angela user fino a quando? spero poche settimane ancora. il mondo è cambiato, non ci saranno mai più stadi pieni, concerti pieni, locali pieni, non ci dovranno essere.
i miei sono anziani, dovrò stare attento con loro finché campano.
guanti e maschere temo fino al vaccino."
1,"analisi delle conversazioni di pro-vax e anti-vax nell'ultimo mese. non entro nel merito del dibattito ma noto che la pandemia non affievolisce le tesi degli antivaccinisti, anzi... link

#novax #vaccini #listening #covid19 link"
0,"user_angela user ricordatelo, quando uscirà il vaccino per il covid, dille che se lo fa aiuti i suoi figli a menarla"
1,"coronavirus, un vaccino ""jolly"" funziona anche sui macachi  #coronavirusitalia link link"
0,"user user ah giusto. voi siete quelli che si prendono super sul serio e che poi si alleano con i novax. però in giacca e cravatta."
2,"user quindi il vaccino per chi l'ha già fatto non serve a nulla,contando poi anche che se te lo riprendi te lo riprendi in maniera più lieve...  alla 4° volte che lo fai non ti fa più una mazza? tutto sto panico istituzionale è solo per questa ""gara"" internazionale sul virus e basta"
1,"user user @_avvocato il punto è che dovresti controllare chiunque arriva dall’estero e chiunque italiano o meno che è stato all’estero (specialmente in quei paesi e non solo in cina...).
vada che non c’è vaccino ma almeno realizzino un test sicuro al 99% da poter fare rapidamente e con facilità."
2,"vaccine nation  - sub ita  - sottotitolato in italiano da ""il portico di... link di user"
0,"i bagnini di rimini: ""non ci sarà vacanza al mare finché non arriverà il vaccino"". turismo, giro d'affari ridotto di 1,2 miliardi link via user"
1,"user per risolvere l'epidemia bisogna contenerla aldilà del vaccino e per farlo bisogna evitare i contagi di rientro."
1," user: ricercatore: non riusciamo a trovare il vaccino per il coronavirus mamma del ricercatore: e questo cos'�"
2,"un anno fa moriva il piccolo samuel di martino, a poche ore di distanza dalla somministrazione di un vaccino, antimeningococco b prodotto dalla glaxo. la procura nomina un perito per stabilire la verit sulla terribile scomparsa di un cucciolo di soli 5 mesi.  segue link"
2,"user e' in corso un'operazione antropologica per mutare la natura umana, con vaccino, ma anche senza. questi hanno messo tutto il loro peso su un piatto, con i cinesi complici. i russi tacciono, da prede consapevoli."
2,"blondet:il progetto ue  di  vaccinazione totale – in italiano   link 27"
0,"9. andr� tutto bene, passer� tutto in giro di qualche mese, andando sempre pi� a scemare. magari domani trovano una cura mirata! magari tra una settimana abbiamo il vaccino! non � come l'ebola, non � come la peste, non � un morbo incurabile. +"
2,"su la testa!: nuovo coronavirus: vaccino obbligatorio per tutti!: link"
1,"diritto al vaccino, c’è sempre la «crisi di sanità pubblica»
link"
0,"""la qualità dei dati è fondamentale [...].la mancanza di buoni dati può avere un impatto negativo a cascata sui processi decisionali, sulla definizione di politiche pubbliche efficaci e tempestive, sullo sviluppo di cure efficaci o persino di un vaccino."" link"
1,"user user avete trovato il vaccino? no, perché ci sarebbe una pandemia di un virus molto pericoloso e senza cura né vaccino"
0,"ascolto user e penso ad una parte della #stampa (miei colleghi) e all'ex procuratore #capaldo, che per fare voce ai #novax e #giustizialisti, hanno rovinato la vita alla celebre #virologa, tanto da farle lasciare l'#italia. una #vergogna di cui dovrebbero almeno scusarsi link"
2,"questa mamma racconta praticamente in diretta la regressione allo stato autistico della figlia dopo 48 ore dall'iniezione del vaccino esavalente.  ""ieri avevo una bambina che era sana al 100%, oggi ho una figlia ferita, per non scrivere disabile""!  link link"
2,"tratto dal discorso di #henrykissinger al user il 25.02.09. 
si nota una certa somiglianza con gli intendimenti di user /#rockefeller , che ne è l'erede intellettuale...
ora, sotto coi #vaccini..!
#covidー19 
#coronavirus 
#covid19 
#novax link"
0,"attenti a questa troll sovranista e no-vax. diffonde notizie false ed attacca chi la contrasta. 
 (user): link"
0,"user prima o poi bisognerà dare qualche piccola libertà alle persone, non possiamo restare chiusi in casa fino a che non si trova un vaccino (anche perché si parla di parecchi mesi)"
0,"user_g segnatevi l'indirizzo. dovrete ricordarvi di saltarli quando sarà distribuito il vaccino."
0,"user user condivido... fino al vaccino spostamenti minimi e prudenti"
0,"con i primi freddi arrivano anche i malanni stagionali: l'influenza, normalmente una malattia lieve, pu causare forme gravi in persone a rischio. per questo motivo  bene vaccinarsi ogni anno! link #influenza #vaccino link"
1,"cos’è il vaccino anti pneumococco? a cosa serve e quando farlo? composizione e modalità di ...rischi, controindicazioni e risultati.
il vaccino anti pneumococco è il vaccino che serve a prevenire le infezioni da streptococcus pneumoniae (o pneumococco). link"
2,"su la testa!: falsa pandemia: vaccino bilderberg link"
1,"link la ministra interviene sulla polemica scatenata dai governatori della lega (una volta non strizzavano tutti l'occhio ai no vax?) #coronavirus"
0,"user purtroppo ormai più o meno tutti sono concordi: fino al vaccino si può solo tamponare"
2,"se volete continuare a farvi prendere in giro mentre mettono in pericolo la vita o la salute dei vostri figli fate pure. accomodatevi! io no, grazie! link"
0,"sentivo proprio la mancanza di qualche novax di stocazzo."
0,"user user user da casa mia a casa mia con la mia macchina? chi potrei mettere a rischio? e comunque secondo il suo ragionamento, fino al vaccino(un anno)nessuno dovrebbe mettere un piede fuori dalla propria abitazione?"
2,"link altro caso: 7 medici indagati per omicidio colposo a causa della morte di una ragazza colpita da meningite meningococcica. ripeto il vaccino non  la soluzione... una diagnosi tempestiva ed azzeccata a fare la differenza..."
0,"user va bene. ricordati di ringraziare quelli che il vaccino, invece, se lo faranno iniettare per difendere anche te e i tuoi cari."
0,"in arrivo il vaccino contro il colesterolo  ""salveremo 30mila vite in 10 anni""  aspetto con ansia quello contro la caduta dei capelli! link"
1,"ma siamo sicuri?

user annuncia obbligo mascherine fino a vaccino.

se solo 1/4 cittadini uscisse quotidianamente nell'anno che manca, occorrerebbero 5,5 miliardi di mascherine chirurgiche usa e getta.

avrà  pensato a dove trovarle?

legittimo dubbio."
0,"la soluzione alla pandemia covid – 19 che i governi, pare, condividono con le “organizzazioni deputate”, sembra essere quella del “vaccino”. link"
2,"user user_farmaci user da quanto tempo annunciano di aver trovato il vaccino miracoloso per l'ebola?"
2,"nessuno ha mai trovato un vaccino per l hiv     diamo.soldi a palate a ricercatori ma mai visto vaccini"
2,"user user il vaccino non serve a nulla
perché insistete su questo?
dove volete arrivare?
questo non è la sottoscritta a dirlo
ma virologi di grande esperienza e onestà intellettuale.
lasci perdere questo argomento, non è affare suo
si preoccupi di risanare famiglie
rimaste senza soldi"
0,"user è un casino così, ok che abbiamo da ieri contagi zero come città, però alcun tipo di vaccino ancora... boh sono perplesso."
2,"jerome mor 12 ore dopo il vaccino esavalente, aveva due mesi. da una parte abbiamo la prova scientifica (la loro) che non ci sia alcun nesso causale tra le due cose. dall'altra abbiamo la prova scientifica che non fornisce spiegazioni sulla sua morte.  link"
2,"spettacolo!al corso preparto invitano i genitori a vaccinarsi contro la pertosse, in modo che il neonato non rischi di prendere la malattia prima di poter effettuare lui stesso il vaccino. quindi, dopo essermi bucato, non lo dovrei far uscire di casa?  chiedo a user link"
2,"user_mussati user forse credi che la app di tracciamento vogliono imporla per tracciare i positivi?credi che la favola del vaccino (inutile visto che le influenze non danno immunità) non sia x scopi diversi dal ""per il bene dell'umanità""?che i microchip siano nella fantasia dei complottisti?"
2,"user il virus collezione 2019/20 veniva descritto ad ottobre (⬇️) come un virus molto aggressivo e contagioso. 
stesse caratteristiche del covid. 
vaccino consigliato a tutti! 
ma se il covid era solo la nuova influenza allora cosa è successo esattamente a bergamo? link"
2,"user io nn mi vaccino"
0,"user_cersei ancora non ha capito che probabilmente ci faremo anche il natale a casa !

se non esce un vaccino o una cura siamo fottuti

basta un asintomatico per una ricaduta. la situazione è grave"
1,"vaccino di pomezia e di oxford comincia test su mille volontari link"
1,"coronavirus: vaccino italiano, ok a test pre-clinici  link di user"
2,"user user user finalmente la verità. 
ho fatto il.medico per 40 anni!
mai ricoverato nessuno per il.morbillo né io né i miei 30 colleghi del mio distretto!
vaccino tetravalente= business.
poi della meningite....non gliene importa un fico!!!"
0,"user sono almeno tre paesi vicini al vaccino.
quando ci sarà un vaccino festeggeremo.
per ora continuiamo a contenere gli spostamenti."
1,"virus e vaccino in usa proposti test infettando volontari | mondo link"
2,"qualcuno si ricorda il nome del governatore della regione che si vanta di aver dato l'idea per la legge #lorenzin con una legge regionale che per prima ha escluso dai nidi comunali i bambini non #vaccinati? ricordiamocelo il 26 gennaio???? #bonaccini  link"
1,"il ceo di pfizer: `il vaccino per il covid-19 può arrivare entro ottobre` - link link"
1,"user giusto per capire: a non poter entrare nel merito di questioni di cui non si ha competenza (medicina nella fattispecie) sono solo i famigerati novax, o vale per tutti?"
0,"gratis! una dedica per #barillari e tutti gli altri imbecilli #novax complottisti. link"
2,"user questa è quella che dovrebbe fare il vaccino covid19 si vergogni ministro dei miei stivali link"
0,"e poi quando ci scappa il morto tutti a piangere e a pietire il vaccino d'emergenza (no vax compresi, perch la morte fa paura a tutti). facciamoci domande e diamoci risposte, seguiamo i consigli del prof. burioni. link"
1,"""vaccino, il virus in gran bretagna sta scomparendo: mancano malati per test"" - link link"
1,"coronavirus, il ‘vaccino-cerotto’ supera i test su animali ma ricciardi frena: pronto non prima di un anno - link link"
0,"user user solo politica in un anno elettorale. per il resto la vita va avanti normale. e sono convinto che ci sono decine di migliaia di casi negli usa, trattati senza panico. ormai si deve pensare alla cura (e al vaccino), pensare di isolarlo è pura utopia. la normale influenza, meno"
0,"borsa: tokyo, apertura in netto rialzo. fiducia su capacità ripresa economia, avanzamento vaccino #ansa link"
0,"user si, ma ci vorrà molto molto tempo e purtroppo parecchie persone non ce la farebbero. nella storia da sempre le epidemie vanno e vengono anche da sole ma certamente con un vaccino  si risolverebbe tutto più rapidamente"
1,"coronavirus: due cure sperimentali. e l'attesa per il vaccino
prof user secondo lei è attendibile ? 
link"
0,"user user ancora con la storia dei no vax...  i vaccini hanno salvato milioni di persone, dall''800 in poi. vogliamo negare la scienza?"
1,"coronavirus, il vaccino-cerotto ha superato i test di laboratorio: potrebbe essere pronto fra 2 o tre mesi link"
2,"peggio che essere stuprata ???? link"
1,"ormai siamo quasi a maggio e dicono sempre 18 mesi per il vaccino, mi sa di presa in giro, ci aspetta un’estate con tintarella effetto museruola. #piazzapulita"
0,"user user user quindi il video che“non vogliono farci vedere“é disponibile sulla piattaforma streaming più famosa al mondo?
e’ tutto così segreto che anche il fruttivendolo al mercato ne parla.non fate il vaccino, così bigpharma può vendervi le medicine per curarvi: eccovi servito il complotto!"
2,"avete mai sentito notizie di un vaccino che abbia causato gravi danni collaterali a 5 persone in un mese nella stessa provincia?  appunto. #meningite #bergamo   link via user"
1,"user user_w user_tonii +++ il governo americano dichiara che il vaccino per il #coronavirus è già pronto e domani parte la sperimentazione clinica +++
link
user user user_grim user user user_masala user user user"
0,"leggo queste cose ed i miei pensieri vanno direttamente a tutti i quei potervi chimici e ricercatori che stanno chiusi giorni e giorni per lavorare su un cazzo di vaccino che dovrebbe salvarvi la vita fetusi di merda maronna mo urlo link"
2,"user detto a un antifascista dopo che il fascismo è morto da 70 e passa anni è il top. inoltre sappi che mezza europa è no vax, proprio quella che tu sostieni. genio"
0,"user si tornerà alla normalità soltanto con il vaccino"
1,"state sereni il #vaccino non si fara' prima di 2 anni"
0,"coronavirus, trump: “il vaccino è vicino”. wall street apre in rialzo, ma poi gira in rosso link"
2,"capisco che zaia per  lascienza stia scombinando i piani... perch se la cura funzionasse...a cosa servirebbe poi il vaccino??? ???????????? #coronavirus link"
2,"no questa  bella. arianna 5 anni, le somministrano 2 #vaccini insieme. la bimba ha crisi epilettiche e sviene poco dopo il vaccino. i medici che dicono alla madre? signora lei ha trasmesso tensione alla bimba. oh ma questi sono laureati in medicina !!! link"
1,"borrelli: 'a casa anche il 1° maggio? credo di sì. serviranno molte settimane'. guerra (oms): 'il vaccino nel primo trimestre del 2021'  link"
2,"brescia. studentessa 19enne muore di meningite. soluzione : vaccinare tutti a tappeto. peccato che non vi dicano due cose.... 1) la ragazza era vaccinata contro la meningite. 2) la meningite pu essere un evento avverso al vaccino esavalente infarix hexa. link"
0,"user niente fretta , ma neanche coma, la gente deve poter ripartire con tutte le cautele. non possiamo stare un anno in casa finché non si troverà un vaccino. bisogna conviverci con tutte le cautele , la gente ha bisogno di lavorare per mangiare. la gente non vive di o..m.s ."
0,"user temo che finché non arriverà il vaccino bisognerà capire come convivere con questo rognosissimo virus"
0,"#coronarovirus #governo corretto con attivazione #emergenzasanitaria prevenzione della diffusione è la priorità #novax  #5stelle e  #salvini  dimostrano incompetenza e sciacallaggio politico.cura delle virosi con antivirali vaccini assistenza alle complicazioni respiratorie #la7"
2,"user_cersei user user io neanche solo che ci chipperanno anche con il programma id2020 e dovrai dimostrare di aver fatto il vaccino se vuoi andare da qualche parte.. #immuni è solo l’inizio per abituarci..la rana bolle lenta in pentola"
0,"user user_ e mi dica sua eminenza - a parte quello che ho scritto già nel primo post (ovvero la necessità di evitare la diffusione incontrollata) - cosa si dovrebbe fare per contrastare il virus in attesa del vaccino? quale suggerimento non starei ascoltando?"
0,"standing ovation per user, ordinario di microbiologia al user e docente della scuola di igiene a user per l'intervista su user e per il contributo alla lotta contro la vaccine hesitancy e le fake news in italia. link"
2,"user purtroppo siamo in mano a case farmaceutiche e fantomatici luminari pagati dalle stesse case farmaceutiche . siamo messi male . ma il vaccino se lo possono mettere su per il culo questi fascisti"
0,"user user user user l'immagine in questione si riferisce ad un brevetto per la creazione di un vaccino per la prevenzione delle malattie respiratorie in diversi animali e non c'entra nulla con il coronavirus ncov-2019, il nuovo ceppo di coronavirus diffuso oggi in cina.
spargi meno fake news, idiota"
1,"user user ma guardi che io non ho criticato ne il plasma né il vaccino. ho semplicemente fatto un appunto prettamente ""economico"".
è lei forse che mi è sembrata scettica sul plasma. a mio parere, in attesa dell'eventuale vaccino, è stata la cura più efficace, ma la meno chiacchierata."
0,"anche voi quando partono i complotti sulle nanotecnologie attivabili in seguito al vaccino antikovid!!!# iniziate a grattarvi il cuoio capelluto come giucas link"
0,"user ipotesi per assurdo:""0 casi,0 morti,liberi tutti,torna la normalità""
tutti a festeggiare:tra di noi ci sarà l'ultimo asintomatico inconsapevole che infetta tutti e ripartiamo da capo. la normalità tornerà al 100% quando ci sarà il vaccino"
0,"user ma cosa c'entra hashtag con il coronavirus? ma che diamine scrivi poi, sarai mica un complottaro scie chimiche, soros, no-vax e terrapiattista? altrimenti sei proprio un gran bel problema..."
2,"user_italia non lo vogliamo il vaccino fatelo voi al cervello, ne avete bisogno."
0,"alcuni scienziati temono che non si troverà un vaccino contro il coronavirus, e dovremo convivere con la minaccia del covid-19 link"
2,"houston, texas. scuola chiusa fino al 7 gennaio per una epidemia di pertosse.  tutti gli studenti sono vaccinati per la pertosse.  copertura al 100%. epidemia.  non sentite anche voi lo scricchiolio delle loro bugie? link"
2,"user user finalmente qualcuno ha capito e ti dirò di più, quando avverrà il g20 a breve, come d'incanto arriverà il vaccino."
0,"attenti al morbillo! link"
2,"user non sono no vax ma non farò il vaccino"
1,"#israele #polli #polmoniti #vaccino #coronavirus #mondooggi #telaviv #speranza #italia #cina il vaccino israeliano per il covid-19 link link"
0,"user_gaspari stiamo a casa fino a chi gli infetti saranno in numero sufficientemente basso da non essere problema, credo.

poi partirà una fase di ""libertà vigilata"" con tracking su base volontaria, per individuare subito possibili nuovi malati e isolarsi subito.

poi un vaccino..speriamo"
1,"coronavirus: il legale, 'per vaccini licenze gratis o consorzi aziende-istituzioni': esistono esempi di tali vaccini coperti da brevetti validi sul territorio cinese, come il vaccino contro la poliomielite, il vaccino contro la malattia 'mani- ... link"
0,"per sviluppare un candidato vaccino #covid19 dobbiamo contare sulla forza e il supporto degli altri.

e proprio quando la distanza sociale ci mette di fronte a nuove sfide, condividiamo i nostri progressi per accelerare la corsa verso il #vaccino

#janssenatourbest #wewontrest link"
0,"user user user ho fiducia nella scienza. mi sono salvata per un vaccino, perdonate il mio ottimismo ☺"
2,"user user_chigi questa situazione è davvero ridicola, per combattere un male dobbiamo sapere chi lo ha, no iniettare un vaccino inutile a tutti a cazzo di cane scusate, nn ci vuole molto a ragionare cosi, tutti quelli che hanno subito un lutto aprano gli occhi, è colpa del comitato scientifico"
1,"il tentativo del tycoon per l'acquisto in esclusiva del futuro vaccino contro il coronavirus link"
0,"vaccino e covid-19: cosa sappiamo 
una visione narrativa di cosa sta succedendo
f. marchetti, c. guiducci 
medico e bambino 2020;39(5):297-299 
link
(ad accesso… link"
2,"... siamo pezze d'appoggio per i progetti grandi, per i progetti più grandi, un vaccino che annichilisca il covid-19, il coronavirus, l'h1n1 eccetera.. ... siamo qui, inesorabilmente presenti.. ""... occupato!"""
0,"user quindi mi stai dicendo che tu avresti una soluzione per affrontare questo periodo di emergenza mondiale senza vaccino e senza una cura specifica?!?"
2,"user poi ci sono le cure senza il vaccino, ma nessuno ne parla. link"
2,"user user risulta che tutti coloro che hanno fatto il vaccino antinfluenzale...si siano ammalati di covid 19 vuoi vedere che era nel vaccino?"
2,"naturale. il vaccino di qualsiasi malattia consiste nellinoculare il virus della malattia stessa per provocare immunit con una ridotta forma della stessa. se le difese immunitarie non sono sufficienti, il virus pu provocare la malattia da cui intendeva invece immunizzare. link"
2,"zingaretti e la propaganda del vaccino. fottiti #nonelarena"
0,"@_ilovedelpo eh no ma anche l'influenza è pericolosa per chi ha altri problemi, infatti ogni anno muoiono migliaia di persone per complicanze dovute all'influenza. al vaccino ci stanno lavorando, speriamo arrivi presto."
2,"c' un bambino in terapia intensiva a causa di febbre e convulsioni dopo il vaccino mprv ma nessuno ne parla. come mai? #vaccini link"
2," user: ecco una storia interessante. gavi, la creatura dei gates che prende quattrini dai contribuenti per dare vaccini ai pae�"
1,"user_naive tieni comunque conto che il covid è soprattutto una polmonite virale!
la spagnola, fu una polmonite virale, che fece una vera strage!
da quel periodo ad oggi, sono passati più di 100 anni, ed ancora non esiste un vaccino, contro la polmonite!"
2,"user perché secondo lei un vaccino per un virus debellato da cure che hanno dato ottimi risultati (plasma e ozono), è una cosa che turba l'ordine pubblico? io mi preoccuperei di più della salute messa a repentaglio da un vaccino che più che inutile può rivelarsi dannoso..."
2,"user_baolo ammesso che un vaccino che funzioni lo si trovi veramente, con tutto questo: salta i test, aggira le regole, usiamolo anche se non approvato, il rischio è che fra qualche anno ci si accorga che i danni sono superiori ai benefici ma a quel punto il disastro sarebbe già fatto."
0,"user con rispetto, solo un super-coglione rifiuterebbe di farsi un vaccino a tutela della sua salute.
e, soprattutto, degli altri che gli stanno intorno, famiglia, amici, colleghi..."
2,"user_orsa user user user_boccia lo dico dal primo giorno, l'influenza stagionale fa molto pi� vittime e contagia milioni di persone nonostante il vaccino,il terrorismo mediatico fa il resto !!"
1,"user non ho competenze per poter affermare nulla ma la mia personale opinione è che se mai esisterà.un vaccino efficace al sars covid_n19 sarà a base di plasma con cellule anticorpali istruite geneticamente"
2,"in cina lo stato acquista i farmaci dalle case farmaceutiche. nel caso il farmaco provochi un danno  riconosciuto,  la casa farmaceutica a dover risarcire, oltre a dover pagare una multa allo stato.  chinese company in vaccine scandal declared bankrupt link"
0,"user user user il vaccino protegge dal virus dell'influenza, ma non è che se sei vaccinato non ti possono venire forme para influenzali come raffreddore o altre infezioni respiratorie o intestinali. studia"
0,"user c'è già il vaccino insieme alla mucchina la marca è perboccaloni #covid2019"
0,"user user user__19 e secondo te sono tutti scemi quelli che oggi stanno studiando un vaccino?"
0,"user user user peccato che a prescindere dalla cura, il vaccino serva."
2,"user per iniziare minerva, per iniziare... ne hanno tanti da smaltire prima di rendere l'umanità schiava di ogni vaccino. vorrebbero che uccidessimo per averli, ma accadrà il contrario. poi ci sono quei film del 2011 tipo contagion, è così chiaro tutto..."
2,"ma le sue forti parole di ieri 10 maggio 2020, non lasciano adito a dubbi. 
“l’america riparte e il #covid si sta sgonfiando senza l’ausilio di alcun vaccino presente e futuro”
una bocciatura clamorosa del progetto caldeggiato dalla #oms, da #billgates e da #anthonyfauci. link"
1,"user user user user user user_rezza user_brusaferro user_paren user pare però che il titolo anticorpale non sia sufficiente per dare immunizzazione da sars-cov2."
0,"user nono, non c’è niente da dimostrare. il vaccino salva vite, se non ti vaccini sei pericoloso. punto e fine. la scienza parla chiaro. poi che i no vax così come i terrapiattisti abbiano paura della scienza già si sapeva."
2,"non ho parole, sono senza ritegno! il patologo che ha eseguito l'autopsia al piccolo zakaria, morto a 5 mesi 24 ore dopo la vaccinazione,  un medico coinvolto nello scandalo delle biopsie a milano... link"
2,"le azioni della bill &amp; melinda gates e delle altre multinazionali impegnate nella ricerca del ""vaccino"" hanno preso il decollo, mentre il resto crollava."
0,"user user user fintanto che non si trova un vaccino o r0 va sotto 1, questa e' un'emergenza sanitaria di massimo livello. la gente non deve andare in panico, ma nemmeno perdere la propria attenzione 2/2"
2,"il business dei #vaccini. senza contare il fatto che i bambini vaccinati poi si ammalano molto pi degli altri. link"
0,"user il bello se possimo dire cosi  
i #novax la stragrande maggioranza sta propri in quelle zone interessate da virus"
1,"user sono quasi sicura che, ora che tutto il pianeta è stato contagiato e che la “strizza” ce l’hanno tutti, troveranno in breve una cura per poveri e ricchi.
poi arriverà il vaccino per l’autunno."
2,"zitti che producono pure negli usa (primo caso di contagio negli stati uniti annunciato poche ore fa)  e indovina che altro intruglio producono? il vaccino contro l'hiv!!  ...................e antiamooooooo dueeeeee! ????????????????????????????  link"
2,"come volevasi dimostrare... oplà!  la società farmaceutica americana ''moderna'' e' vicina al primo vaccino contro il coronavirus link"
0,"user la speranza è che sarà pronto il vaccino nel giro di 2/3mesi"
0,"qualcuno no.
e c'è chi lo ha capito, ma a un certo punto ha deciso di fregarsene.
l'egoismo e l'irresponsabilità hanno prevalso.
speriamo trovino presto una cura, speriamo trovino presto un vaccino.
altrimenti non so come andrà.
certo noi fragili resteremo a casa.
ma non basterà."
2,"user user “c’è il rischio che il virus sparisca prima dell'arrivo del vaccino: siamo preoccupati""

link"
2,"se non si trova la cura,non dico il vaccino ma una cura,riaprire sarà quasi impossibile!cosa riapriremo?fabbriche e qualche negozio,stop! scuole,teatri,ristoranti,bar,librerie,discoteche,lidi balneari,sarà impossibile link vita sarà impossibile con il #covid"
2,"user_grillo caro beppe stai parlando di un bimbo danneggiato da vaccino? tu lo sapevi bene prima di venderti al patto della scienza di burioni..."
0,"montagnier, il declino di un nobel tra campagne no vax e strane teorie sul coronavirus | rep link user"
2,"????#midariva se dici no alla vitamina k e rifiuti un #vaccino poche ore prima del parto, prima o poi, te la fanno pagare. dopo un anno: tso forzato alla moglie incinta che provoca un aborto e altre atrocit. la stanno facendo a pezzi questa famiglia. #dittaturasanitaria #demoni link"
1,"coronavirus, parla l’esperto: test del vaccino in 2-3 mesi. le ultime novità link  11/02/2020"
1,"la germania nega la vendita esclusiva del brevetto per il vaccino covid-19 all�america, perch� l�azienda tedesca produttrice metter� a punto il vaccino ""per tutto il mondo e non per singoli paesi"".  cio� i tedeschi sono i buoni questa volta, how the tables have turned"
2,"il vaccino antinfluenzale contiene 25.000 volte pi mercurio di quanto consentito legalmente nell'acqua potabile! link link"
0,"user ma senza medicinali che risolvano realmente i sintomi più gravi, senza vaccino, con gli ospedali pieni o giù di lì...
quali sono le aspettative?"
0,"user_the_teacher stiamo dicendo la stessa cosa, con una piccola differenza, per l'influenza stagionale esiste un vaccino e le persone più fragili dovrebbero averlo fatto. per il coronavirus no"
0,"(scusate l'ignoranza) mi spiegate l'utilità di far parlare panzironi in questo periodo così difficile(con la gente chiusa in casa) non bastavano le bestialità dei novax ascoltate negli anni scorsi #nonelarena irresponsabili!!!"
0,"coronavirus, un vaccino tradizionale funziona sugli animali link"
2,"l'immagine che ho allegato al presente tweet � un post pubblicato su fb da barbara nardella, la nonna del piccolo samuel, la quale scrive che � stata effettuata una seconda autopsia sul corpo del piccolo, dalla quale � emerso che � morto a causa di un vaccino ... segue"
0,"user è un no vax....ci scommetterei i gioielli di famiglia."
0,"#motogp: un vaccino per correre #coronavirus #ezpeleta #covid19 link"
0,"user user io non credo una volta trovato il vaccino tutto tornerà come prima"
1,"‘world against covid 19’ lanciato piano cooperazione globale per vaccino link"
2,"user_ansa la febbre suina ha fatto molto piu' morti ed era pandemica ma zero misure...vaccino? nessun vaccino... mers, sars, ebola, hiv.. nessuna vaccino ... ci state prendendo per il culo ovvio"
2,"user user credo anche la terza ondata con la decimazione della popolazione il blocco sino a marzo 2021 e con l'avviso che se avrebbero fatto il vacino non ci sarebbero stati tutti questi morti. il vaccino uccide il doppio della museruola"
0,"user solo se confermerà che il vaccino non serve."
1,"antidiplomatico:coronavirus a cuba: in fase di test il vaccino che attiva il sistema immunitario innato link 68"
1,"il dottor mariano amici presenta ricorso al tar contro l`ordinanza di zigaretti: `vaccinazione antinfluenzale obbligatoria senza nessun valido motivo scientifico` link"
0,"le peggiori categorie di persone le incontro tutte oggi sul tuider:
-femministe
-antivax
-nazivegani"
2,"quando anche sui foglietti informativi del vaccino difterite tetano pertosse e polio (dtap)  scritto che pu causare morte infantile improvvisa (#sids) ma la #scienzah ancora non si sa spiegare il perch della morte in culla...  leggere i foglietti informativi, per esempio? no? link"
2,"il ministero della salute condannato a risarcire il danno morale a una famiglia che nel2009 perse la figlia a seguito di unencefalite provocata da una vaccinazione e che non ha mai visto un  dellindennizzo stabilito dal tar nel2007.un ritardo di 12 anni da parte del ministero link"
2,"user 

secondo uno studio i virus competerebbero per le cellule da infettare, il che spiega il susseguirsi di epidemie di diversi tipi di virus, un virus meno pericoloso per l’uomo ma forse più forte del covid2 anziché l’incerto vaccino !"
0,"da #oxford arriva l’annuncio che il #vaccino per il #coronavirus potrebbe essere disponibile già da #settembre
link"
0,"user nel senso che infierire non è nella mia natura.

dato che non è medico, sul web troverà qualcosa sulla fake della ruggine.

e magari scoprirà pure che i novax sono solo un mezzo per taluni di ottenere cuoricini a prezzo di saldo. 

ma non vorrei farla pensare troppo."
1,"paolo ascierto (oncologo pascale di napoli): ""#coronavirus, un #vaccino non sarà pronto entro 10/12 mesi""

le interviste di user user."
0,"user non è il virus che ha perso forza, è l’uomo che è più “forte” a combatterlo. col lockdown, le mascherine, il distanziamento, le diagnosi precoci, le terapie più mirate..forse un giorno muterà e si trasformerà in un virus del raffreddore.  un giorno. forse prima avremo un vaccino"
0,"user_stata user_hawkin chiaramente la mia era una provocazione ma certamente x la riapertura in sicurezza dovremo attendere cure certe ed il vaccino ecco perché serve un piano b"
2,"user user squalene è adiuvante che potenzia il vaccino ma essendo squalene già nel nostro corpo pare che faccia per cosi dire impazzire il sistema immunitario...provocando malattie autoimmuni...a l7ngo termine. i vaccini infatti con squalene sono raccomandati agli over 65"
2,"user_it user_capitani user una mia amica informatrice farmaceutica e generalmente pro vax e molto allineata alla medicina ufficiale, non ha mai fatto vaccinare l'anziana madre contro l'influenza. ci sarà un motivo..."
2,"postate tra i commenti tutte le foto dei vostri figli danneggiati, anche quelli che purtroppo oggi non ci sono pi!  non nascondetevi dietro una tastiera il silenzio  complice!!!!  mettete foto nome e poi scrivete danneggiato da vaccino!  link link"
2,"user vaccino per cosa? link"
2,"user proprio ora che sta scomparendo il virus pagate un vaccino?"
2,"#coronavirus, il terrore continuera' finche' non arrivera' il ""#vaccino miracoloso"". tanto i decessi da strumentalizzare non mancano... link"
0,"user_e user user user ha fatto dell'ironia sul delirio novax. lei invece è arrivato insultando e pretende che le venga risposto educatamente?"
0,"user spero che non la sardegna resti off limits, ""niente sbarchi"" se non dovessero mettere a punto una cura o vaccino. 
se così non fosse, il prossimo inverno lo passeremo con il covid e addio sardi... link"
0,"pensavo che quei dementi dei #novax fossero spariti ed invece eccoli spuntare come funghi alla notizia di #djokovic link"
0,"user user questa situazione non è temporanea e si risolve solo con il vaccino. saremo sempre soggetti a nuovi focolai, anche importati. se non c’è sicurezza nessuna azienda deve lavorare. se vengono adottati i protocolli di sicurezza si dovrebbe poter lavorare."
1,"aspettare che passi. c’è chi invoca la pioggia. chi spera nel vento del nord. chi nel  vaccino  o nella provvidenza. mentre facebook elargisce lauree in medicina e i media fanno audience con la paura.  #milano e il #coronavirus visti da oreste pivetta
link link"
0,"user user_apostata se ne è “preso” immeritatamente il merito, sono i geniali ricercatori del suo dipartimento che l’hanno scoperto, per tua info il guro dei #novax cura il cancro con l’omeopatia e parkinson e sars con la papaya ... te lo raccomando"
0,"user user user gli antivirali tra l'altro, non sono sempre efficaci.

passi per questo coronavirus, ma facciamo un esempio stupido:

""epidemia di ebola. 80% di mortalità. effetti collaterali dell'ipotetico vaccino circa 1 su 100mila.""

ti vaccini o tenti la fortuna?"
2,"user user fattelo tu il vaccino e vergognati di vendere il.tuo paese e i nostri figli"
