0,"il generale figliuolo dovrebbe chiedere scusa al popolo italiano
 
tante mostrine , pochi vaccini"
1,"2,5 milioni di over 60 ancora non vaccinati.
5 milioni di over 50 ancora non vaccinati."
2,"user_cersei nei laboratori militari c'√® la prassi di sviluppare parallelamente a ogni arma biologica il suo vaccino.
link"
1,"manifestazione dei ""no green pass"" a milano: circa mille persone sfilano per le vie del centro al grido di ""non sono vaccini, ma sieri assassini"" - il fatto quotidiano link"
0,"i dati della nuova #campagnavaccinale testimoniano il cambio di passo: in un mese, da 60mila somministrazioni giornaliere a oltre 250mila e abbiamo ampliato platea vaccinatori e punti vaccinali (+30% in un mese). ne ho parlato ieri su user
link"
1,"marsala: rissa per i vaccini covid clicca per leggere link"
0,"il #covid19 continua a colpire i #neonati. tre casi nel vicentino, tutti con familiari #nonvaccinati. altri ricoveri in #rianimazione. servizio di giovanni stefani, montaggio gianpaolo gigante #ioseguotgr
link"
3,"user user user user_s user user user user user_castellane da giornalista ho sempre dato spazio a chi ha avuto il coraggio di esprimere dubbi sui vaccini. non solo: da mesi tengo accesi i riflettori in prima persona sui problemi etici dei vaccini, ricevendo in cambio insulti e accuse di fare disinformazione. non ne accetter√≤ altri."
0,"mario draghi: chi rifiuta il vaccino sostenga i costi della propria ospedalizzazione! - firma la petizione! link via user"
0,"# user: covid, figliuolo: ""obiettivo tutti vaccinati entro l'estate"" link"
2,"#nessunacorrelazione, quindi #vaccinoaigiornalisti che hanno sempre sostenuto l'obbligo."
1,"piano vaccini | la preoccupazione dei medici di base | ¬´sui pazienti fragili c'√® il rischio di una giungla delle priorit√†¬ª ‚Äì l'intervista link"
2,"user sicuramente non accetter√≤ mai #pfizer üëá
link
fin'ora non ho letto nulla di simile sul #vaccino #sputnik 
qualcuno che ne sappia pi√π di me ? link"
1,"vaccini covid lombardia, moratti: ‚Äúi pazienti vulnerabili possono aderire con il sito delle poste‚Äù link"
2,"user ""il vaccino √® il futuro""
""mi farei iniettare anche petrolio pur di poter tornare libero""

questi sono due esempi di cose che hanno udito le mie povere orecchie"
0,"iniziate vaccinazioni over 70. finalmente! #toscana #vaccini"
1,"vaccini, figliuolo: ‚Äúin arrivo 5 milioni di fiale‚Äù. i numeri della campagna: un anziano su due √® immunizzato, prima dose al 45% degli over 70 link"
0,"utili di pfizer coprono + che adeguatamente costi e rischi
adesso x evitare milioni di morti e rischi varianti x noi bisogna fare licenze obbligatorie nei paesi emergenti e/o sospendere brevetto su questo vaccino (non su quelli che verranno o su farmaci non #covid_19) #11maggio link"
3,"user_hawkin user user √® proprio questo il punto: ci si sta affidando ad un unico miracolo, che tra l'altro √® ancora in fase sperimentale.
ribadisco che non sono contro i vaccini, ma rimango perplesso nel constatare che non si vogliano considerare altre soluzioni."
3,"sto andando a fare il vaccino e sono in ansissima"
1,"user quello che fa veramente incaxxare √® che in sardegna, pretendevano assolutamente che tutti quelli che arrivavano fossero vaccinati! e loro non di vaccinano?"
1,"user mi piacerebbe essere contadino 
in ogni caso in una comunit√† si pu√≤ esprimere il proprio gradimento o critica.
e in una comunit√† europea non ha senso che ogni nazione vada per la sua strada tra vaccinazioni e chiusure.
ci vorrebbe uniformit√†,oppure ciao europa"
1,"festa: ‚Äúritardi nelle vaccinazioni. fuksas ha rinunciato al progetto dogana‚Äù

link link"
4,"una ricerca #pfizer ha concluso che frizionandolo appena sulla testa la copertura vaccinale arriva al 66,6% e aumenta di un tot ogni qualvolta ci specchiamo, fino a raggiungere l'immunizzazione totale dopo il terzo plenilunio, ma solo finch√© non ci rifacciamo lo shampoo... ü¶†"
2,"coloro che ci hanno messo paura a causa del covid, sono gli stessi che ci vogliono imporre la somministrazione del vaccino 
link"
0,"tra due ore mi vaccino link"
0,"speranza: ‚Äúentro l‚Äôestate tutti gli italiani vaccinati, questo √® l‚Äôobiettivo‚Äù | video link via user"
2,"cosa non ci hanno detto in italia sui vacciniüò±

 link"
0,"user se √® contrario al #greenpass, che √® tutt'altro che strumento valido, ci sono buone possibilit√† che non sia vaccinato. il che √® davvero triste.
#barbero"
0,"üìØ 
la ¬´categoria 4¬ª finalmente!! (per et√† - da oggi i 55-59enni con esenzione per malattia cronica - ma prima di riaprire alle normali fasce d'et√† si faranno tutti i fragili over 60)
now on user
#fragili #vaccini #covid19 #lombardia
link"
0,"vaccinato questa mattina 08 00  prima dose con  pftruser  puffazer..... pitzifur  pizziffer   vabbe' so vaccinato üòÇüòÇüòÇüòÇ  #pfizervaccine"
0,"ho letto abbastanza cazzate su #dedonno da parte di fascisti e novax. 
adesso che lui ha compiuto l'estremo gesto, queste bestie cominciano con il solito tam tam complottista. 
almeno per rispetto dell'uomo tacete una buona volta.
strumentalizzatevi sto cazzo."
0,"tutti voi che state ironizzando sul #deltaplus #deltavariant... ma l'avete fatta almeno una dose di vaccino? no perch√© nel caso non sareste nella posizione giusta per fare dello spirito."
0,"mia nonna fhe cerca di far ragionare mia madre e farci fare il vaccinoüíóüíñüíòüíï"
1,"video
#vaccinazioni a #frabosasottana, #cirio: ""ai nostri giovani somministrato pfizer e moderna, la scienza ci dia indicazioni chiare sull'uso dei vaccini"". ""da luned√¨ piemonte zona bianca"" link"
2,"uomo del nj in ospedale con covid dopo essere stato completamente vaccinato.  ma almeno ha il suo passaporto, giusto? #earlytreatment is the key! link"
0,"vaccini, figliuolo: si vada avanti con over 60, se no non ne usciamo pi√π link"
2,"user user zone rosse ora con questo caldo. l'anno scorso i vaccini non c'erano e ora che ci sono √® la stessa minestra. ma andate a caxare."
0,"tu provi a far finta di niente, a mantenere la calma poi sti novax si paragonano agli ebrei durante la seconda guerra mondiale e ti vien voglia di prenderli a sberle tipo mulino a vento."
2,"user user_andme qualcuno vorrebbe escludere i cittadini non vaccinati dal #ssn.
va bene, pero' non saremo piu' tenuti a versare tasse e contribuzioni e ci rivolgeremo al privato.
alla fin dei conti gia' succede: per una visita col ssn mesi di attesa...privatamente domattina alle ore 8.00 !!!"
1,"vaccini in sardegna, ieri oltre 13 mila somministrazioni e 60 mila prenotazioni link"
0,"comunque il 16 ho la prima dose del vaccino üëâüèºüëàüèº"
2,"deve diventare famoso il dott. scoglio! laureato in legge, ma dedica la vita alle alghe. ha deciso di essere il candidato al nobel 2018, anche se nessun candidato al quel nobel sar√† noto prima del 2068. 
e vi parla della pericolosit√† dei vaccini."
1,"user user user solo a parole, usa e gb si sono accaparrate il 250% dei vaccini necessari alla loro popolazione, molti paesi non hanno visto ancora una fiala, astrazeneca prodotto in india non autorizzato in eu"
1,"#vaccini anti #covid19 in italia, dosi somministrate su base quotidiana.
dosi somministrate il 11/05/2021 : 429.134
media mobile a 7 giorni: 465.570
#covid_19 #vaccinaitalia #astrazeneca #coronavirus #pfizer #modernavaccine link"
1,"analista della msnbc ridicolizzato per aver detto che il vaccino e‚Äô sembrato ‚Äúuna ondata di¬†euforia‚Äù link"
1,"user inutile inviare dosi di vaccino alle regioni che non riescono a farle."
4,"user vuoi star l√¨ a perdere un giorno di mare, forse addirittura due, per andare a farti il vaccino?"
1,"insomma, uk segue israele e vuole introdurre il pass vaccinale per l'accesso a pub, ristoranti, teatri, etc. esenzione solo per ospedali e supermercati. 
questi sono i due stati pi√π avanti con le vaccinazioni. 

poi non dite che non ve l'avevo detto. link"
3,"user user_brigante07 tg e salotti televisivi nascondono la realt√†. l'equazione no mask, no vax = perplessit√† sui vaccini covid e' falsa. ci sono molti non convinti di questi vaccini usciti fuori troppo in fretta e non dei vaccini in generale"
2,"ecco qua... infettata anche una ragazza vaccinata con due dosi. perch√© rompete i c... ai non vaccinati? qual √® la differenza? deficienti! link"
4,"user penso sia per il vaccino sto"
4,"ora che paralizza la #vaccinazione di massa, ci si accorge che l' #infodemia √® stata un crimine? chi ha seminato #terrore, impedendo le cure domiciliari precoci, demonizzando e umiliando tanti medici #ribelli, ora raccoglie i frutti del #centralismo autoritario. vergogna."
1,"vaccino o certificato di negativit√† per chi arriva in sardegna: la proposta link"
0,"üîµ ""si riprende con tutti i #vaccini. si pensa a privati e anche #farmacie. tutto come detto. errori sono stati commessi eccome e lo √® stato sospendere. errori nazionali. campagna e pass #ue sono la via sana e giusta""

user üéôÔ∏è
#nonstopnews link"
1,"auguro vacanze all'insegna della dissenteria per tutti quelli che si son vaccinati scavalcando anziani, immunodepressi e malati cronici."
0,"user chi si prende la responsabilit√† di mandare il personale scolastico sopra i 50 anni allo sbaraglio? se la prende lei, ministro?
qualcuno dovr√† spiegare perch√© riaprire le scuole senza aver vaccinato gli insegnanti.
chi ne risponder√†, se qualcuno si contagia e ci lascia la pelle??"
0,"sii utile a te stesso e agli altri vatti a vaccinare.
#vaccinatevi
l'alternativa non c'√®"
4,"per liberare il mondo dal virus mattonista non serve un vaccino, basta qualche mattonata in testa

#pfizerdown
#mattonidown"
1,"un nuovo articolo: (vaccini covid, da domani in sicilia prenotazioni per i ragazzi dai 12 ai 15 anni) √® stato pubblicato su: tempo stretto - ultime notizie da messina e reggio calabria - link link"
0,"ma quindi abbiamo davvero bloccato un vaccino per 30 trombosi su 5 milioni di vaccinati?
#astrazeneca"
4,"pure il vaccino proletario.

detto da un miliardario.

grandioso."
1,"‚Äúa palermo c‚Äô√® una evidente escalation dei contagi, in particolare per la diffusione delle varianti, pi√π aggressive. abbiamo i primi casi di virus in soggetti gi√† vaccinati."""
4,"una settimana simile non poteva che finire in questo modo... 

#astrazeneca #pfizer #vaccini #novax #coronavirus #covid #covid19 #covid19italia 

link link"
1,"gds: ""#sicilia. vaccini in farmacia, si parte il 15 luglio""
link"
2,"sono simpaticissimi questi provax ."
2,"user_grim vogliamo ricordare la diretta televisiva della processione natalizia del vaccino che ha attraversato il brennero e poi √® arrivato a roma? giorni e giorni di giubilo perch√© ormai si vedeva la luce in fondo al tunnel. ecco, tre mesi dopo eccoci qua nel caos totale."
3,"user io sono vaccinata, ma mi chiedo la #terzadose  √® necessaria per noi che abbiamo sviluppato gli anticorpi? non sarbbe meglio prima controllare se davvero la copertura del vaccino dopo tot mesi sia scesa, e poi decidere per la terza dose??"
0,"user user user user_kuzzo cosa c‚Äô√® di non chiaro nell‚Äôaffermazione ‚Äúi vaccini non proteggono dal contagio ma da sviluppo di forme di malattia gravi / morte‚Äù iniziate a sembrare seriamente deficienti a riportare ste notizie."
1,"ristoranti, calcetto, pass vaccinale, mense scolastiche: al #cts i nodi da sciogliere in vista delle riaperture del #26aprile
so' problemi
#vaccini #covid19italia"
2,"user se i vaccini fossero super sicuri. ma non lo sono, per niente."
3,"mi state mettendo ansia tutti a prenotarsi per il vaccino io avevo intenzione di farlo domattina....."
2,"india 
uomo muore appena dopo aver ricevuto la prima dose del vaccino covid 

man dies shortly after taking first dose of covid vaccine in angul  link"
0,"che bello sarebbe, se ci fosse un vaccino contro il covidooooooh wait!"
2,"user user i testimonial come lui  e  affini dovrebbe pubblicare i titoli anticorpali prima e dopo il vaccino. cos√¨, giusto per confermare che sbadatamente  loro non abbiano ricevuto il placebo .lo facciamo perch√© ci teniamo tanto alla loro salute e alla scienza"
1,"queste che vedete in fila sotto la pioggia sono decine di soggetti fragili in attesa del vaccino in fiera. basterebbero un paio di gazebo, ma la ‚Å¶user‚Å© dov‚Äô√®? #palermo #sicilia #vaccini  link"
2,"fa il vaccino pfizer alle 14 45 muore alle 16,30   link"
1,"pfizer sta pensando di adattare il nuovo richiamo alle varianti."
1,"asl na 2 nord, stop alle prime dosi per mancanza di¬†vaccini link"
0,"user vaccinazioni non se ne parla manco morti?

il lockdown √® l'alternativa al vaccinarsi ... senza vaccini si va in lockdown ... con i vaccini il lockdown √® una inutile vacanza!üò°"
2,"fino che non avranno vaccinato 18 milioni di italiani loro non si fermano lo sa la sx e anche il cdx"
0,"user n√© il vaccino pfizer n√© quello moderna vengono prodotti usando linee cellulari di conseguenza √® impossibile che contengano cellule di feti.
altri vaccini necessitano di linee cellulari per la produzione (mrc-5, wi-38 e hek393 originarie degli anni 60/70), ma non ne contengono."
2,"per la cronaca e come volevasi dimostrare, la figlia del mio collega, ieri, √® risultata positiva. ora andate a quel paese voi e il vostro vaccino."
1,"vaccini: quasi 30mila dosi somministrate nell'oristanese link"
0,"a questo punto per√≤ c‚Äô√® da aspettarsi anche il titolo ‚Äúmuore all‚Äôimprovviso, una settimana fa aveva prenotato il vaccino #astrazeneca‚Äù link"
2,"user_claudio appunto perch√© non si tratta di vaccino ma di una sperimentazione sull'uomo, sono dei veri tentativi di omicidi."
0,"la variante pi√π pericolosa √® quella  no-vax: si attacca al cervello  #covid link"
2,"user e‚Äô quello a cui puntavano fin dall‚Äôinizio (ma era roba da complottisti). il test √® inaffidabile ed √® un trattamento medico che nessuno pu√≤ imporre alla persona, tantomeno il vaccino. il #passaportovaccinale possono metterselo in quel posto."
4,"user_s ma bassetti chi, quello che non si ricordo di essere stato vaccinato? link"
1,"user una domanda, come mai il contatore delle vaccinazioni riporta una cifra di circa un milione di somministrazioni prime dosi in pi√π rispetto alle statistiche ufficiali?"
4,"user user ma non penso che avendo gi√†  avuto anticorpi formati  poteva fare il vaccino!"
2,"nashville : giovane donna immobilizzata in un letto di ospedale ad una settimana dal vaccino pfizer, senza la possibilit√† di muovere le gambe"
1,"#vaccini domani, 5 maggio, sul portale della regione #toscana aprono le agende per prenotare il johnson&amp;johnson per chi ha pi√π di 65 anni
link user"
1,"speranza ‚Äúpi√π vaccini o non escludiamo restrizioni‚Äù  - #retewebitalia #news #oggi #italia #notizie #accadeoggi - link"
1,"al momento sono 29.969.854 le dosi di vaccino somministrate alla popolazione italiana, mentre 9.759.934 persone hanno concluso il ciclo vaccinale sul territorio nazionale (16,47% della popolazione)."
3,"user user user io capisco checome molti inorridisci di fronte ai no-vax e agli anti-scienza: inorridisico anche io. ma ci√≤ non significa che bisogna diventere ""fanatici"" dall'altro lato. purtroppo, ripeto, la medicina (anche in quest'anno di pandemia) ha sempre dimostrato questo limite"
1,"new post: leggi la notizia! in vista obbligo vaccinale per sanitari no vax: pena la link #veneto #notizie #news"
2,"prima di covid, qualcuno ha chiesto se le infermiere erano vaccinate contro l'influenza?
no, pensavo di no.
eppure l'influenza √® mortale per certi gruppi di persone. l'#ipocrisia √® reale &amp; √® fastidiosa.
gli amanti delle maschere hanno mostrato i loro veri colori. sono dei ...üëá"
0,"grandissimi pezzi di ceüöΩsse unitamente a tutti i üçíoni no vax che vivete nella nostra sicilia-- 
ci siete riusciti siamo primi per contagi e ultimi per vaccinazioni
da luned√¨ 30 saremo di un bel colore giallo!
guardatevi allo specchio e ‚Ä¶.ü§ßü§ß link"
1,"#dimartedi  #moratti 
ieri ""gli over 80 che non sono stati ancora convocati per la vaccinazione potranno vaccinarsi presentandosi senza prenotazione nel centro vaccinale pi√π vicino dal 7 all'11 aprile'
-oggi ""no lasciate stare..mi sono sbagliata""
dal disastro #lombardia √®  tutto"
1,"#sicilia, al via a #palermo il primo grande ‚Äòhub‚Äô per le vaccinazioni - video link"
4,"user gli zii, i cugini si sono vaccinati a loro insaputa üòÇ"
1,"vaccini: ruffo (sissa), ancora in attesa comunicazione asugi. universit√† trieste e udine gi√† informati, cominceranno gioved√¨ #ansa link"
2,"mia cugina, fatto il vaccino 5 giorni fa questa notte trasportata in ospedale e deceduta. proviene da un ceppo familiare che vive 100 anni. nessuna patologia, sportiva, ballava, rideva , ma non ha voluto ascoltarmi
voleva essere libera con il vaccino.
amen link"
0,"ma allora ditelo che basta avere un amico in paradiso e il vaccino te lo fanno anche con 25 anni di et√†. solo sulla carta viene previsto prima over 80 poi over 60 dopo il resto della popolazione. non si deve aprire un fascicolo si deve punire severamente i furbi"
2,"user user__ no, sono sperimentali, leggi il bugiardino e vedrai cosa scrivono. sono vaccini sperimentali somministrati in larga scala per via della pandemia."
4,"sono anche su vinted. mi attiver√≤ dopo il vaccinoü§£  link"
0,"vaccino, lo psicologo: cosi' giovani escono da pantano emotivo
 link"
1,"vaccini: fontana al via hub tra i pi√π imponenti deuropa -  #vaccini: #fontana #imponenti #deuropa link"
4,"user buon giorno pino, le faccio una domanda ovviamente non provocatoria anzi le sue notizie le ritengo ottime... come mai pfizer e astrazeneca dopo il lancio del vaccino non hanno avuto questo importante aumento nella quotazione mentre crede che celsion e atossa possano farlo? grazie"
1,"user_fenzi se il cognato di fontana avesse prodotto vaccini, i lombardi sarebbero gi√† tutti vaccinati"
4,"io comunque raga non ce la faccio pi√π, la pandemia mi ha mentalmente stancata. prima la paura del covid e la solitudine adesso i no vax e il vaccino‚Ä¶ sono stanca, poi sono diventata molto pessimista, mi sembra di vivere in un limbo senza futuro"
0,"user user user_scientists ho letto banchi a rotelle e mi sono venuti i brividi... certo in teoria sarebbe meglio non buttare soldi. il problema vero di reithera √® di essere un vaccino tradizionale, non rna. se il risultato √® un altro az o jj che non vorr√† nessuno, tanto vale fermarsi e investire in rna"
0,"nonni vaccinati, sono un po‚Äô pi√π sollevata‚ù§Ô∏è"
4,"dua lipa √® il vaccino"
0,"impoante risoluzione del consiglio d‚Äôeuropa : vaccini per tutti senza discriminazioni di ogni genere link"
1,"lombardia, gi√† 270.170 over 50 hanno prenotato il loro vaccino anti covid: oggi le prime iniezioni link"
0,"oggi comunque √® stata una bella giornata: sono andata a salutare le mie asinelle, poi sono stata dalla nonna (con tutte le dovute distanze e precauzioni anche se ha fatto il vaccino ieri) e io e la zia abbiamo fatto una ""passeggiata"" per il paese con il cane ‚ô•Ô∏èü•∫üôèüèª"
3,"post vaccino sto ancora una m, ma almeno ho recuperato il braccio"
0,"mia mamma ha detto a mia zia che mi voglio fare il vaccino e ora lei mi ha chiamata per farmi il bordello e a raccontarmi stronzate lette su facebook ma diocane"
2,"cosa succeder√†? i dati #covid miglioreranno ancora e beccamorto user frener√†, incatenando e chiudendo il paese con l‚Äôavallo di user_chigi che la mena con i #vaccini. a quel punto user reagir√†? di sicuro il popolo insorger√† furiosamente. #dittaturasanitaria"
2,"user tranqi che col vaccino ci dimezzano"
0,"dopo quella vaccinazione 56 anni senza nemmeno un raffreddore ! link"
4,"ogni #movimentosociale √® figlio di una determinata epoca storica: o √® portato a conformarsi all'esistente oppure √® portato alla rottura. link #lotteimmediate #sci #sindacato #vaccini #protest #antiforma #crisi #occupy"
2,"user user_lella user user_laffitte user per non piegarmi al vaccino, devo assolutamente cambiare lavoro. chi pu√≤ aiutarmi, sappia che ho sempre fatto qualunque cosa, tranne rubare."
1,"√® scontro tra virologi sulle mascherine: bassetti propone l‚Äôaddio per i vaccinati. gismondo dissente link link"
0,"i free riders del vaccino, ovvero gli scrocconi di libert√† (di d. faraone) link #"
0,"voler far ragionare un no vax √® come volersi ubriacare con la coca-cola."
1,"il vaccino di johnson  link via user"
1,"asl avellino. sospensione attivit√†‚Äô centri vaccinali nella giornata di domani, luned√¨ riprendono le vaccinazioni - link link"
2,"covid-19. l'oms continua a stupire per la grande confusione e contraddizione dei suoi membri. e' preoccupata e dubbiosa per l'efficacia dei vaccini sulla 'variante inglese'. per√≤ consiglia di accelerare la vaccinazione, che ormai √® inutile per la vecchia influenza passata,"
1,"user_maffi user a tg lombardia conferenza stampa prima regione a raggiungere 1 milione di vaccinati"
3,"manfatti io li ho fatti i vaccini ma la cavia no"
4,"user_m user e la vaccinazione con discriminazione?
√® una variante evolutiva?"
0,"i migliori vaccini sono darwiniani link #mondo"
1,"vaccino, se la seconda dose √® quando sono in vacanza: come si comportano le regioni¬†italiane link"
2,"byoblu:aumento delle infezione nei vaccinati. la svezia vieta l‚Äôingresso agli israeliani   link 28"
2,"dott. de mari : spiega cosa fare se si attacca la calamita nel braccio dopo il vaccino link"
2,"assassini!

lorenzo si era anche sottoposto al vaccino anti-covid, lo scorso 5 giugno. una scomparsa la sua che sconvolge la comunit√†, stretta intorno ai genitori"
4,"io pagherei per vaccinare tutti coloro che lo vogliono, almeno la finiamo con questa pantomima (e magari si fa anche un po‚Äô di pulizia...)"
1,"covid-19. oggi 1.712 dosi di vaccino somministrate dall‚Äô asl di avellino. ‚Äì retesei |¬†link link"
2,"nessuna correlazione, ma un nesso c' √®. 
a chi √® morto un caro ucciso dal vaccino non girano le palle neanche un po'?"
0,"buongiorno user e roby!

finalmente ho smaltito il vaccino e oggi posso essere con voi come sempre!

#frenchgp üá´üá∑ #moto3 #motorzn user_it"
2,"user √® legittimo essere contro il vaccino. non buttare fumo negli occhi."
0,"user user gli operatori sanitari novax debbono essere licenziati in tronco per evitare rischi per gli altri"
1,"stop a 8000 prenotazioni al vaccino astra zeneca dall'asl toscana sud est link"
4,"user si puo' sapere se erano vaccinati ?"
2,"user user il vaccino √® solo un mezzo. il fine √® il grande reset"
0,"se un sanitario non si vaccina sta commettendo un reato? forse. ce lo spiega user"
2,"user provateci a dare un vaccino genico sperimentale ai miei figli. provateci."
4,"user ma fermatevi un po‚Äô a riflettere link #astrazeneca #astrazenaca"
0,"cari novax ‚Äú libert√† di scelta‚Äù,  la vostra libert√† finisce dove incomincia la mia di non essere contagiata da voi #novax"
4,"user mughini sei un cafone i soldi che i non vaccinati versano allo stato, quelli ti vanno bene......adolfo, benito, stalin, mao sono santi confrontati con mughini."
0,"#ottoemezzo siete schizofrenici, non contraddittori. c'√® un virus pericoloso sconosciuti, che muta ed √® pi√π veloce di noi... e apriamo tutto? fateci scegliere i vaccini e mettere i monoclonali a disposizione di tutti. √® la via per la nuova normalit√†"
0,". user qualcuno lo fermi perch√© ha perso il lume della ragione e lo dico da convinta sostenitrice dei vaccini"
0,"#pfizer, ""uno dei vaccini pi√π efficaci nella storia della medicina"". link"
0,"il governo prenda subito la decisione di rendere obbligatoria la vaccinazione! stiamo rischiando un blocco totale che far√† molto male alla nostra economia, oltre che a tutti. smettiamola di essere ignoranti egoisti!link"
0,"vaccinare o no i minori contro il covid? interessante questo articolo ‚¨áÔ∏è
a fronte di un aumentato, ma limitato rischio di miocarditi (2 su 100 mila), ci si protegge da un rischio ben maggiore di sindrome multisistemica infiammatoria e di miocardite stessa

link link"
2,"antidiplomatico:""non si tratta di pro-vax e no-vax"": la discriminazione come metodo educativo e la retorica dell'inclusione link 11"
1,"#cronaca #ultimenotizie vaccini in aziende, 2mln #astrazeneca in frigo - link - #tifosi #vaccino link"
0,"l‚Äôok alla presenza di spettatori alle gare di #uefa2020 allo stadio #olimpico √® un gran bel segnale di #speranza (maiuscolo e minuscolo). ora, per√≤, urge un protocollo rigido del #cts e, soprattutto, un‚Äôaccelerazione nelle #vaccinazioni. altrimenti sar√† l‚Äôennesimo, vuoto proclama"
0,"con l‚Äô85% degli over 60 vaccinati, israele ha registrato un calo del 77% dei casi covid. studio nature su medical facts
link"
0,"√® assurdo come i novax riescano a mettere in correlazione la morte di #raffaellacarr√° con il vaccino. sono da tso ormai. fermateli."
0,"ad ottobre, quando ci rinchiuderanno nuovamente, ricordate che quel 30% in meno di efficacia del vaccino pu√≤ comunque fare la differenza! quindi vaccinatevi!
perch√© anche per delta, con il vaccino per lo meno non muoio, senza non so! sappiatelo!
#greenpassobbligatorio #pfizerdown"
2,"penso che sia questione di tempo poi verra‚Äô fuori davvero lo schifo che sta dietro questi presunti vaccini!!!"
4,"user_claudio claudio sei esattamente come un liberale svizzero. io non capisco come mai sia tanto difficile in italia libert√† di scelta sulla vaccinazione e pensarla come te da parte del centrodestra renziani e calendiani."
2,"aprite questa pagina e notate come i commenti ammessi sono solo quelli favorevoli a questa vergognosa iniziativa. e' censura vera e propria della libert√† di pensiero e di espressione perpetrata giornalmente dal user_it 
#nazipass
#nazivax

link"
2,"user user un passaporto per vaccini che hanno ottenuto solamente l'emergency use authorization, ovvero non ancora validati da fda, etc? se cosi fosse continuero' con il delivery, l'ecommerce e gli esercizi al parco o a casa. buona fortuna a tutti. link"
4,"filosofa?
criminale, no aver pensato in tempo ai vaccini
criminale, no aver chiuso confini
criminale, √® stato dire #mascherine non servono
criminale, √® comprare #banchiarotelle
criminale, eliminare #zambon
criminale, no aver pensato trasporti
criminale andare a cazzo
#dldittatura"
1,"user urge una legge contro l‚Äôodio verso chi vuole le restrizioni ai non vaccinati che odiano i vaccinati che‚Ä¶ insomma, urge una legge üôÑ"
1,"limes:carta: la distribuzione dei vaccini link 25"
1,"""arrivano da firenze e cremona i primi indagati ‚Äòno vax‚Äô. l‚Äôaccusa formulata dal magistrato nei confronti di un 66enne lombardo √® chiaro: ‚Äúistigazione alla disobbedienza delle leggi, di ordine pubblico, in vigore a tutela della salute pubblica nel periodo di emergenza pandemica."
0,"sto pensando ai vaccini! link"
1,"politici e vaccino: da salvini e meloni a letta, renzi e grillo. chi lo ha fatto e chi non lo far√† 
‚Å¶user‚Å©  link"
2,"le overdosi di vaccino‚Ä¶ (e dovremmo essere pure contenti)"" link 91"
1,"appena ha saputo che non poteva entrare alla sagra della porchetta o al papeta #salvini si √® vaccinato stamattina a milano - cronaca - ansa link"
1,"15 milioni di dosi di vaccino j&amp;j buttati per un errore umano.

il tecnico di laboratorio minimizza: "" ho mischiato pfizer, j&amp;j, soda, lime e vodka e a me sembrava buono"""
0,"a ora che il vaccino sar√† disponibile per me lo venderanno a 2 euro e 50 dal tabaccaio"
1,"da luned√¨ 7 giugno verr√† sospesa l'#attivit√† per la somministrazione del vaccino anti-#covid presso l'#ambulatorio distrettuale della asl 3 in via xii ottobre a #genova. l‚Äôattivit√† #vaccinale, si legge nella nota dell'#asl, ‚Äúproseguir√† presso l‚Äô#hub della #fiera del #mare. link"
1,"covid, al via le vaccinazioni per caregiver e familiari di soggetti fragili: ecco chi rientra nella categoria link"
0,"user caro massimo, almeno io, non ho idea dello stress delle strutture sanitarie. concordo che questi lockdown a singhiozzo non sono ideali, ma oggettivamente questa pandemia √® devastante. piuttosto cerchiamo di stringere sulle vaccinazioni. un caro saluto alessandro"
0,"user perch√© le case famiglia e le comunit√† alloggio di roma sono rimaste senza vaccino? 
 
le persone fragili residenti continuano ad ammalarsi nonostante vivano in sostanziale lockdown da un anno!
 
intanto c'√® una petizione link via user"
0,".... aspettando il turno per il vaccino ma porca troooota perch√© al mio comune fan tutti schifo aooooo datelo a tutti wtf"
2,"user non c'√® nessuno che chiede se avesse fatto il vaccino.....ma pensano subito al covid

concorezzo, muore a 15 anni nella sua cameretta. ora si indaga sul covid - cronaca - link link"
1,"11) banco informazioni, ti danno un modulo ""lo compilo e glielo d√≤ adesso?"" 
12) ti fanno prendere appuntamento dal sito
13) complimenti ha un appuntamento per consegnare il modulo fra un mese.
14) la pandemia √® finita, non ho la tessera sanitaria e non ho ancora il vaccino"
1,"ma quindi il vaccino immunizza? chi si vaccina pu√≤ anche togliere la mascherina e non rispettare la distanza?"
2,"‚Äúlo scopo principale della vaccinazione non √® di ordine sanitario‚Äù link"
4,"scrittura del giorno #13giugno 
link

#jw #covid19 #coronavirus #covid2019 #covid_19 #covid #covid19italia #covid #covid19italia #covid19italia #vaccino #weekend #buonadomenica #buongiorno #astrazeneca #pfizer #europei2021 #euro2020 #europei"
1,"tutti gli errori europei sui vaccini - bisognava fare le scelte giuste e restare uniti ma... link"
2,"user_official üòÅüòÅüòÅüòÅüòÅsapete quante varianti devono ancora uscire  parecchie e una cosa grave ///i vaccini non riescono ad anticipare perch√© √® impossibile bloccare il mondo! !!!"
1,"le battute sul 5g dopo che fate il vaccino anche meno. avete fracassato le palle"
0,"user user user user gli under12, devono mantenere le precauzioni pre-vaccinali. ovviamente a maggior ragione i docenti devono essere vaccinati.
quando ci sar√†, sembra in autunno, autotizzazione pediatrica, si vaccineranno."
0,"difficile per ora fare previsioni #covid19. di certo con la vaccinazione le nostre abitudini potranno tornare ad una nuova normalit√† molto pi√π agibile della presente link"
2,"tutti leoni e poi si cagano sotto...e fanno le corse per fare il vaccino"
4,"user user user_it user user user user user user per me non corrisponde a un criterio sanitario che dovrebbe essere centrato sulla vaccinazione di anziani/fragili, per i quali la persuasione basata sulla possibilit√† di andare in discoteca o al cinema pi√π facilmente √® ridicola, avendo frequentato entrambi l‚Äôultima volta nel 1982"
2,"medico in incognito parla dei vaccini covid link via user"
0,"‚Äúvaccinari √® megghiu di futtiri‚Äù"
0,"user user ho citato tutte trasmissioni passate che diffondevano falsit√†.
per me √® grave per lei no.
hanno diffuso le fake sui vaccini. per me √® di una gravit√† inaudita. enorme.
per lei no.
libere opinioni per carit√†...ma parlare di trasmissione attendibile no eh. 
link"
4,"user user vabb√® mettici pure ansia da vaccino in quel caso ..."
0,"orgogliosa e grata ai nostri ragazzi in divisa che, come sempre, ci sono nel momento del bisogno. 
generale #figliuolo avanti tutta con i vaccini noi di user_italia siamo al vostro fianco."
0,"√® bellissimo sentire i commenti delle persone grandi sul momento della loro vaccinazione. servizio,gentilezza degli operatori sanitari e grande soddisfazione x avere ricevuto a loro tutela la salvezza.
siamo in #emiliaromagna"
2,"user_sibari user allora mi dica il vaccino e autorizzato alla vendita in emergenza ma rimane sperimentale fino al 2023 
un obbligo da parte dello stato impone che lo stato stesso si faccia carico di eventuali danni rendendo superfluo il consenso firmato 
chi pagher√†?"
2,"robert f. kennedy jr. su pfizer e fda: ‚Äû questo √® uno schema sinistro per imporre un vaccino gravemente difettoso che ha gi√† fato la storia con morti e feriti, che non previene n√© la malattia n√© la trasmissione e non migliora la mortalit√†‚Äú."
1,"vaccini covid, la classifica delle regioni link"
1,"vaccini: sileri,verosimile ripeterli ogni¬†anno link"
4,"user_claudio user user user per opportunita' intende le cure? questo e' il consenso informato per vaccino.... link"
2,"10‚Ç¨ sulle rsa chiuse per altri motivi con l‚Äôarticolista che ha buttato gli 87 non vaccinati nel titolo per fare sensazionalismo."
1,"sul mio pianeta ideale, 
gli #istigatori alla violenza che nei #mediaspazzatura offendono, minacciano e incitano all'odio,
vivrebbero a 666 metri di altezza, con vento forza 4, in punta di piedi su uno spago, in perenne equilibrio instabile.

 #telegram #novax link"
1,"user il vaccino per il covid c‚Äô√®, ma quello per la stupidit√† non l‚Äôhanno ancora inventato"
1,"non credo che sia etico, il comportamento che esclude l‚Äôuso di un  #vaccino  üíâ #sputnik per motivi politici . il dovere della politica √® mettere la vita dei cittadini davanti a qualunque pregiudizio o interesse"
0,"user user_ spiegazione:
classe di et√† &gt;50
 vaccinati 95% 
non vaccinati 5% : il rapporto √® 19:1
tabella: morti:
vaccinati  279
non vaccinati 131: il rapporto √® 2.2:1. 
quindi il vaccino ha protetto gli over 50,anche se il  numero dei loro morti √® superiore a quello dei non vaccinati."
0,"comunque ieri sera l‚Äôhost del nostro b&amp;b ci ha seriamente detto che non fa il vaccino perch√© a sua sorella adesso rimangono le chiavi attaccate addosso. non ne usciamo."
4,"ad ognuno il suo mestiere.

forse, poich√© che lo critica, il microbiologo #crisanti √® al corrente del piano organizzativo e logistico che il gen. #figliuolo (nominato il 1¬∫ marzo 2021, cio√® solo quattro giorni fa) sta predisponendo. non credo.
#vaccini 
link"
2,"link

#astrazeneca , #antonellaviola e l'allarme sui #vaccini: ""i #rischi superano ampiamente i #benefici, ma non l'hanno letto?"" 

#liberoquotidiano"
4,"user user ho bisogno dei vaccini di marco."
0,"user user user parli per lei quando si riferisce a chi √® stolto non coinvolga gli italiani. milioni di morti in tutto il mondo ed ha ancora il coraggio di mettere in dubbio la necessit√† dei vaccini? per sua informazione poi tutti i paesi hanno acquistato vaccini comprese le locomotive europee"
1,"il livello di esasperazione √® alto e domandare se si √® vaccinati o meno sta diventando un'abitudine come chiedere una tazzina di caff√® al bar. si parla sempre di privacy e protezione dei dati personali e poi in tv, te lo chiedono senza problemi. basta no? user user"
2,"user user user user non so in quanti sopravviveremo a  altri due anni di vaccini !!??!?üò±üò±üò±‚Ä¶ e lo avevano detto ‚Ä¶siamo in troppi al mondoüò°üò§üò§"
1,"vaccini lazio, ripartono le prime dosi: la chiusura degli hub ora slitta a ferragosto - link link"
1,"fauci, stiamo lavorando a vaccino anti-covid in pillole link"
2,"pioggia di miliardi un anno fa vaccini a raffica oggi imprese pochi euro e al collasso vaccini niente ma ci rendiamo conto di quanto sti personaggi mantenuti da noi ci prendono per il culo intanto citt√† invase da clandestini spacciatori??"
1,"vaccini, in piemonte si risolve il rebus dell'appuntamento per l'iniezione [di sara strippoli] [aggiornamento delle 08:00] link"
0,"user chi sceglie di non vaccinarsi √® come quello che non rispetta il divieto di sosta e di fermata nei giorni di mercato. chi si √® vaccinato ha pagato il suolo pubblico e si √® iscritto alla camera di commercio, e loro ne approfittano a sbafo."
4,"quindi se la gran bretagna √® a rischio chiusura i vaccini non funzionano? mentono sapendo di mentire! #staseraitalia"
0,"ùêíùêûùêßùê≠ùê¢ùê´ùê¨ùê¢ ùê´ùêûùê¨ùê©ùê®ùêßùê¨ùêöùêõùê¢ùê•ùê¢  per se e per gli altri!
lo stato italiano e la situazione storica ci chiedono e ci impongono la #responsabilita attraverso la chiamata alla vaccinazione di massa. 
#vaccini #covid19 #governoitaliano #pandemia 
link"
1,"vaccino anti-covid, online il portale regionale per la registrazione degli estremamente vulnerabili
link"
1,"rivolto a chi si riconosce!
brutti stronzi! adesso che la lombardia e le regioni di destra sono prime nelle vaccinazioni, non dite pi√π nulla? link"
0,"vaccini fuori lista, in procura a bari primi interrogatori. il legale: ""sono stati chiamati, nessuno ha saltato la fila"" link 
vergogna #infiltrati e #saltafila!!!"
2,"i pazzi under 50 che si fanno astrazeneca vanno fermati! governo di assassini!!!"
1,"vaccini lazio, al via 'open week' astrazeneca per maggiorenni - adnkronos link"
1,"vaccini, marco rizzo-pc: +√® la guerra dei vaccini, sputnik dato che √® russo non si pu√≤ dare+"" link 54"
2,"detto questo figliuolo riceve ordini e li esegue. da lui non si cava un ragno dal buco. la vaccinazione dei minorenni √® un atto gravissimo, tirannico, figlio di una ideologia assurda ed inquietanta. purtroppo non bastano le buone maniere per far sentire il proprio dissenso."
1,"brasile. al via campagna ‚Äúvaccini nel braccio e cibo nel piatto‚Äù | radio m modica link"
0,"burioni espatria: ""se costretti a chiudere per colpa dei no-vax me ne vado in francia"" | il primato nazionale link"
2,"conferenza del dottor charles morgan all'accademia militare di west point: controllo remoto del cervello umano tramite vaccini mrna - database italia link via user"
2,"prato muore durante la tac. aveva fatto vaccino due giorni prima disposta l‚Äôautopsia - #prato #muore #durante #aveva #fatto link"
2,"user vaccinati in quanto codardi, ma non possono dirlo per non perdere la quasi totalit√† dei loro elettori.ü§°"
1,"giro di vite per 45mila sanitari. per i non vaccinati stop all‚Äôattivit√† link"
1,"user gi√† che siamo in argomento qualcuno potrebbe spiegare perch√© la user √® penultima per la vaccinazione degli ultraottantenni affidata fin da subito  e giustamente ai medici di famiglia? user user"
1,"campagna vaccinazione in cina: oltre 2 mld dosi somministrate   video link"
0,"condivido in pieno... se c'√® qualcosa che bisogna sapere che venga fuori subito!
aggiungo: in uk hanno vaccinato 12m di persone con az, ora capisco che gli inglesi siano stoici e pragmatici mentre in europa siamo un p√≤ chiagnoni ma escludo che abbiano sotterrato i morti!"
0,"user user_francesco user quindi non ti vaccini contro il tetano fino a che non muori di tetano perch√© in base alla tua esperienza personale il tetano non esiste. d'accordo."
4,"il nuovo mood √® : ‚Äúallora fatto vaccino?‚Äù üíâ ‚Äúte e famiglia?‚Äù ... i tempi che cambiano. #covid19"
4,"user √® stato il vaccino"
0,"comunque domani torno gi√π a milano per la seconda dose del vaccino e poi risalgo in montagna tipo subito.
sono gi√† stanca al pensiero."
1,"covid. l'assenza per effetti collaterali da vaccino, √® malattia o infortunio? link"
1,"2 settembre alle 20:00, a vibo, sar√≤ alla presentazione del libro di matteo bassetti.
intanto √® notizia di oggi:
ennesima aggressione dei no vax nei confronti dell'infettivologo bassetti inseguito e minacciato: ""ci ucciderete tutti con questi vaccini e ve la faremo pagare"". link"
1,"oh mamma non sto praticamente pi√π sui social, tra gli esami e la prenotazione dei vaccini per i miei genitori sono veramente in costante ansia in questo periodo"
4,"user_1825 user erano tutti vaccinati in quella bolgia ! quindi .. ?!"
2,"basta tutti testimonial di vaccini e case farmaceutiche"
1,"anche roberta aveva detto di non parlare di harry perche questa serata era dedicata a louis 
voi harries rovinate‚Ä¶ ‚Äî madonna ma tutto bene hai fatto il vaccino  link"
1,"#vaccini, l'italia procede a rilento? com'√® la situazione in altri paesi #ue? ora su user: fabrizio pregliasco user, don pietro sigurani e user_anfossi di user_cristiana. link link"
1,"user user user user_italia qui il contenuto della interrogazione a firma armando siri e alberto bagnai al ministro speranza sui vaccini. link"
1,"vaccini, stefani-speranza: disabili fra categorie prioritare link"
1,"...peccato che ora la bottery sia quarantenata in #chinaüá®üá≥ e non si possa vedere la sua faccia visto che aveva detto che l'arrivo del #vaccino #johnsonandjohnson era la svolta per accelerare le vaccinazioniüò¨

#lineanotte"
4,"user in un paese seri come singapore dove il governo fornisce dati veri e non esiste mala sanita' le probabilita' che si metta male per un non vaccinato sono basse e nulle per un vaccinato. tutte le chiacchiere nostrane e europee, incluse le sue, sono infima propaganda link"
2,"""evidenzia una grande quantit√† di #asintomatici""
quindi, se il #vaccino eviterebbe il manifestarsi di sintomi gravi, a che cazzo serve davvero se ci son tutti sti asintomatici?
c-r-i-m-i-n-a-l-i negazionisti della libert√† si sapeva,ora si sa neanche avvezzi alla logica
#tagadala7"
2,"user user_freisa chiedo a te che mi pare sia informato. √® una domanda non provocatoria, ma seria.
si hanno fonti attendibili circa l'ausilio di cellule derivanti da feti morti per la ricerca o messa a punto del vaccino az o j&amp;j?"
1,"user_s in austria bloccano abv5300 del vaccino #astrazeneca link"
1,"#piazzapulita intervista di giulia cerino a szlavik janos, infettivologo di budapest, che spiega perch√© il suo paese considera sicuri il vaccino russo e cinese.  link"
0,"ema verso l‚Äôok al vaccino pfizer per i 12-15 anni, speranza: ‚Äústrategico per il prossimo anno scolastico‚Äù link"
4,"user user quindi, la prossima volta, magari in caso di elevati livelli isterici di infopandemia, votiamo in massa pena di morte e deportazione in campi di rieducazione di chi si oppone a vaccini ""diversi"" per usare la terminologia della signora multipartitica intervenuta"
2,"user user ‚Äú...l'ex ministro grillo ha detto che ""di vaccino non √® mai morto nessuno""... 
si riferiva alla bistecca..."
2,"user uguale per noi. i miei figli gi√† mi dicono che se per uscire devono essere vaccinati lo faranno. questo √® il messaggio che passa dai media con la lingua felpata."
0,"vaccino, papa ‚Äústrumento essenziale nella lotta alla pandemia‚Äù link"
4,"visto che il vaccino non inocula il virus attenuato , tutto ci√≤ significa solo che l'utilizzo della pcr come test sia su asintomatici che sintomatici non √® corretto !"
1,"non mi interessa quale vaccino mi fanno.
mi piacciono sia la pfeiffer che la johansson."
0,"user se procediamo cos√¨, al ritmo di mezzo milione di vaccini giornalieri, se ne pu√≤ uscire in fretta. per quanto mi riguarda, dobbiamo solo sperare che si prosegua su questa strada"
0,"user si ok, √® un intimidazione un abuso una via di mezzo, ma in realta se ho capito lei ha criticato il generale responsabile della logistica dell approvvigionamento vaccini perch√© non vuole vedere le divise, che √® assurdo perch√© ora i vaccini circolano meglio"
4,"user sicuramente!
scusami √® stata vaccinata?"
0,"covid, persi oltre 9mila posti di lavoro in abruzzo: ‚Äúavanti spediti con campagna vaccini‚Äù link #abruzzo"
1,"chiedete a #vaia del vaccino #reithera #spallanzani #domenicain. confidiamo in #giovannabotteri"
1,"prima √® mutato il virus, adesso su twitter mutano anche i vaccini. l'hashtag #astrazeneca diventa #astrazenaca e diventa virale."
1,"l‚Äôindia ha ordinato 300 milioni dosi di un vaccino anti-covid non approvato link"
2,"user siamo sempre guariti dalle polmoniti, le cure esistono.. √® di vaccino che si muore, e non ci sono storie, e non sanno nemmeno riconoscerlo tanto pi√π che essendo sperimentale dovrebbero verificare le cause dei decessi anzich√© catalogarli come ‚Äúmalore improvviso ‚Äú... vergogna.."
0,"leggi qui l'articolo de l'#unionesarda link 
benissimo! vadano a fare i no-vax da un'altra parte!"
0,"per l'ottimo andamento della campagna vaccinale voglio ringraziare marco travaglio. ogni sua lacrima sono sui 50mila vaccinati in pi√π"
2,"cio√®, tutti sti soldi spesi per vaccini (in via di sperimentazione) servono solo ad arricchire bigpharma. altro che giornate della memoria... üí£üí£"
0,"user_opamp user 1 i vaccini mrna vengono studiati da 20 anni quindi se ne conoscono gli effetti a lungo termine.
2 in europa sono stati rilasciati con la pratica dell'approvazione condizionata, utilizzata con dal 2006 con diversi altri farmaci."
2,"user user l
obbligo del vaccino preclude solo se vi e' una pandemia,fatto e ke se si cerka sul web ilvirus sarsa nn e pandemico perke nn letale ,xessere letale ki e contagiato deve morire ,invece il sarsa ,nn e letale colpisce i + emaciati con altre patologie e vecci over 80"
2,"neppure se toccati personalmente ammettono l‚Äôirrazionalit√† di ci√≤ che subiscono e che impongono.
una #politica morta, miope, subordinata ai militari come #figliuolo.
#zingaretti #vaccini #greenpass #covid19  #greenpassobbligatorio link"
2,"user user user diffondere il pi√π possibile, solo con le cure si blocca il vaccino.

1) erik grimaldi: terapia domiciliari precoci. 2) link  queste sono associazioni italiane che se fosse necessario basta contattarli per ricevere assistenza, e non chiedono niente in cambio"
2,"#greenpass per viaggiare!
#israele vieta l'ingresso ai #vaccinati perch√© portano la #variantedelta!
#sipario!!! link"
2,"covid, muore a 52 anni dopo il vaccino pfizer: richiesta autopsia | virgilionotizie link"
2,"user un po' come quelli che volevano che i non vaccinati pagassero le eventuali cure di tasca propria, proprio delle merdacce, eh?
facciamo allora che i vaccinati si paghino il vaccino e le cure di tasca propria, cos√¨ imparano."
1,"ecco come prenotarsi per ricevere il #vaccinoanticovid.

link"
4,"user_cirio questa sarebbe la previsione della decade di effettuazione del vaccino. pre adesione di stamattina. voglio vedere quante volte cambier√† la previsione. perch√© dare dare accazzo tanto per dare l‚Äôidea di efficienza sono buoni tutti. link"
1,"le manifestazioni antivax e il green pass link"
1,"#covid_19, speranza:""attese almeno 50 milioni di dosi di #vaccini‚Äù. il ministro della salute: pressing quotidiano sulle aziende‚Äú #17marzo
link"
4,"approvvigioniamoci di vaccini nel quarto mondo, cosa potrebbe andare storto? #bastalockdown"
2,"user tu che dici mariano... dove andiamo a finire cos√¨?
mi chiedo sempre la stessa cosa: se il vaccino (che vaccino nn √®, in quanto farmaco sperimentale dichiarato) √® sicuro... che motivo hanno i vaccinati di stare allarmati? sono protetti no? come mai tutto questo odio per chi ha"
3,"user user ok, green pass, ma chi paga il mio tampone, io? la colpa forse  non √® mia, non me l'hanno fatto il vaccino perch√©? il governo vuole fare il green pass? va bene, per√≤ i tamponi lo devono regalare. altrimenti staranno aiutando un piccolo gruppo, cio√® le aziende farmaceutiche."
4,"la #gruber che chiede a #salvini di postare il video della sua vaccinazione, sembra la #durso coi matrimoni o le ecografie vip

#ottoemezzo"
0,"user il green pass e' una misura ipocrita e sgangherata. rendere il vaccino obbligatorio sarebbe stato piu' dignitoso."
1,"user coglione infame imbroglione ha votato a favore del passaporto vaccinale!!!!  infame lo sai che questo significa che l economia italiana croller√† a picco! perch√© i vaccini in italia non ci sono e non arrivano prima di natale  ! ci√≤ significa che  il turismo italiano √® morto! munez"
0,"credevo di aver bonificato i miei follower, e invece ‚Ä¶ ‚Äòsti novax spuntano come scarafaggi di notte"
2,"covid, la pediatra angelina farella: ‚Äúpensare di sottoporre i bambini a questo tipo di vaccini √® un crimine‚Äù: link"
2,"user lo avevo previsto. i vaccini saranno ritardati perch√© √® un modo cinico per sfoltire le societ√† dai vecchi pensionati. un gigantesco risparmio per le casse di tutti gli stati e un guadagno immenso per le maledette multinazionali farmaceutiche."
4,"user un'armata brancoladinotte...i casi sono 2...o loro sono stati clonati al cairo (dove gli originali sono reclusi xch√® sanno la verit√†).. e qui sono  impiegati  nella vaccinazione reclutante dei ""semplici""..
o sono gli autentici che operano qui ma sotto ricatto..e i familiari..l√†.."
2,"user user sul fatto che gli italiani non siano popolo bue ho molte riserve. 
gente disposta a farsi vaccinare anche con l‚Äôacquaragia pur di andare in vacanza ‚Äúimmunizzati‚Äù e gi√† pronti a sacrificare anche i loro figli sull‚Äôaltare del dio vax. 
popolo bue anche troppo poco per sta gente .."
0,"user_patrizia una mia ex vicina di casa, gravemente obesa e diabetica, nonostante avesse la priorit√† del vaccino, non l'ha voluto fare. √® in terapia intensiva in condizioni disperate. ma come si fa...."
1,"non ci capisco pi√π un cazzo.(magari non da ora).il gp durer√† 12 mesi ma l'effetto vaccinazione dura 6 mesi,max 8,senn√≤ perch√® parlare di 3¬∞ e 4¬∞ dose?.vorrei che mi si chiarisse."
1,"sondaggio dentro la redacione di 
""la repubblica"" non √® uno scherzo
l√¨ son cos√¨.....anche gi√† tutti vaccinati!"
1,"geopolitica dei vaccini - mappa mundi"" link 40"
0,"user user user e quindi? i vaccinati nel 95%/99% dei casi non avranno bisogno di 300 euro di cure da cavallo e 20 mila euro di terapia intensiva."
0,"user_lorenzo user user user se non sei vaccinato non entri nei luoghi pubblici non sali nei mezzi pubblici te ne stai per conto tuo e non calpesti il diritto degli altri a non subire la tua violenza sulla base di un presunto diritto che non esiste ."
2,"user user user chi √® vaccinato pu√≤ infettarsi e trasmettere il virus su questo non ci piove. con il gp uno non fa pi√π controlli per 8/12 mesi perch√© pensa di essere sano.
la soluzione sono i tamponi salivari rapidi.
dal 7 agosto l'aifa ha riconosciuto l'uso delle monoclinali per la cura."
1,"#vaccinicovid   vaccini e rischio trombosi: dimezzare le dosi potrebbe ridurre i rischi link via user"
0,"user l'unica (magra) consolazione che mi da questa psicosi, √® che presumibilmente la data della mia vaccinazione dovrebbe avvicinarsi in modo consistente per le  rinunce che arriveranno"
2,"user user_lz user user user_claudio user_marco bhe devo dire che questa ‚Äúcorrezione di fake news‚Äù fa molto ridere.

il vaccino immunizza solo per poche settimane? no, in realt√† solo per pochi mesi.
sai che differenza üôÑ"
4,"user user quindi sei no-vax."
1,"ma se non si fanno le foto appena fatto il vaccino non funziona ?"
2,"#staseraitalia le varianti si sviluppano dove non si vaccina? √® esattamente il contrario, si chiama pressione selettiva dei vaccini."
2,"ci arrivano piano piano a dire #vaccino #covid obbligatorio per tutti, dalla nascita ai 125 anni ma dategli un paio di mesi. tanto ormai vaccinano pure durante la gravidanza, poi passeranno agli animali vedrete. e quello sar√† il momento che i #fruttariani diventeranno tantissimi."
2,"la gravidanza solidale.
il vaccino solidale.
il pass solidale.
gli immobili solidali.
la parolina magica per coprire le porcate."
0,"user oggi la vita degli anziani ha un vaccino. fine. anzi no, facciamo che per chi ritarda il vaccino agli anziani vale la canzone di de gregori: ""perdona tutti quanti tranne qualcuno"""
2,"user hanno vaccinato le pecore purtroppo per loro sono rimasti i lupi"
2,"107 euro al mese in pi√π per fare da cavie. perugia, poliziotta 43enne ricoverata dopo il vaccino astrazeneca link"
1,"user regione marche: liste  per caregiver ad oggi, per i comuni disabili gravi, ancora non aperte, stando al sito della regione, ma  i furbetti del vaccino (es. un avvocato),  sono stati vaccinati nei giorni scorsi pronunciando semplicemente la parola ‚Äúcaregiver‚Äù."
2,"user consiglio di seguire lui üëá l'inventore del mrna messaggero e molto critico sulle scelte vaccinali e politiche che non considerano gli studi e la famosa ""scienza""
link"
2,"user noi gente normale, definiti ignoranti, gi√† da tempo dicevamo che se sospendevano i medici no vax, sarebbero stati in difficolt√† perch√© non sostituibili."
2,"user_claudio grazie per la solerzia con cui ha verificato la segnalazione. e adesso che si fa? a parer mio questa cosa √® gravissima, dimostra la malafede che circonda il vaccino in italia e l‚Äôistituzionale ostilit√† nei confronti di chi sceglie di non farsi iniettare un siero sperimentale"
0,"user_en scusate visto che vivo in un paese di merda e l'ue √® peggio, politic parlando, posso io italiano ed europeo vaccinarmi comprando dall'estero il biglietto? penso che lo sputnik sia il miglior vaccino sul mercato in questo periodo. grazie i love russia‚ù§‚úå"
1,"coronavirus | da luned√¨ prenotazione vaccino per over 40 in italia si lavora ai nuovi parametri del monitoraggio seconda dose pfizer | figliulo | ‚Äúmeglio mezzo scudo a pi√π persone che uno intero a meno persone‚Äù ‚Äì live link"
4,"user il vaccino cinese √® un pacco, e il cile ne √® la dimostrazione"
2,"user libro ""bambini super vaccinati"" capitolo virus a/h1n1. libro di una decina di anni fa. c'√® gi√† quasi tutto dentro, tutto quello che sta capitando. il pediatra esercita ancora privatamente. siamo in mano a dei lucidi criminali."
4,"vaccini una guerra senza esclusione di colpi cos√¨ il virologo di fama internazionale giulio tarro link a trav√©s de user"
1,"covid, vaccini in farmacia, regioni a 2 velocit√†: da val d'aosta a calabria. la situazione link"
3,"ha fatto il vaccino? si 2 dosi. 
e ma se sto a contatto mi infetto lo stesso... 
bene, ma non benissimo ..."
4,"user prova a instaurare un dibattito sull'accesso ai vaccini ostacolato da gates, mentre attorno la menano con i vaccini g5 e i microchip.
o prova a far lo stesso con il 9/11 etc.
non vedi che anche tu alla fine sei ""costretto"" a evocare i complotti e a metter le mani avanti?"
0,"user se vai in giro sono quasi tutti senza mascherina o distanziamento 

vaccino non significa zero casi ma ospedali liberi e gente non al cimitero 

se fai anti influenzale non ti dice che non la prendi ma che se la prendi √® leggera"
1,"bergamo e brescia l‚Äôannuncio di bertolaso: da domani vaccini a 30 mila persone over 60¬†il bollettino: 318 i morti - a brescia 901 casi - #bergamo #brescia #l‚Äôannuncio link link"
0,"user il vaccino protegge dalla malattia, non dall'infezione
ci si pu√≤ infettare anche da vaccinati, e quando succede √® comunque in forma lieve e poco trasmissibile 

i non vaccinati sono vulnerabili sia per l'infezione che per la malattia 
1/2"
1,"mio padre mi ha salutato questa mattina con ""mi sa che non andremo a venezia il *data mio vaccino*, temo saranno costretti a sospendere astrazeneca."" 
l'ottimismo √® il profumo della vita e il buongiorno si vede dal mattino!"
1,"user user_iacoboni la met√† dei no-vax che ho tra i contatti √® grillina"
2,"user ""forzare"", il governo e le istituzioni vogliono forzare un vaccino sperimentale e pericoloso nelle persone. buttate fuori questi delinquenti fascisti!!!"
1,"user user gli esperti del user mentre fanno il calcolo dell'aumento delle vaccinazioni in friuli. link"
2,"user non abbiamo dimenticato la morte di camilla mariani dopo il vostro open day della morte nonch√®, i tanti morti post vaccino da voi occultati. per voi ci vuole una nuova norimberga, dovete pagare per i vostri crimini, farabutti assassini
link"
3,"user_ si si, so chehai fatto il vaccino.
io me la sto facendo sotto, detto molto sinceramente.
se per il tampone sono svenuto rischiando un trauma cranico, chiss√† che fine far√≤ col vaccino"
0,"i #vaccini slegano l‚Äôandamento dei contagi da quello dei morti.
vedremo il prosieguo, ma l‚Äôeffetto comincia ad essere evidente.
#variantedelta 

    russia 13%                uk  63%
      1st dose                    1st dose link"
2,"user il vaccinato √® pericoloso.
si contagia e pu√≤ contagiare.
solo i guariti meritano il green pass."
2,"#vaccinazioni #greenpass 

chi si √® vaccinato si √® assunto consapevolmente dei rischi firmando una liberatoria.
benissimo, dunque in base al ragionamento dei fanatici dei vaccini, le reazioni avverse vengano curate solo a pagamento.

#ultracorpi #iostoconborghi"
2,"user user basta analizzare le percentuali di non letalit√† del covid e quelle di garanzia dei vaccini, sono simili. vuole dire che i vaccini non cambieranno la situazione, e lo stiamo gi√† vedendo nei fatti"
1,"user user user_claudio un virus muta in modo casuale a prescindere dai vaccini, e le varianti pi√π contagiose diventano dominanti. le vaccinazioni sono iniziate in uk in dicembre, link la variante alpha fu scoperta in novembre da campione preso in settembre. link"
0,"sulla vaccinazione #emiliaromagna e #toscana sono al primo posto per organizzazione e somministrazione ai propri residenti √® questa una delle differenze tra il riformismo del buon governo e le chiacchiere populiste un motivo in pi√π per user segretario user"
1,"le spie non sono solo nei film. lo dimostra la vicenda dell‚Äôufficiale arrestato mentre passava ai russi documenti riservati. atto ostile, dice la farnesina mentre mosca minaccia ritorsioni cio√® l‚Äôespulsione di qualche nostro diplomatico. putin non vende solo vaccini sputnik... link"
0,"sono vaccinata ragaaaaa fanculo il covid"
3,"io ho fatto la dose 1 #pfizer, e voglio anche la dose 2 uguale.
non voglio ""mescolamenti"" diversi sui vaccini #covid19.
se, in seconda dose, mi propongono un vaccino diverso, io lo rifiuto, e non lo faccio.
io non voglio mescolare vaccini diversi.
preferisco non farlo."
0,"user_onnis la vaccinazione (soprattutto quella con vaccino a mrna) abbatte fino al 90% la trasmissione della malattia. tu racconti balle."
3,"user aspetto la possibilit√† di fare un vaccino tradizionale come quello russo o cinese"
1,"user user ma lo vogliamo capire che il virus non verr√† sconfitto dai vaccini ,che servono per evitare di prendere il covid in forma lieve o comunque non mortale"
4,"user poi il problema dei vaccini √® il presunto stato sperimentale"
3,"user xch√® sono una piaga di merda e vivo male anche un raffreddore,e il vaccino mi aiuterebbe a gestire eventuali cavoli amari. non so se sia efficace o meno,ma visto che c'√® l'ho fatto."
4,"user user_lorenzo probabilmente nelle previsioni non erano considerate le vaccinazioni degli over 80,sanitari,rsa."
2,"ieri, una signora 82enne che conoscevo, in buona salute, √® morta due giorni dopo il vaccino #pfizer, qui a cagliari. ci siamo mobilitati giustamente perch√© il #covid non uccidesse neppure una persona. dobbiamo fare lo stesso per i vaccini"
0,"user user il 40% di ricoverati √® vaccinato non vuole dire che il 40% di vaccinati √® ricoverato. le due affermazioni sono molto diverse! mi sembra che in tanti stiano equivocando‚Ä¶"
1,"user insomma ho fatto il vaccino e comincia a farmi molto male il braccio quindi ho messo del ghiaccio √® per questo che rispondo ora scusami"
2,"quando pensate che user_italia siano liberali invece scopri che vogliono l' obbligo per i vaccini sperimentali
chiss√† se user si far√† un bel astrazeneca?"
1,"new post: vaccinazioni over80: ecco i documenti da compilare e consegnare a schiranna e rancio valcuvia link"
4,"in pratica non dovete chiedere al vostro sistema immunitario se siete gi√† immunizzati ma dovete seguire le indicazioni di robertino speranza."
1,"astrazeneca e mix vaccini, il cts respinge le accuse: ‚Äúconfusione non √® colpa nostra‚Äù. ora il pressing del governo sulle mascherine link via user"
2,"user_biasi attenzione leggi bene quello che ho scritto non parlo del vaccino ma dei lotti a cui si fa riferimento se casi simili sono successi in diversi paesi europei il problema non √® in un singolo lotto ma in uno degli eccipienti nella formulazione di questo vaccino"
4,"user oggi il titolare di un bar minuscolo dove abitualmente prendo il caff√®,senza mascherina mi diceva che non vedeva l ora che entrasse in vigore il green pass per i bar,esponendomi una teoria strana sul contagio tra vaccinati...abitualmente cambier√≤ bar da ieri"
1,"vaccini lazio, weekend open day astrazeneca over 40: iscrizioni aperte: sabato e domenica 15-16 maggio per i nati dal 1981 link link"
0,"user per√≤ a parte i no vax ci sono altre problematiche. te lo dice un vaccinato, con unica dose di pfizer in quanto guarito 5 mesi prima della vaccinazione. del green pass nemmeno l'ombra. e non c'√® verso di fare la seconda dose. benvenuti nel limbo"
1,"europei e vaccini: s√¨ di italia e belgio, no dell‚Äôinghilterra. caos in spagna, libera scelta per francia e¬†svizzera link"
1,"i #magistrati se ne fottono di anziani e fragili, vogliono i #vaccini per se stessi. una casta pi√π pericolosa di altre."
0,"il vaccino limita i rischi e basta, sta cosa di ""√® inutile che mi faccio il vaccino tanto sono tutti vaccinati "" √® una stronzata"
1,"non una signora che dopo il vaccino se n'√® uscita con ""mah la seconda dose pu fistinu"" cio√® la festa patronale mi piscio addosso"
1,"mentre le #bigpharma registrano guadagni da capogiro, il #wto si incontra per parlare della sospensione dei #brevetti sui #vaccini anti #covid. ecco cosa potrebbe succedere senza un accesso equo ai vaccini
#covax #omc #oms
link"
2,"user eh ma i vaccini sono indispensabili, ci salveranno da questo terribile raffreddore, dopo che tutti avranno avuto almeno 5 dosi"
1,"**covid: cottarelli, ‚Äòpass? perch√® un nuovo documento? basta burocrazia‚Äô**: roma, 18 apr. (adnkronos) - ""servono 2-3 mesi per creare il pass unico per chi √® vaccinato, non ha link"
4,"user #novax col vaccino degli altri?"
1,"vaccini, #armi in regalo a chi si inietta una dose: l'iniziativa del west virginia per convincere i no vax link"
0,"come si chiama quella sensazione di quando vieni a sapere di un conoscente #novax della prima ora finisce in ospedale mentre i suoi parenti vaccinati non hanno neanche un raffreddore? ah s√¨, ""mi ride anche il buco del culo"". #vaccinazioni #covid19"
1,"#vaccini anti #covid19 in italia, aggiornamento del 11/04/2021 ore 11:28
andamento delle somministrazioni per classe di et√†.
#covid_19 #vaccinaitalia #astrazeneca #coronavirus #pfizer #modernavaccine link"
0,"luned√¨ mi vaccino ma come caregiver (avevo prenotato un mese fa), che voi sappiate la seconda dose viene allungata comunque?"
1,"user ci vorrebbe onest√† intellettuale di non limitare alla "" destra "" le pulsioni no vax di questo paese .
erano organici ai 5 stelle 
cunial , bonafede , taverna , barillari , conte .
nn ricordate nulla ?
#lamemoriadelcriceto"
0,"#quellavoltachedraghi trov√≤ un neurone nel cranio di un novax"
4,"user i vaccinati non contagiano nessuno.
ho finito, vostro onore."
1,"voi vi lamentate dei #novax ma al mondo ci sono persone che in tre ordinano una bottiglia di vino da 0.375...

#cuccioli"
0,"per me √® mio fratello che in una discussione abbastanza accesa con mio pap√† no vax, incazzato con me perch√© voglio fare il vaccino, prende le mie difese e si mette a discutere con lui
(il vaccino l'ho prenotato oggi insieme a mia mamma)"
1,"user le persone che rientrano nelle categorie definite fragili in che modo possono accedere al vaccino prima degli altri?nessuno lo dice!"
4,"user_pincopallino ha fatto il vaccino perch√© anarchico"
4,"user user ma gente che da un anno e mezzo nega il covid non √® novax?"
1,"adi: istanza di attivazione procedimento disciplinare per frasi di infermieri contro i no vax | nurse times link"
0,"sto provando a prenotare il vaccino dall'app indovinate se ce la sto facendo link"
3,"user_claudio giusto,piuttosto,se veramente vogliono fare qualcosa,coinvolgano i medici di famiglia in modo da essere piu proattivi contattando le persone fragili che veramente beneficebbero del vaccino e lascino le dosi che vogliono iniettare inutilmente ai giovani ai fragili dei paesi poveri"
2,"""ci stanno somministrando un vaccino ancora in sperimentazione, secondo l'agenzia del farmaco cinese √® potenzialmente pericoloso"" ‚ñ∑ prof. leopardi link"
1,"vaccini napoli, 40 giorni per richiamo pfizer e¬†moderna link"
4,"user pensierino della sera:
in italia ci sono circa 600.000 decessi all'anno su 60.000.000 abitanti. quindi, statisticamente, dei circa 6.000.000 di persone finora vaccinate circa 60.000 non arriveranno vivi al 31 dicembre.

ma di che cavolo stiamo parlando....?"
1,"a quanto pare i #vaccini dopo 7-8 mesi iniziano a perdere efficacia.
il governo intanto sta meditando di ampliare la validit√† del #greenpass da 9 a 12 mesi. link"
1,"libero e il giornale si sono allineati.
la verit√† resta novax. link"
2,"user user_massimo nel mondo sono morti 4.160.000 persone che sono solo lo 0,06% della popolazione mondiale

il vaccino e il green pass non hanno uno scopo davvero sanitario ma politico

vogliono introdurre un regime di sorveglianza e di cittadinanza a punti pi√π severo di quello cinese ‚è∞‚è∞‚è∞"
2,"la ""variante"" delta in inghilterra colpisce i vaccinati 6 volte di pi√π dei non vaccinati. se hai capito l'antifona, indovina chi colpir√† di pi√π ad ottobre la variante ""gamma"" (proveniente stavolta dalla manciuria)? link"
2,"quando la finiranno di dire falsit√†? l'hosempre detto e sostenuto.
1 il vaccino per virus che mutano non serve.
2 il #covid19 si cura benissimo a casa
3 siamo comunque al 70% di vaccinati ma in pratica siamo messi peggio della scorsa estate?liberi tutti! 

link"
4,"user_ hai fatto il vaccino?"
1,"in arrivo i primi 40 mila green pass per i valdostani vaccinati contro il covid link"
4,"""i giornalisti mi chiedono se sono vaccinato. perch√© non chiedono a un omosessuale se √® sieropositivo?""

quando non parla di minibot e di debito garantito dallo stato, se la cava alla grande

#borghi"
1,"ripartite le vaccinazioni astrazeneca in italia. previsti turni straordinari per recuperare i ritardi. ministero della salute: ""serve accelerazione forte"". poche disdette nei centri riaperti link"
3,"user grazie per ci√≤ che ha scritto. verissima la cosa della comunicazione pessima su az e vaccini in genere. io, 53 anni, fatta prima dose di az, tra poco far√≤ la seconda. eppure un po' ho paura."
2,"spiegate una cosa : se esiste un obbligo di #vaccinazione, non pu√≤ richiedersi il consenso informato. cosa accadr√† se il sanitario, alla presenza di pubblico ufficiale, si presenta per farsi #inoculare ma non sottoscrive la #liberatoria ? che dicono gli #avvocati ?"
2,"user user √® esattamente cos√¨. mi piacerebbe poi sapere quanti decessi per coronavirus e quanti invece con coronavirus. ma queste informazioni non le sapremo mai, importante √® negare che il vaccino sia potenzialmente pericoloso."
2,"persino la dottoressa bolgan trova che l'unico modo per uscirne sia la disobbedienza civile. i vaccini sono l'opposto di quello che vogliono farci credere.
link"
1,"covid, uno studio conferma: l‚Äôefficacia del vaccino mrna cala in 6 mesi link #saluteinforma #salute link"
2,"il vaccinato infetta. e adesso come la mettiamo?"" link 10"
2,"user user user user guarda che √® pieno di fully vaxxed che si beccano il covid lo stesso. se poi ci aggiungi gli effetti avversi...vedremo da ottobre contro le varianti, quale sar√† la reale efficacia. in gb stanno gi√† aumentando i casi e hanno un numero di vaccinati altissimo."
2,"quarta dose obbligatoria?
non scherziamo."
1,"green pass, ricciardi: ‚Äúsolo per vaccinati e guariti, tampone non pu√≤ bastare‚Äù link link"
3,"rimane il problema di spiegare che la vaccinazione a rischio zero non esiste. lo dice la stessa ema quando parla di ""benefici maggiori dei rischi"". i rischi di effetti collaterali non sono esclusi. come in qualsiasi situazione. bisogna far passare assolutamente questo messaggio."
2,"user per√≤ ci danno un‚Äôarma. unitevi pi√π che mai voi medici e rifiutate il vaccino. vedremo se vi sospenderanno. i psicologicamente compromessi da covid andranno all‚Äôestero a curarsi."
0,"le farmacie veronesi sono tra le pi√π virtuose a livello regionale per numero di inoculazioni effettuate: 3637 le dosi somministrate dall'inizio della campagna. vecchioni: ¬´soddisfatti dell'apprezzamento da parte della popolazione¬ª.

leggi sul sito: link"
1,"user c‚Äô√® stata molta politicizzazione in questa epidemia. il vaccino √® diventato merce di scambio di voti, ed √® stato sacrificato il diritto alla salute dei pi√π fragili. questo √® molto triste."
0,"user user user il lockdown inglese non √® stato ""pi√π duro e pi√π lungo"". le loro norme erano molto pi√π sopportabili delle nostre (vedasi immagine) e le chiusure delle scuole sono state molto pi√π limitate. per√≤ hanno vaccinato presto e bene. link"
0,"razza di mongoloide ‚Ä¶ discriminazione?! 
un vaccino accessibile a chiunque gratuitamente ‚Ä¶ vai a cagare"
4,"zaia: ¬´le sospensioni dei sanitari che non si sono ancora vaccinati sono state congelate perch√© manca personale per sostituirli¬ª

chi l'avrebbe mai potuto immaginare!? üôÑ
#greenpass psichiatrico e titolo di studio a punti, cos√¨ rilanciamo societ√† e mondo del lavoro.

#24luglio"
0,"user ancora ad oggi i miei cari non sono stati ne vaccinati ne chiamati da nessuno mia mamma di 92 anni e mio zio infermo di 89 la stampa tace e la toscana tace una vergogna infinita ( siamo di firenze) il #governodeipeggiori"
2,"user user gratuito o cazz ,lo paghiamo anche sulla assicurazione rca. e poi a tutti i vaccinati che ribeccano  il virus ......gli facciamo pagare anche il costo del flaconcino di merda che si iniettano?"
4,"user___house anche io ho fatto questo. perch√© di questo vaccino non se ne sente parlare?"
2,"user chiss√† perch√® omettono sempre il fatto che c'√® stata una vaccinazione poco prima del decesso..""nessuna correlazione ""
per√≤ se muori in un incidente stradale e sei risultato positivo(falso probabilmente, visto che fanno pi√π di 20 cicli di pcr) ,diventi magicamente un morto covid."
2,"i dati che preoccupano l‚Äôinventore del vaccino mrna (imprtanti e vietati ai virologi da tv) link #news #feedly"
2,"io non deploro chi si inocula il siero, se poi muoiono comunque di covid o di nessuna correlazione mi dispiace per loro.
#sottilidifferenze"
4,"user saranno gli ultimi. per ora si sono vaccinati."
1,"biontech e pfizer hanno sviluppato un vaccino per la variante delta e vogliono verificarne l'efficacia. le aziende chiederanno l'autorizzazione alla food and drug administration statunitense per una terza dose di richiamo, ma per l'fda due inoculazioni sono sufficienti."
2,"user user user user io non  ho mai parlato di sieri e non √® il termine che conferisce o meno la funzionalit√†. sto dicendo altro, ovvero che i vaccini sono tutti sperimentali per cui non si conoscono gli effetti a medio e lungo termine, mentre a breve vediamo decessi e ricoveri eccessivi..."
1,"ü§°l‚Äôuniversit√† che tramite email rimanda la somministrazione del vaccino a data da stabilire il giorno prima, letteralmente 10minuti prima del mio arrivo (sono fuorisede), dopo 2h di treno e 9,60‚Ç¨ di biglietto di sola andata ü§°"
2,"user brava barbara, a me hanno comunicato via sms che potevo prenotarmi per  vaccinarmi essendo secondo loro un soggetto fragile‚Ä¶.sono stato educato‚Ä¶.ma il mio vaccino lo lascio a speranza‚Ä¶."
0,"il presidente mattarella √® intervenuto alla convention annuale di comunione e liberazione. si √® espresso in modo netto sui vaccini, ricordando anche le parole di papa francesco. 
#covid19 #vaccini
link"
2,"medico: ‚Äúastrazeneca causa coaguli di sangue‚Äù. norvegia non riprende¬†vaccinazione link"
0,"user inoltre a fronte degli anziani over 80 e dai 70 ai 79 anni che √® la fascia meno vaccinata e qui bisogna correre davvero bisogna fare una vaccinazione parallela con farmacisti cliniche privati per la popolazione pi√π giovane dai 18 anni in su che √® fondamentale vaccjnare"
2,"link
la proteina spike entra in circolo nel sangue e forti percentuali sono state riscontrate nella milza, nel cuore e nelle ovaie di coloro che si sono sottoposti al vaccino. un gruppo campione di 13 sanitari. 11/13!"
2,"user finitela di fare disinformazione!
in ospedale oltre al #greenpass richiedono tampone negativo per assistenza post-parto‚Ä¶
quind il vs. #greenpass e le vs. vaccinazioni non servono ad un cazzo!"
1,"canavese - a che punto siamo con i vaccini anti covid nella nostra zona? i numeri dell'asl to4 e le prossime date da segnare sul calendario
  link"
0,"user user_panta cosa del mio discorso ti ha fatto evincere che bisogna fare dei lager?
cerchi di rendere inutile il mio discorso estremizzandolo all inverosimile?
io sono vaccinato e sto bene, mio padre,  madre, nonna, zii e cugini, amici vaccinati e stanno tutti bene.

non potete vaccinarvi?"
2,"l'#autopsia su francesca tuscano, l'#insegnante di 32 anni deceduta il giorno di #pasqua, ha confermato la #morte per un quadro ""#trombotico ed emorragico cerebrale"". alla giovane era stato inoculato il #vaccino #astrazeneca il 22 marzo. al momento non sarebbero emerse anomalie. link"
2,"docente in gravi condizioni al policlinico, le era stato somministrato astrazeneca: scatta la segnalazione all'aifa
link"
2,"user avvisiamo la signora merkel che la parola ""immunizzato"" per chi si √® vaccinato, non si pu√≤ pi√π usare.covid, contagiati in 20 su 360 sulla nave scuola amerigo vespucci, la marina militare:¬†¬´sono tutti vaccinati¬ª¬† link"
0,"user user anche, certo. eppure mi pare che anche nel nostro ricco, ospedalizzante, ben nutrito, vitaminizzato paese senza i vaccini non √® che stavamo messi bene."
2,"a #controcorrente #fedriga nega che il vaccino crei le nuove varianti.
poi ""io sono favorevole alle scelte del governo fino ad oggi compreso il #greenpass "".

il centrodestra che dovremmo votare."
4,"hanno visto un maresciallo con una forma di vaccini sotto braccio."
4,"questa finisce a mangiare pure il pesce oltre ad essersi fatta pure tutti i vaccini #dissisola"
3,"user ammettiamo che li stiano proteggendo per esami e il nuovo anno. ma resta il punto che i ragazzi potranno tornare a casa senza grossi sintomi ma contagiosi per la famiglia. quindi vaccinare gli insegnanti non risolve il problema. ammesso che poi il vaccino blocchi il contagio. 1/"
2,"üáÆüáπ
#coronavirus
#vaccinazione

troppi dubbi‚ÄºÔ∏è

intanto grazie ai ricatti la sperimentazione continua
e in autunno
avremo i risultati"
1,"user la roba del contact tracing va avanti da mesi. √® una vergogna ma adesso la colpa ce l'ha pure il governo. non puoi aprire tutto e poi imporre quarantena per i vaccinati. √® un controsenso"
2,"l'#europa (450 milioni di abitanti( prenota 1.8 miliardi di vaccini...mettiamoci l'animo in pace, ce ne toccano 4 a testa per i prossimi anni!"
2,"ecco la prima denuncia contro la rai per la disinformazione su vaccini e cure domiciliari"" link 8"
0,"l'idea per il futuro di creare un vaccino che possa proteggere contemporaneamente da pi√π coronavirus e pi√π varianti del sars-cov-2. lo studio, in una fase molto iniziale e su animali, ha mostrato primi risultati favorevoli. link"
1,"user_2022 ho aprezzato della conferenza stampa di #draghi mes: ‚Äúcon questi tassi di interesse non √® detto che convenga e poi serve per la sanit√†, oggi √® inutile‚Äù. ‚Äúsui vaccini se l‚Äôeuropa far√†, bene, altrimenti si va da soli."
4,"ahim√®, la nostra cattiva figura.
bari padiglioni della fiera del levante #propagadalive
#vaccini"
2,"user user ma se hanno detto (gliscienziati) che i vaccinati infettano ugualmente.... che si vaccinano a fare?"
1,"covid. al via due studi dell‚Äôiss per il monitoraggio immunologico post vaccinazione in¬†italia link"
3,"dico la verit√†: sono sempre stata pro vaccinazione ma ora che si sta avvicinando il mio turno e che continuo a leggere tutti i problemi seri a giovani donne (un'altra ragazza √® morta!) mi sto letteralmente, scusate il francesismo, cagando sotto.

#astrazeneca #vaccinoanticovid"
1,"user basta guardare i dati uk la delta non √® per nulla la pi√π letale,alpha e beta la surclassano,la beta ha solo percentuale decessi maggiore nel campione tra i vaccinati,ma nel computo generale tra letalit√† pi√π bassa.ü§¶"
1,"user ma guarda..io mi fido ciecamente dell'operato dell'esercito, difatti ho scritto che approvo la nomina militare per i vaccini. non amo i militari significa che non amo la vita militare..e non credo sia un offesa"
0,"tra di noi ci sono moltissimi concittadini che sono nati in altri paesi e hanno bisogno di aiuto per prenotare il #vaccino. molti non chiedono per pudore. solo oggi ne ho prenotati tre per persone che conoscevo. talvolta la cosa pi√π scontata per noi non lo √® per gli altri."
0,"seguivo un noto personaggio della community trash italiana ma ho visto pubblicate un sacco di cazzate e speculazioni sui vaccini da questa persona, quindi l‚Äôunfollow √® stato automatico e senza alcuna piet√†"
0,"fra le simpatiche terapie domiciliari che ultimamente vantano i no-vax spicca l'uso dell'ivermectina un antiparassitario per cavalli e vacche. se posso permettermi, vi consiglio frontline, cosi terrete lontani oltre al covid-19 anche pulci, zecche e pidocchi masticatori. üò¨üòâ link"
0,"user √® impossibile prenotarsi, dopo un giorno intero di tentativi ho rinunciato, a questo punto uno che vorrebbe il vaccino cosa deve fare? ci fosse almeno a pagamento."
4,"ora che l'ha detto barbarella siamo sicuri che i vaccini arriveranno #livenoneladurso"
0,"user spero che facciate i complimenti anche alla regione lazio dato che ha gestito le vaccinazioni meglio di tutti .... diciamo un bravo a zingaretti"
1,"ultim‚Äôora/ bertolaso promette: ‚Äúentro l‚Äô11 aprile tutti gli over 80 lombardi vaccinati‚Äù | sesto notizie link"
0,"user #de luca si √® vaccinato per vincere i timori delle persone. lo ha fatto sotto i riflettori. se voleva fare il furbo lo avrebbe fatto di nascosto. se fosse stato in lombardia, i lombardi e tutti noi non avremmo assistito a questo schifo di amministratori incapaci ed inetti."
1,"user user_it user user gentile sig. #calenda, spiace vedere che pur di farsi pubblicit√† lei sia disposto a scendere a cos√¨ bassi livelli. non pu√≤ non capire che la frase ""il vaccino rende liberi"" √® davvero infelice. protesti contro coloro che la utilizzano, non contro chi ne fa notare l'inadeguatezza."
2,"‚Äúi vaccini vanno ritirati! abbiamo scoperto che mancano presupposti per metterli in commercio‚Äù ‚ñ∑ avv. holzeisen link via user"
0,"user caro don, i vaccini servono tantissimo, proteggono indirettamente anche gli altri limitando la diffusione del virus. e meno circola meno muta. don un peccato contro la ragione √® un peccato grave! lo dico da medico cattolico."
1,"0,5% vaccinati media per tutta l'africa, 15-20% media europa dell'est. perche' temete l'immigrazione? moriranno tutti, no?"
0,"user io mi sono vaccinato 2 volte, per proteggere mia moglie che ha malattia autoimmune e non pu√≤ vaccinarsi.
poi vedremo a ottobre..."
4,"ma sugli alieni sar√† efficace il vaccino üò∞üò∞??"
2,"user e se questi vaccini non fossero sufficienti in futuro (viste le varianti) ??? ci aggiungiamo ulteriori altri vaccini ??
ma per piacereeeeee..........!!"
0,"¬´sono un ragazzo vaccinato¬ª, jovanotti gioisce su facebook link"
2,"il vaccino lo farei a loro! veramente √® non per finta! üëéüëéüëé"
1,"coronavirus, a matera continuano le vaccinazioni senza prenotazione link"
2,"user user questo lo potremo dire con sicurezza in autunno,nessuno in questo momento mi sta garantendo che il vaccino funziona,i dati dell'anno scorso in questo periodo non sono tanto diversi"
2,"studio scientifico vaccini covid-19
.. forte risposta immunitaria infiammatoria, compresi polmoni e fegato ..
.
.. affaticamento, mal di testa, brividi, dolori muscolari, febbre e dolori articolari ..
.
.. intense reazioni infiammatorie e trombotiche ..
link"
1,"ma i vip/politici lo sanno che possono fare il vaccino anche senza darci la prova con i selfie? viviamo benissimo anche senza."
4,"user i novax. si ha ragione."
2,"user_cersei i tre grandi paesi in forte crisi  di leadership politica,  usa, italia e francia , sono quelli con feroce controllo e persistente allarme sanitario. valido strumento  paradigmatico , vaccino  o pass, per limitare e condizionare le libert√† dei cittadini ed inibire cambi di rotta."
1,"üëâ per raggiungere la vaccinazione globale da #covid19 √® stata sollecitata la deroga alle norme sulla propriet√† intellettuale previste dell‚Äôaccordo di marrakesh
#wolterskluweritalia #coronavirus #vaccini 
link"
0,"user_ciau user articolo fuorviante. il vaccino funziona riducendo la probabilit√° di contagio e le forme pi√∫ gravi della malattia anche dopo la prima dose, infatti i nuovi contagi in gb sono per lo pi√π presso i giovani, che sono la parte di popolazione meno vaccinata
link link"
2,"@_cieloitalia user ma magari lo ha detto per evitare di essere bollato come novax. ci stava il paladino che era pronto a sbavare."
4,"a dichiarato che il vaccino astrazeneca e efficace gi√† dalla prima dose , allora tutti quelli vaccinati con astrazeneca potete tornare alla normalit√† . link"
2,"brescia, morto di trombosi dopo il vaccino, indagine per omicidio colposo link"
4,"user user non solo gli usa. avevo visto un articolo sulla logistica dei vaccini. l'mrna prodotto in usa, i lipidi per contenerlo mi pare in eu, l'infialamento da un'altra parte ancora..."
0,"pensiero per chi si lamenta della cessione di vaccini agli ""stati poveri"": in un pianeta globalizzato la strategia di vaccinazione deve essere strategica. la circolazione di persone √® continua e inarrestabile. l'immunizzazione deve essere globale. il buon cuore non c'entra nulla."
2,"vaccini covid, morte sospetta di un docente: il piemonte sospende astrazeneca #calabrianotizie #newscalabria link"
1,"l' #europa si √® dimostrata un fallimento anche per  l' approvvigionamento del #vaccino   #coffeebreakla7"
0,"vaccini, von der leyen: 'almeno 3 mesi per il passaporto ue' 

""vogliamo un passaporto verde a livello ue col quale si possa viaggiare liberamente, per affari e per andare in vacanza, oltre a godere finalmente di eventi culturali, e altro""

link"
1,"vaccini: da luned√¨ le prenotazioni dei cinquantenni. 85mila dosi al giorno ‚Äì ballabio news ‚Äì quotidiano online di ballabio, morterone e piani dei resinelli link"
1,"angela da mondello si √® vaccinata! cos√¨ finiscono i miti!"
4,"user user vero, ma hanno chiuso dentro le persone con il saldatore. hanno fatto il tracciamento su ogni contagiato, altro che garante della privacy e sui vaccini vanno piano perch√© il loro fa schifo al cazzo e non vogliono fare figure di merda con l‚Äôoccidente."
2,"hanno fatto questo video perch√© la nazionale italiana ha vinto e la campagna di vaccinazione sta andando male.link"
0,"oh sentite io mi sono truccata figa, magari rimorchio qualche militare al vaccino"
4,"user_it vaccino per i preti"
0,"user_s 7/1.000 + 1/10.000.000 = 7,0001/1.000 = 0,70001/100.

cio√®, se, e sottolineo se, fosse vero che i vaccini provocano 1 morto ogni 10 milioni di vaccinati (sono +o- questi sospetti, giusto?), la tua probabilit√† di morire aumenterebbe dello 0,00001%. pi√π facile che trombi brad pitt."
3,"user user user li avr√† fatti i vaccini ? pare ci siano parecchi effetti indesiderati , speriamo bene"
1,"imprenditore della provincia di #perugia si sarebbe vaccinato fingendosi un dipendente scolastico, ma √® stato scoperto e deferito alla procura della repubblica insieme alla moglie, accusata di essere stata sua complice."
1,"ravenna, focolaio nella casa di riposo. il coordinatore della rsa: ¬´il 42% dei nostri operatori ha rifiutato il #vaccino. non ci saranno spostamenti o demansionamenti: questo personale √® necessario¬ª user"
2,"brutti ignoranti buzzurri, la cura √® una sola(o s√≥la) il vaccino, anche se non funziona."
2,"dopo la votazione di ieri si √® avviata la strada verso il nuovo processo di norimberga
nessun pu√≤ obbligare a vaccinarsi con vaccini ancora in fase condizionata c'√® scritto chiaramente nella sentenza e costituisce un reato gravissimo
#norimberga2"
0,"user_grim 1. per alcune categorie di lavoratori il vaccino (antitetanico) √® gi√† obbligatorio. 2. il datore di lavoro √® responsabile della salute dei lavoratori e rischia di andare sotto processo se qualche lavoratore si prende il #covid sul luogo di lavoro. continua"
1,"user_pallina user i vaccini non ti impediscono di contrarre il virus, impediscono teoricamente di avere effetti avversi ad esso."
0,"il discorso non √® ""chi non chiude √® bravo"", perch√© se c'√® necessit√† si chiude. il discorso dovrebbe essere ""se decido di chiudere devo avere un piano a lungo termine (vaccini, riorganizzazione servizi, ristori..) altrimenti si sta solo prendendo tempo"
0,"user user_vanpelt a breve sarete tutti sistemati con il vaccino obbligatorio."
4,"tieni il tempo #vaccini link"
1,"questo non si ferma. vaccini: de luca, se necessario rinvieremo inizio scuola - campania - link link"
0,"vaccino, contagi crollati e zero morti tra gli under 60: ridotto anche il numer... link link"
0,"user prenotato il 17 maggio e vaccino il 20 giugno e fuori dal comune nonostante abbiano aperto un centro vaccinale prima della prenotazione..."
1,"i 2 decessi registrati oggi si riferiscono a

‚Ä¢ 2 donne di 80 e 83 anni

erano residenti a scandiano e vetto d'enza

üíâieri sono state vaccinate 1.141 persone, oggi ne erano programmate 750"
2,"per la nazionale di calcio, suonano la trombetta e si imbestialiscono se non vince. per la loro vita e quella dei loro figli massacrata da vaccini sperimentali e mascherine, no. la punizione √® pi√π che meritata."
2,"user_lavit user infatti sono terapie sperimentali (chiamate vaccini) non obbligatorie (ma se non ci si sottopone alle quali si √® molestati dallo stato fino a non aver vita degna) che permettono il
contagio (e forse la moltiplicazione di varianti), per√≤ chiamano ‚Äúimmunizzati‚Äù chi vi si sottopone!"
0,"user user_ casa di riposo di mia madre: il primo piano √® in quarantena perch√® un oss non si √® vaccinato e ha contratto il covid.
mia cugina, che opera nel settore, mi ha detto che circa il 40% dei sanitari non √® vaccinato.."
4,"in effetti da quando ho fatto il #vaccino anti #covid vado due volte al giorno al bagno e tutto senza che mi venga chiesto il #greenpass!!

#non√©giusto üòú"
1,"vaccini a pasquetta quasi 148 mila vaccinazioni. il 20% delle dosi ancora nei frigoriferi delle regioni - #vaccini #pasquetta #quasi link link"
1,"user tanto pure se tutti i fedelissimi del cav. si schierano ciecamente a favore dei vaccini non ci riescono a fare eleggere berlusconi presidente della repubblica. si illudono mentre vendono l'ultima fetta di culo di chi lo aveva votato"
0,"e difficile far capire loro quello che succede, solo con dei ricoverati novax pubblicare le loro foto. e forse capiranno anche sono manovrare da qualcuno di certo. 
e bravi 'no-pass': urlano che vogliono la libe√† e ci fanno rischiare nuove chiusure link"
2,"user user_claudio prima, ogni morto, anche 100enne, oddio, morto per covid!! adesso, vaccinato che muore di covid, eeeh...ma cosa vuoi che sia, era vecchio, aveva patologie pregresse! 
mammamia che ipocrisia!!"
2,"user user_0 la germania ordina e il mondo obbedisce...e non sto giustificando questa vaccinazione che non √® altro che una randomizzazione forzata...ma dobbiamo smetterla di essere allocchi in ogni contesto!"
2,"secondo i dati ufficiali, negli ultimi tre mesi sono morte pi√π persone a causa dei vaccini che nell'ultimo decennio
alvaro colombres garmendia | thebl 03/31/21, 13:54 link"
2,"basta dittatura‚ùóÔ∏è, [24 lug 2021 alle 21:52]
covid, codacons 
chiede oggi ufficialmente la radiazione dall'albo per roberto burioni, che in un post ha definito ‚Äòsorci‚Äô coloro che non si sottopongono al vaccino augurando agli stessi gli ‚Äòarresti domiciliari  link link"
1,"2 vaccini, gb sperimenta immunizzazione"
1,"#covid19 #coronavirus
dati in #toscana #9giugno
‚ñ™Ô∏è 127 nuovi casi
‚ñ™Ô∏è 15.898 tamponi eseguiti
‚ñ™Ô∏è 341 ricoverati (-33 da ieri)
‚ñ™Ô∏è 80 in terapia intensiva (-4 da ieri)
‚ñ™Ô∏è 9 decessi (6.784 totali)
‚ñ™Ô∏è 230.765 guarigioni (+425 da ieri)
‚ñ™Ô∏è 2.390.805 vaccinazioni
link link"
0,"mi hanno convocata per il vaccino e so felice"
1,"su circa 10,7 milioni di prime dosi del vaccino #pfizer 9,7 milioni di dosi del vaccino #astrazenaca e circa 0,8 milioni di seconde dosi di vaccino pfizer.
quindi, i dati di tali effetti collaterali di astrazeneca non si discostano molto da quelli di pfizer."
1,"link ministero della salute, rezza: ""immunit√† di gregge quando avremo vaccinato il 67% della popolazione"""
0,"via libera dell‚Äôema, il vaccino astrazeneca √® sicuro ed¬†efficace link"
0,"un giorno qualcuno disse: nessuno si salva da solo. quindi, se qualcuno che √® in procinto di farsi il vaccino #astrazeneka avesse intenzione di rifiutarsi, mi contatti pure, sarei ben lieto di prendere io il suo posto #vaccini"
