1,"le manifestazioni antivax e il green pass link"
2,"prima di covid, qualcuno ha chiesto se le infermiere erano vaccinate contro l'influenza?
no, pensavo di no.
eppure l'influenza √® mortale per certi gruppi di persone. l'#ipocrisia √® reale &amp; √® fastidiosa.
gli amanti delle maschere hanno mostrato i loro veri colori. sono dei ...üëá"
1,"su circa 10,7 milioni di prime dosi del vaccino #pfizer 9,7 milioni di dosi del vaccino #astrazenaca e circa 0,8 milioni di seconde dosi di vaccino pfizer.
quindi, i dati di tali effetti collaterali di astrazeneca non si discostano molto da quelli di pfizer."
0,"speranza: ‚Äúentro l‚Äôestate tutti gli italiani vaccinati, questo √® l‚Äôobiettivo‚Äù | video link via user"
0,"mario draghi: chi rifiuta il vaccino sostenga i costi della propria ospedalizzazione! - firma la petizione! link via user"
0,"user user_panta cosa del mio discorso ti ha fatto evincere che bisogna fare dei lager?
cerchi di rendere inutile il mio discorso estremizzandolo all inverosimile?
io sono vaccinato e sto bene, mio padre,  madre, nonna, zii e cugini, amici vaccinati e stanno tutti bene.

non potete vaccinarvi?"
1,"manifestazione dei ""no green pass"" a milano: circa mille persone sfilano per le vie del centro al grido di ""non sono vaccini, ma sieri assassini"" - il fatto quotidiano link"
1,"auguro vacanze all'insegna della dissenteria per tutti quelli che si son vaccinati scavalcando anziani, immunodepressi e malati cronici."
1,"chiedete a #vaia del vaccino #reithera #spallanzani #domenicain. confidiamo in #giovannabotteri"
2,"ecco la prima denuncia contro la rai per la disinformazione su vaccini e cure domiciliari"" link 8"
2,"prato muore durante la tac. aveva fatto vaccino due giorni prima disposta l‚Äôautopsia - #prato #muore #durante #aveva #fatto link"
2,"user noi gente normale, definiti ignoranti, gi√† da tempo dicevamo che se sospendevano i medici no vax, sarebbero stati in difficolt√† perch√© non sostituibili."
2,"user eh ma i vaccini sono indispensabili, ci salveranno da questo terribile raffreddore, dopo che tutti avranno avuto almeno 5 dosi"
2,"user user un passaporto per vaccini che hanno ottenuto solamente l'emergency use authorization, ovvero non ancora validati da fda, etc? se cosi fosse continuero' con il delivery, l'ecommerce e gli esercizi al parco o a casa. buona fortuna a tutti. link"
1,"questo non si ferma. vaccini: de luca, se necessario rinvieremo inizio scuola - campania - link link"
0,"user inoltre a fronte degli anziani over 80 e dai 70 ai 79 anni che √® la fascia meno vaccinata e qui bisogna correre davvero bisogna fare una vaccinazione parallela con farmacisti cliniche privati per la popolazione pi√π giovane dai 18 anni in su che √® fondamentale vaccjnare"
0,"user user ho citato tutte trasmissioni passate che diffondevano falsit√†.
per me √® grave per lei no.
hanno diffuso le fake sui vaccini. per me √® di una gravit√† inaudita. enorme.
per lei no.
libere opinioni per carit√†...ma parlare di trasmissione attendibile no eh. 
link"
2,"cosa succeder√†? i dati #covid miglioreranno ancora e beccamorto user frener√†, incatenando e chiudendo il paese con l‚Äôavallo di user_chigi che la mena con i #vaccini. a quel punto user reagir√†? di sicuro il popolo insorger√† furiosamente. #dittaturasanitaria"
2,"user user user user guarda che √® pieno di fully vaxxed che si beccano il covid lo stesso. se poi ci aggiungi gli effetti avversi...vedremo da ottobre contro le varianti, quale sar√† la reale efficacia. in gb stanno gi√† aumentando i casi e hanno un numero di vaccinati altissimo."
1,"ravenna, focolaio nella casa di riposo. il coordinatore della rsa: ¬´il 42% dei nostri operatori ha rifiutato il #vaccino. non ci saranno spostamenti o demansionamenti: questo personale √® necessario¬ª user"
2,"user lo avevo previsto. i vaccini saranno ritardati perch√© √® un modo cinico per sfoltire le societ√† dai vecchi pensionati. un gigantesco risparmio per le casse di tutti gli stati e un guadagno immenso per le maledette multinazionali farmaceutiche."
2,"user libro ""bambini super vaccinati"" capitolo virus a/h1n1. libro di una decina di anni fa. c'√® gi√† quasi tutto dentro, tutto quello che sta capitando. il pediatra esercita ancora privatamente. siamo in mano a dei lucidi criminali."
0,"sto pensando ai vaccini! link"
1,"in arrivo i primi 40 mila green pass per i valdostani vaccinati contro il covid link"
0,"se un sanitario non si vaccina sta commettendo un reato? forse. ce lo spiega user"
2,"‚Äúi vaccini vanno ritirati! abbiamo scoperto che mancano presupposti per metterli in commercio‚Äù ‚ñ∑ avv. holzeisen link via user"
1,"#covid19 #coronavirus
dati in #toscana #9giugno
‚ñ™Ô∏è 127 nuovi casi
‚ñ™Ô∏è 15.898 tamponi eseguiti
‚ñ™Ô∏è 341 ricoverati (-33 da ieri)
‚ñ™Ô∏è 80 in terapia intensiva (-4 da ieri)
‚ñ™Ô∏è 9 decessi (6.784 totali)
‚ñ™Ô∏è 230.765 guarigioni (+425 da ieri)
‚ñ™Ô∏è 2.390.805 vaccinazioni
link link"
0,"user chi sceglie di non vaccinarsi √® come quello che non rispetta il divieto di sosta e di fermata nei giorni di mercato. chi si √® vaccinato ha pagato il suolo pubblico e si √® iscritto alla camera di commercio, e loro ne approfittano a sbafo."
1,"user basta guardare i dati uk la delta non √® per nulla la pi√π letale,alpha e beta la surclassano,la beta ha solo percentuale decessi maggiore nel campione tra i vaccinati,ma nel computo generale tra letalit√† pi√π bassa.ü§¶"
0,"per me √® mio fratello che in una discussione abbastanza accesa con mio pap√† no vax, incazzato con me perch√© voglio fare il vaccino, prende le mie difese e si mette a discutere con lui
(il vaccino l'ho prenotato oggi insieme a mia mamma)"
0,"user spero che facciate i complimenti anche alla regione lazio dato che ha gestito le vaccinazioni meglio di tutti .... diciamo un bravo a zingaretti"
0,"covid, persi oltre 9mila posti di lavoro in abruzzo: ‚Äúavanti spediti con campagna vaccini‚Äù link #abruzzo"
0,"la variante pi√π pericolosa √® quella  no-vax: si attacca al cervello  #covid link"
1,"user regione marche: liste  per caregiver ad oggi, per i comuni disabili gravi, ancora non aperte, stando al sito della regione, ma  i furbetti del vaccino (es. un avvocato),  sono stati vaccinati nei giorni scorsi pronunciando semplicemente la parola ‚Äúcaregiver‚Äù."
2,"user hanno vaccinato le pecore purtroppo per loro sono rimasti i lupi"
2,"user user_lz user user user_claudio user_marco bhe devo dire che questa ‚Äúcorrezione di fake news‚Äù fa molto ridere.

il vaccino immunizza solo per poche settimane? no, in realt√† solo per pochi mesi.
sai che differenza üôÑ"
0,"sii utile a te stesso e agli altri vatti a vaccinare.
#vaccinatevi
l'alternativa non c'√®"
0,"i dati della nuova #campagnavaccinale testimoniano il cambio di passo: in un mese, da 60mila somministrazioni giornaliere a oltre 250mila e abbiamo ampliato platea vaccinatori e punti vaccinali (+30% in un mese). ne ho parlato ieri su user
link"
2,"i dati che preoccupano l‚Äôinventore del vaccino mrna (imprtanti e vietati ai virologi da tv) link #news #feedly"
2,"la ""variante"" delta in inghilterra colpisce i vaccinati 6 volte di pi√π dei non vaccinati. se hai capito l'antifona, indovina chi colpir√† di pi√π ad ottobre la variante ""gamma"" (proveniente stavolta dalla manciuria)? link"
0,"user user_ spiegazione:
classe di et√† &gt;50
 vaccinati 95% 
non vaccinati 5% : il rapporto √® 19:1
tabella: morti:
vaccinati  279
non vaccinati 131: il rapporto √® 2.2:1. 
quindi il vaccino ha protetto gli over 50,anche se il  numero dei loro morti √® superiore a quello dei non vaccinati."
1,"‚Äúa palermo c‚Äô√® una evidente escalation dei contagi, in particolare per la diffusione delle varianti, pi√π aggressive. abbiamo i primi casi di virus in soggetti gi√† vaccinati."""
1,"user ma guarda..io mi fido ciecamente dell'operato dell'esercito, difatti ho scritto che approvo la nomina militare per i vaccini. non amo i militari significa che non amo la vita militare..e non credo sia un offesa"
1,"marsala: rissa per i vaccini covid clicca per leggere link"
0,"come si chiama quella sensazione di quando vieni a sapere di un conoscente #novax della prima ora finisce in ospedale mentre i suoi parenti vaccinati non hanno neanche un raffreddore? ah s√¨, ""mi ride anche il buco del culo"". #vaccinazioni #covid19"
0,"vaccinato questa mattina 08 00  prima dose con  pftruser  puffazer..... pitzifur  pizziffer   vabbe' so vaccinato üòÇüòÇüòÇüòÇ  #pfizervaccine"
2,"covid, la pediatra angelina farella: ‚Äúpensare di sottoporre i bambini a questo tipo di vaccini √® un crimine‚Äù: link"
1,"vaccini: ruffo (sissa), ancora in attesa comunicazione asugi. universit√† trieste e udine gi√† informati, cominceranno gioved√¨ #ansa link"
1,"vaccini: da luned√¨ le prenotazioni dei cinquantenni. 85mila dosi al giorno ‚Äì ballabio news ‚Äì quotidiano online di ballabio, morterone e piani dei resinelli link"
2,"""evidenzia una grande quantit√† di #asintomatici""
quindi, se il #vaccino eviterebbe il manifestarsi di sintomi gravi, a che cazzo serve davvero se ci son tutti sti asintomatici?
c-r-i-m-i-n-a-l-i negazionisti della libert√† si sapeva,ora si sa neanche avvezzi alla logica
#tagadala7"
2,"user √® legittimo essere contro il vaccino. non buttare fumo negli occhi."
0,"user_patrizia una mia ex vicina di casa, gravemente obesa e diabetica, nonostante avesse la priorit√† del vaccino, non l'ha voluto fare. √® in terapia intensiva in condizioni disperate. ma come si fa...."
0,"l'idea per il futuro di creare un vaccino che possa proteggere contemporaneamente da pi√π coronavirus e pi√π varianti del sars-cov-2. lo studio, in una fase molto iniziale e su animali, ha mostrato primi risultati favorevoli. link"
0,"impoante risoluzione del consiglio d‚Äôeuropa : vaccini per tutti senza discriminazioni di ogni genere link"
2,"user user √® esattamente cos√¨. mi piacerebbe poi sapere quanti decessi per coronavirus e quanti invece con coronavirus. ma queste informazioni non le sapremo mai, importante √® negare che il vaccino sia potenzialmente pericoloso."
2,"spiegate una cosa : se esiste un obbligo di #vaccinazione, non pu√≤ richiedersi il consenso informato. cosa accadr√† se il sanitario, alla presenza di pubblico ufficiale, si presenta per farsi #inoculare ma non sottoscrive la #liberatoria ? che dicono gli #avvocati ?"
1,"#vaccini domani, 5 maggio, sul portale della regione #toscana aprono le agende per prenotare il johnson&amp;johnson per chi ha pi√π di 65 anni
link user"
2,"dott. de mari : spiega cosa fare se si attacca la calamita nel braccio dopo il vaccino link"
1,"vaccini lazio, al via 'open week' astrazeneca per maggiorenni - adnkronos link"
1,"green pass, ricciardi: ‚Äúsolo per vaccinati e guariti, tampone non pu√≤ bastare‚Äù link link"
1,"vaccini in sardegna, ieri oltre 13 mila somministrazioni e 60 mila prenotazioni link"
1,"user_s in austria bloccano abv5300 del vaccino #astrazeneca link"
0,"user n√© il vaccino pfizer n√© quello moderna vengono prodotti usando linee cellulari di conseguenza √® impossibile che contengano cellule di feti.
altri vaccini necessitano di linee cellulari per la produzione (mrc-5, wi-38 e hek393 originarie degli anni 60/70), ma non ne contengono."
1,"fauci, stiamo lavorando a vaccino anti-covid in pillole link"
1,"user una domanda, come mai il contatore delle vaccinazioni riporta una cifra di circa un milione di somministrazioni prime dosi in pi√π rispetto alle statistiche ufficiali?"
2,"docente in gravi condizioni al policlinico, le era stato somministrato astrazeneca: scatta la segnalazione all'aifa
link"
1,"user c‚Äô√® stata molta politicizzazione in questa epidemia. il vaccino √® diventato merce di scambio di voti, ed √® stato sacrificato il diritto alla salute dei pi√π fragili. questo √® molto triste."
2,"user finitela di fare disinformazione!
in ospedale oltre al #greenpass richiedono tampone negativo per assistenza post-parto‚Ä¶
quind il vs. #greenpass e le vs. vaccinazioni non servono ad un cazzo!"
2,"india 
uomo muore appena dopo aver ricevuto la prima dose del vaccino covid 

man dies shortly after taking first dose of covid vaccine in angul  link"
0,"le farmacie veronesi sono tra le pi√π virtuose a livello regionale per numero di inoculazioni effettuate: 3637 le dosi somministrate dall'inizio della campagna. vecchioni: ¬´soddisfatti dell'apprezzamento da parte della popolazione¬ª.

leggi sul sito: link"
0,"un giorno qualcuno disse: nessuno si salva da solo. quindi, se qualcuno che √® in procinto di farsi il vaccino #astrazeneka avesse intenzione di rifiutarsi, mi contatti pure, sarei ben lieto di prendere io il suo posto #vaccini"
2,"user_grim vogliamo ricordare la diretta televisiva della processione natalizia del vaccino che ha attraversato il brennero e poi √® arrivato a roma? giorni e giorni di giubilo perch√© ormai si vedeva la luce in fondo al tunnel. ecco, tre mesi dopo eccoci qua nel caos totale."
1,"2 vaccini, gb sperimenta immunizzazione"
1,"user_maffi user a tg lombardia conferenza stampa prima regione a raggiungere 1 milione di vaccinati"
1,"ma se non si fanno le foto appena fatto il vaccino non funziona ?"
0,"credevo di aver bonificato i miei follower, e invece ‚Ä¶ ‚Äòsti novax spuntano come scarafaggi di notte"
1,"vaccino, se la seconda dose √® quando sono in vacanza: come si comportano le regioni¬†italiane link"
1,"l‚Äôindia ha ordinato 300 milioni dosi di un vaccino anti-covid non approvato link"
1,"user user ma lo vogliamo capire che il virus non verr√† sconfitto dai vaccini ,che servono per evitare di prendere il covid in forma lieve o comunque non mortale"
0,"vaccini, von der leyen: 'almeno 3 mesi per il passaporto ue' 

""vogliamo un passaporto verde a livello ue col quale si possa viaggiare liberamente, per affari e per andare in vacanza, oltre a godere finalmente di eventi culturali, e altro""

link"
2,"@_cieloitalia user ma magari lo ha detto per evitare di essere bollato come novax. ci stava il paladino che era pronto a sbavare."
0,"user #de luca si √® vaccinato per vincere i timori delle persone. lo ha fatto sotto i riflettori. se voleva fare il furbo lo avrebbe fatto di nascosto. se fosse stato in lombardia, i lombardi e tutti noi non avremmo assistito a questo schifo di amministratori incapaci ed inetti."
2,"""ci stanno somministrando un vaccino ancora in sperimentazione, secondo l'agenzia del farmaco cinese √® potenzialmente pericoloso"" ‚ñ∑ prof. leopardi link"
1,"politici e vaccino: da salvini e meloni a letta, renzi e grillo. chi lo ha fatto e chi non lo far√† 
‚Å¶user‚Å©  link"
1,"voi vi lamentate dei #novax ma al mondo ci sono persone che in tre ordinano una bottiglia di vino da 0.375...

#cuccioli"
2,"brescia, morto di trombosi dopo il vaccino, indagine per omicidio colposo link"
0,"# user: covid, figliuolo: ""obiettivo tutti vaccinati entro l'estate"" link"
1,"vaccini, stefani-speranza: disabili fra categorie prioritare link"
2,"user non abbiamo dimenticato la morte di camilla mariani dopo il vostro open day della morte nonch√®, i tanti morti post vaccino da voi occultati. per voi ci vuole una nuova norimberga, dovete pagare per i vostri crimini, farabutti assassini
link"
2,"#vaccinazioni #greenpass 

chi si √® vaccinato si √® assunto consapevolmente dei rischi firmando una liberatoria.
benissimo, dunque in base al ragionamento dei fanatici dei vaccini, le reazioni avverse vengano curate solo a pagamento.

#ultracorpi #iostoconborghi"
1,"analista della msnbc ridicolizzato per aver detto che il vaccino e‚Äô sembrato ‚Äúuna ondata di¬†euforia‚Äù link"
0,"nonni vaccinati, sono un po‚Äô pi√π sollevata‚ù§Ô∏è"
2,"user avvisiamo la signora merkel che la parola ""immunizzato"" per chi si √® vaccinato, non si pu√≤ pi√π usare.covid, contagiati in 20 su 360 sulla nave scuola amerigo vespucci, la marina militare:¬†¬´sono tutti vaccinati¬ª¬† link"
2,"user user zone rosse ora con questo caldo. l'anno scorso i vaccini non c'erano e ora che ci sono √® la stessa minestra. ma andate a caxare."
2,"cosa non ci hanno detto in italia sui vacciniüò±

 link"
0,".... aspettando il turno per il vaccino ma porca troooota perch√© al mio comune fan tutti schifo aooooo datelo a tutti wtf"
0,"grandissimi pezzi di ceüöΩsse unitamente a tutti i üçíoni no vax che vivete nella nostra sicilia-- 
ci siete riusciti siamo primi per contagi e ultimi per vaccinazioni
da luned√¨ 30 saremo di un bel colore giallo!
guardatevi allo specchio e ‚Ä¶.ü§ßü§ß link"
0,"fra le simpatiche terapie domiciliari che ultimamente vantano i no-vax spicca l'uso dell'ivermectina un antiparassitario per cavalli e vacche. se posso permettermi, vi consiglio frontline, cosi terrete lontani oltre al covid-19 anche pulci, zecche e pidocchi masticatori. üò¨üòâ link"
0,"user user user e quindi? i vaccinati nel 95%/99% dei casi non avranno bisogno di 300 euro di cure da cavallo e 20 mila euro di terapia intensiva."
1,"user tanto pure se tutti i fedelissimi del cav. si schierano ciecamente a favore dei vaccini non ci riescono a fare eleggere berlusconi presidente della repubblica. si illudono mentre vendono l'ultima fetta di culo di chi lo aveva votato"
0,"user user gli operatori sanitari novax debbono essere licenziati in tronco per evitare rischi per gli altri"
1,"#dimartedi  #moratti 
ieri ""gli over 80 che non sono stati ancora convocati per la vaccinazione potranno vaccinarsi presentandosi senza prenotazione nel centro vaccinale pi√π vicino dal 7 all'11 aprile'
-oggi ""no lasciate stare..mi sono sbagliata""
dal disastro #lombardia √®  tutto"
1,"vaccini napoli, 40 giorni per richiamo pfizer e¬†moderna link"
1,"anche roberta aveva detto di non parlare di harry perche questa serata era dedicata a louis 
voi harries rovinate‚Ä¶ ‚Äî madonna ma tutto bene hai fatto il vaccino  link"
2,"#greenpass per viaggiare!
#israele vieta l'ingresso ai #vaccinati perch√© portano la #variantedelta!
#sipario!!! link"
1,"user user gli esperti del user mentre fanno il calcolo dell'aumento delle vaccinazioni in friuli. link"
2,"user user ‚Äú...l'ex ministro grillo ha detto che ""di vaccino non √® mai morto nessuno""... 
si riferiva alla bistecca..."
0,"dopo quella vaccinazione 56 anni senza nemmeno un raffreddore ! link"
0,"√® assurdo come i novax riescano a mettere in correlazione la morte di #raffaellacarr√° con il vaccino. sono da tso ormai. fermateli."
1,"piano vaccini | la preoccupazione dei medici di base | ¬´sui pazienti fragili c'√® il rischio di una giungla delle priorit√†¬ª ‚Äì l'intervista link"
1,"#sicilia, al via a #palermo il primo grande ‚Äòhub‚Äô per le vaccinazioni - video link"
1,"user le persone che rientrano nelle categorie definite fragili in che modo possono accedere al vaccino prima degli altri?nessuno lo dice!"
0,"ma allora ditelo che basta avere un amico in paradiso e il vaccino te lo fanno anche con 25 anni di et√†. solo sulla carta viene previsto prima over 80 poi over 60 dopo il resto della popolazione. non si deve aprire un fascicolo si deve punire severamente i furbi"
1,"festa: ‚Äúritardi nelle vaccinazioni. fuksas ha rinunciato al progetto dogana‚Äù

link link"
0,"user_en scusate visto che vivo in un paese di merda e l'ue √® peggio, politic parlando, posso io italiano ed europeo vaccinarmi comprando dall'estero il biglietto? penso che lo sputnik sia il miglior vaccino sul mercato in questo periodo. grazie i love russia‚ù§‚úå"
2,"user se i vaccini fossero super sicuri. ma non lo sono, per niente."
2,"user_cersei nei laboratori militari c'√® la prassi di sviluppare parallelamente a ogni arma biologica il suo vaccino.
link"
0,"‚Äúvaccinari √® megghiu di futtiri‚Äù"
1,"limes:carta: la distribuzione dei vaccini link 25"
2,"user e‚Äô quello a cui puntavano fin dall‚Äôinizio (ma era roba da complottisti). il test √® inaffidabile ed √® un trattamento medico che nessuno pu√≤ imporre alla persona, tantomeno il vaccino. il #passaportovaccinale possono metterselo in quel posto."
2,"uomo del nj in ospedale con covid dopo essere stato completamente vaccinato.  ma almeno ha il suo passaporto, giusto? #earlytreatment is the key! link"
2,"user user_lella user user_laffitte user per non piegarmi al vaccino, devo assolutamente cambiare lavoro. chi pu√≤ aiutarmi, sappia che ho sempre fatto qualunque cosa, tranne rubare."
2,"io non deploro chi si inocula il siero, se poi muoiono comunque di covid o di nessuna correlazione mi dispiace per loro.
#sottilidifferenze"
0,"user prenotato il 17 maggio e vaccino il 20 giugno e fuori dal comune nonostante abbiano aperto un centro vaccinale prima della prenotazione..."
0,"user user_ casa di riposo di mia madre: il primo piano √® in quarantena perch√® un oss non si √® vaccinato e ha contratto il covid.
mia cugina, che opera nel settore, mi ha detto che circa il 40% dei sanitari non √® vaccinato.."
0,"user oggi la vita degli anziani ha un vaccino. fine. anzi no, facciamo che per chi ritarda il vaccino agli anziani vale la canzone di de gregori: ""perdona tutti quanti tranne qualcuno"""
2,"pioggia di miliardi un anno fa vaccini a raffica oggi imprese pochi euro e al collasso vaccini niente ma ci rendiamo conto di quanto sti personaggi mantenuti da noi ci prendono per il culo intanto citt√† invase da clandestini spacciatori??"
2,"fa il vaccino pfizer alle 14 45 muore alle 16,30   link"
2,"persino la dottoressa bolgan trova che l'unico modo per uscirne sia la disobbedienza civile. i vaccini sono l'opposto di quello che vogliono farci credere.
link"
0,"oh sentite io mi sono truccata figa, magari rimorchio qualche militare al vaccino"
1,"#piazzapulita intervista di giulia cerino a szlavik janos, infettivologo di budapest, che spiega perch√© il suo paese considera sicuri il vaccino russo e cinese.  link"
0,"user ancora ad oggi i miei cari non sono stati ne vaccinati ne chiamati da nessuno mia mamma di 92 anni e mio zio infermo di 89 la stampa tace e la toscana tace una vergogna infinita ( siamo di firenze) il #governodeipeggiori"
2,"üáÆüáπ
#coronavirus
#vaccinazione

troppi dubbi‚ÄºÔ∏è

intanto grazie ai ricatti la sperimentazione continua
e in autunno
avremo i risultati"
0,"burioni espatria: ""se costretti a chiudere per colpa dei no-vax me ne vado in francia"" | il primato nazionale link"
0,"sulla vaccinazione #emiliaromagna e #toscana sono al primo posto per organizzazione e somministrazione ai propri residenti √® questa una delle differenze tra il riformismo del buon governo e le chiacchiere populiste un motivo in pi√π per user segretario user"
2,"medico in incognito parla dei vaccini covid link via user"
0,"voler far ragionare un no vax √® come volersi ubriacare con la coca-cola."
0,"user caro don, i vaccini servono tantissimo, proteggono indirettamente anche gli altri limitando la diffusione del virus. e meno circola meno muta. don un peccato contro la ragione √® un peccato grave! lo dico da medico cattolico."
0,"cari novax ‚Äú libert√† di scelta‚Äù,  la vostra libert√† finisce dove incomincia la mia di non essere contagiata da voi #novax"
2,"user provateci a dare un vaccino genico sperimentale ai miei figli. provateci."
0,"user l'unica (magra) consolazione che mi da questa psicosi, √® che presumibilmente la data della mia vaccinazione dovrebbe avvicinarsi in modo consistente per le  rinunce che arriveranno"
0,"user user user_scientists ho letto banchi a rotelle e mi sono venuti i brividi... certo in teoria sarebbe meglio non buttare soldi. il problema vero di reithera √® di essere un vaccino tradizionale, non rna. se il risultato √® un altro az o jj che non vorr√† nessuno, tanto vale fermarsi e investire in rna"
2,"user user l
obbligo del vaccino preclude solo se vi e' una pandemia,fatto e ke se si cerka sul web ilvirus sarsa nn e pandemico perke nn letale ,xessere letale ki e contagiato deve morire ,invece il sarsa ,nn e letale colpisce i + emaciati con altre patologie e vecci over 80"
1,"i #magistrati se ne fottono di anziani e fragili, vogliono i #vaccini per se stessi. una casta pi√π pericolosa di altre."
1,"link ministero della salute, rezza: ""immunit√† di gregge quando avremo vaccinato il 67% della popolazione"""
1,"vaccini: fontana al via hub tra i pi√π imponenti deuropa -  #vaccini: #fontana #imponenti #deuropa link"
2,"user user user diffondere il pi√π possibile, solo con le cure si blocca il vaccino.

1) erik grimaldi: terapia domiciliari precoci. 2) link  queste sono associazioni italiane che se fosse necessario basta contattarli per ricevere assistenza, e non chiedono niente in cambio"
1,"le spie non sono solo nei film. lo dimostra la vicenda dell‚Äôufficiale arrestato mentre passava ai russi documenti riservati. atto ostile, dice la farnesina mentre mosca minaccia ritorsioni cio√® l‚Äôespulsione di qualche nostro diplomatico. putin non vende solo vaccini sputnik... link"
1,"libero e il giornale si sono allineati.
la verit√† resta novax. link"
0,"ho letto abbastanza cazzate su #dedonno da parte di fascisti e novax. 
adesso che lui ha compiuto l'estremo gesto, queste bestie cominciano con il solito tam tam complottista. 
almeno per rispetto dell'uomo tacete una buona volta.
strumentalizzatevi sto cazzo."
0,"i free riders del vaccino, ovvero gli scrocconi di libert√† (di d. faraone) link #"
1,"vaccino anti-covid, online il portale regionale per la registrazione degli estremamente vulnerabili
link"
2,"ieri, una signora 82enne che conoscevo, in buona salute, √® morta due giorni dopo il vaccino #pfizer, qui a cagliari. ci siamo mobilitati giustamente perch√© il #covid non uccidesse neppure una persona. dobbiamo fare lo stesso per i vaccini"
1,"europei e vaccini: s√¨ di italia e belgio, no dell‚Äôinghilterra. caos in spagna, libera scelta per francia e¬†svizzera link"
2,"i pazzi under 50 che si fanno astrazeneca vanno fermati! governo di assassini!!!"
2,"l'#europa (450 milioni di abitanti( prenota 1.8 miliardi di vaccini...mettiamoci l'animo in pace, ce ne toccano 4 a testa per i prossimi anni!"
1,"oh mamma non sto praticamente pi√π sui social, tra gli esami e la prenotazione dei vaccini per i miei genitori sono veramente in costante ansia in questo periodo"
1,"vaccini, in piemonte si risolve il rebus dell'appuntamento per l'iniezione [di sara strippoli] [aggiornamento delle 08:00] link"
1,"stop a 8000 prenotazioni al vaccino astra zeneca dall'asl toscana sud est link"
2,"user un po' come quelli che volevano che i non vaccinati pagassero le eventuali cure di tasca propria, proprio delle merdacce, eh?
facciamo allora che i vaccinati si paghino il vaccino e le cure di tasca propria, cos√¨ imparano."
1,"prima √® mutato il virus, adesso su twitter mutano anche i vaccini. l'hashtag #astrazeneca diventa #astrazenaca e diventa virale."
0,"razza di mongoloide ‚Ä¶ discriminazione?! 
un vaccino accessibile a chiunque gratuitamente ‚Ä¶ vai a cagare"
1,"user user_it user user gentile sig. #calenda, spiace vedere che pur di farsi pubblicit√† lei sia disposto a scendere a cos√¨ bassi livelli. non pu√≤ non capire che la frase ""il vaccino rende liberi"" √® davvero infelice. protesti contro coloro che la utilizzano, non contro chi ne fa notare l'inadeguatezza."
1,"covid, vaccini in farmacia, regioni a 2 velocit√†: da val d'aosta a calabria. la situazione link"
2,"user_biasi attenzione leggi bene quello che ho scritto non parlo del vaccino ma dei lotti a cui si fa riferimento se casi simili sono successi in diversi paesi europei il problema non √® in un singolo lotto ma in uno degli eccipienti nella formulazione di questo vaccino"
2,"user sicuramente non accetter√≤ mai #pfizer üëá
link
fin'ora non ho letto nulla di simile sul #vaccino #sputnik 
qualcuno che ne sappia pi√π di me ? link"
2,"user_claudio appunto perch√© non si tratta di vaccino ma di una sperimentazione sull'uomo, sono dei veri tentativi di omicidi."
2,"hanno fatto questo video perch√© la nazionale italiana ha vinto e la campagna di vaccinazione sta andando male.link"
1,"user user_iacoboni la met√† dei no-vax che ho tra i contatti √® grillina"
0,"orgogliosa e grata ai nostri ragazzi in divisa che, come sempre, ci sono nel momento del bisogno. 
generale #figliuolo avanti tutta con i vaccini noi di user_italia siamo al vostro fianco."
1,"user mi piacerebbe essere contadino 
in ogni caso in una comunit√† si pu√≤ esprimere il proprio gradimento o critica.
e in una comunit√† europea non ha senso che ogni nazione vada per la sua strada tra vaccinazioni e chiusure.
ci vorrebbe uniformit√†,oppure ciao europa"
0,"utili di pfizer coprono + che adeguatamente costi e rischi
adesso x evitare milioni di morti e rischi varianti x noi bisogna fare licenze obbligatorie nei paesi emergenti e/o sospendere brevetto su questo vaccino (non su quelli che verranno o su farmaci non #covid_19) #11maggio link"
2,"secondo i dati ufficiali, negli ultimi tre mesi sono morte pi√π persone a causa dei vaccini che nell'ultimo decennio
alvaro colombres garmendia | thebl 03/31/21, 13:54 link"
2,"quarta dose obbligatoria?
non scherziamo."
0,"i #vaccini slegano l‚Äôandamento dei contagi da quello dei morti.
vedremo il prosieguo, ma l‚Äôeffetto comincia ad essere evidente.
#variantedelta 

    russia 13%                uk  63%
      1st dose                    1st dose link"
0,"con l‚Äô85% degli over 60 vaccinati, israele ha registrato un calo del 77% dei casi covid. studio nature su medical facts
link"
2,"user chiss√† perch√® omettono sempre il fatto che c'√® stata una vaccinazione poco prima del decesso..""nessuna correlazione ""
per√≤ se muori in un incidente stradale e sei risultato positivo(falso probabilmente, visto che fanno pi√π di 20 cicli di pcr) ,diventi magicamente un morto covid."
0,"#pfizer, ""uno dei vaccini pi√π efficaci nella storia della medicina"". link"
2,"user non c'√® nessuno che chiede se avesse fatto il vaccino.....ma pensano subito al covid

concorezzo, muore a 15 anni nella sua cameretta. ora si indaga sul covid - cronaca - link link"
2,"user uguale per noi. i miei figli gi√† mi dicono che se per uscire devono essere vaccinati lo faranno. questo √® il messaggio che passa dai media con la lingua felpata."
1,"al momento sono 29.969.854 le dosi di vaccino somministrate alla popolazione italiana, mentre 9.759.934 persone hanno concluso il ciclo vaccinale sul territorio nazionale (16,47% della popolazione)."
0,"tra di noi ci sono moltissimi concittadini che sono nati in altri paesi e hanno bisogno di aiuto per prenotare il #vaccino. molti non chiedono per pudore. solo oggi ne ho prenotati tre per persone che conoscevo. talvolta la cosa pi√π scontata per noi non lo √® per gli altri."
1,"#cronaca #ultimenotizie vaccini in aziende, 2mln #astrazeneca in frigo - link - #tifosi #vaccino link"
1,"campagna vaccinazione in cina: oltre 2 mld dosi somministrate   video link"
0,"user user_francesco user quindi non ti vaccini contro il tetano fino a che non muori di tetano perch√© in base alla tua esperienza personale il tetano non esiste. d'accordo."
2,"user per√≤ ci danno un‚Äôarma. unitevi pi√π che mai voi medici e rifiutate il vaccino. vedremo se vi sospenderanno. i psicologicamente compromessi da covid andranno all‚Äôestero a curarsi."
1,"**covid: cottarelli, ‚Äòpass? perch√® un nuovo documento? basta burocrazia‚Äô**: roma, 18 apr. (adnkronos) - ""servono 2-3 mesi per creare il pass unico per chi √® vaccinato, non ha link"
2,"user user gratuito o cazz ,lo paghiamo anche sulla assicurazione rca. e poi a tutti i vaccinati che ribeccano  il virus ......gli facciamo pagare anche il costo del flaconcino di merda che si iniettano?"
0,"il generale figliuolo dovrebbe chiedere scusa al popolo italiano
 
tante mostrine , pochi vaccini"
1,"2,5 milioni di over 60 ancora non vaccinati.
5 milioni di over 50 ancora non vaccinati."
2,"user_official üòÅüòÅüòÅüòÅüòÅsapete quante varianti devono ancora uscire  parecchie e una cosa grave ///i vaccini non riescono ad anticipare perch√© √® impossibile bloccare il mondo! !!!"
1,"#vaccini anti #covid19 in italia, aggiornamento del 11/04/2021 ore 11:28
andamento delle somministrazioni per classe di et√†.
#covid_19 #vaccinaitalia #astrazeneca #coronavirus #pfizer #modernavaccine link"
2,"antidiplomatico:""non si tratta di pro-vax e no-vax"": la discriminazione come metodo educativo e la retorica dell'inclusione link 11"
2,"user_claudio grazie per la solerzia con cui ha verificato la segnalazione. e adesso che si fa? a parer mio questa cosa √® gravissima, dimostra la malafede che circonda il vaccino in italia e l‚Äôistituzionale ostilit√† nei confronti di chi sceglie di non farsi iniettare un siero sperimentale"
0,"user caro massimo, almeno io, non ho idea dello stress delle strutture sanitarie. concordo che questi lockdown a singhiozzo non sono ideali, ma oggettivamente questa pandemia √® devastante. piuttosto cerchiamo di stringere sulle vaccinazioni. un caro saluto alessandro"
2,"user_cersei i tre grandi paesi in forte crisi  di leadership politica,  usa, italia e francia , sono quelli con feroce controllo e persistente allarme sanitario. valido strumento  paradigmatico , vaccino  o pass, per limitare e condizionare le libert√† dei cittadini ed inibire cambi di rotta."
0,"comunque il 16 ho la prima dose del vaccino üëâüèºüëàüèº"
2,"user ""forzare"", il governo e le istituzioni vogliono forzare un vaccino sperimentale e pericoloso nelle persone. buttate fuori questi delinquenti fascisti!!!"
2,"per la cronaca e come volevasi dimostrare, la figlia del mio collega, ieri, √® risultata positiva. ora andate a quel paese voi e il vostro vaccino."
2,"le overdosi di vaccino‚Ä¶ (e dovremmo essere pure contenti)"" link 91"
2,"coloro che ci hanno messo paura a causa del covid, sono gli stessi che ci vogliono imporre la somministrazione del vaccino 
link"
1,"√® scontro tra virologi sulle mascherine: bassetti propone l‚Äôaddio per i vaccinati. gismondo dissente link link"
1,"il vaccino di johnson  link via user"
0,"#ottoemezzo siete schizofrenici, non contraddittori. c'√® un virus pericoloso sconosciuti, che muta ed √® pi√π veloce di noi... e apriamo tutto? fateci scegliere i vaccini e mettere i monoclonali a disposizione di tutti. √® la via per la nuova normalit√†"
1,"user insomma ho fatto il vaccino e comincia a farmi molto male il braccio quindi ho messo del ghiaccio √® per questo che rispondo ora scusami"
1,"""arrivano da firenze e cremona i primi indagati ‚Äòno vax‚Äô. l‚Äôaccusa formulata dal magistrato nei confronti di un 66enne lombardo √® chiaro: ‚Äúistigazione alla disobbedienza delle leggi, di ordine pubblico, in vigore a tutela della salute pubblica nel periodo di emergenza pandemica."
1,"vaccini: sileri,verosimile ripeterli ogni¬†anno link"
0,"user si ok, √® un intimidazione un abuso una via di mezzo, ma in realta se ho capito lei ha criticato il generale responsabile della logistica dell approvvigionamento vaccini perch√© non vuole vedere le divise, che √® assurdo perch√© ora i vaccini circolano meglio"
0,"user io mi sono vaccinato 2 volte, per proteggere mia moglie che ha malattia autoimmune e non pu√≤ vaccinarsi.
poi vedremo a ottobre..."
0,"user se √® contrario al #greenpass, che √® tutt'altro che strumento valido, ci sono buone possibilit√† che non sia vaccinato. il che √® davvero triste.
#barbero"
2,"byoblu:aumento delle infezione nei vaccinati. la svezia vieta l‚Äôingresso agli israeliani   link 28"
1,"le battute sul 5g dopo che fate il vaccino anche meno. avete fracassato le palle"
2,"tutti leoni e poi si cagano sotto...e fanno le corse per fare il vaccino"
1,"imprenditore della provincia di #perugia si sarebbe vaccinato fingendosi un dipendente scolastico, ma √® stato scoperto e deferito alla procura della repubblica insieme alla moglie, accusata di essere stata sua complice."
2,"user user_0 la germania ordina e il mondo obbedisce...e non sto giustificando questa vaccinazione che non √® altro che una randomizzazione forzata...ma dobbiamo smetterla di essere allocchi in ogni contesto!"
1,"adi: istanza di attivazione procedimento disciplinare per frasi di infermieri contro i no vax | nurse times link"
2,"la gravidanza solidale.
il vaccino solidale.
il pass solidale.
gli immobili solidali.
la parolina magica per coprire le porcate."
1,"vaccini a pasquetta quasi 148 mila vaccinazioni. il 20% delle dosi ancora nei frigoriferi delle regioni - #vaccini #pasquetta #quasi link link"
1,"non ci capisco pi√π un cazzo.(magari non da ora).il gp durer√† 12 mesi ma l'effetto vaccinazione dura 6 mesi,max 8,senn√≤ perch√® parlare di 3¬∞ e 4¬∞ dose?.vorrei che mi si chiarisse."
1,"canavese - a che punto siamo con i vaccini anti covid nella nostra zona? i numeri dell'asl to4 e le prossime date da segnare sul calendario
  link"
1,"#vaccinicovid   vaccini e rischio trombosi: dimezzare le dosi potrebbe ridurre i rischi link via user"
2,"user user il vaccino √® solo un mezzo. il fine √® il grande reset"
2,"l'#autopsia su francesca tuscano, l'#insegnante di 32 anni deceduta il giorno di #pasqua, ha confermato la #morte per un quadro ""#trombotico ed emorragico cerebrale"". alla giovane era stato inoculato il #vaccino #astrazeneca il 22 marzo. al momento non sarebbero emerse anomalie. link"
1,"i 2 decessi registrati oggi si riferiscono a

‚Ä¢ 2 donne di 80 e 83 anni

erano residenti a scandiano e vetto d'enza

üíâieri sono state vaccinate 1.141 persone, oggi ne erano programmate 750"
2,"user tu che dici mariano... dove andiamo a finire cos√¨?
mi chiedo sempre la stessa cosa: se il vaccino (che vaccino nn √®, in quanto farmaco sperimentale dichiarato) √® sicuro... che motivo hanno i vaccinati di stare allarmati? sono protetti no? come mai tutto questo odio per chi ha"
2,"basta dittatura‚ùóÔ∏è, [24 lug 2021 alle 21:52]
covid, codacons 
chiede oggi ufficialmente la radiazione dall'albo per roberto burioni, che in un post ha definito ‚Äòsorci‚Äô coloro che non si sottopongono al vaccino augurando agli stessi gli ‚Äòarresti domiciliari  link link"
0,"leggi qui l'articolo de l'#unionesarda link 
benissimo! vadano a fare i no-vax da un'altra parte!"
0,"user user il 40% di ricoverati √® vaccinato non vuole dire che il 40% di vaccinati √® ricoverato. le due affermazioni sono molto diverse! mi sembra che in tanti stiano equivocando‚Ä¶"
0,"vaccini fuori lista, in procura a bari primi interrogatori. il legale: ""sono stati chiamati, nessuno ha saltato la fila"" link 
vergogna #infiltrati e #saltafila!!!"
0,"a ora che il vaccino sar√† disponibile per me lo venderanno a 2 euro e 50 dal tabaccaio"
1,"user user user_claudio un virus muta in modo casuale a prescindere dai vaccini, e le varianti pi√π contagiose diventano dominanti. le vaccinazioni sono iniziate in uk in dicembre, link la variante alpha fu scoperta in novembre da campione preso in settembre. link"
0,"per l'ottimo andamento della campagna vaccinale voglio ringraziare marco travaglio. ogni sua lacrima sono sui 50mila vaccinati in pi√π"
2,"user_sibari user allora mi dica il vaccino e autorizzato alla vendita in emergenza ma rimane sperimentale fino al 2023 
un obbligo da parte dello stato impone che lo stato stesso si faccia carico di eventuali danni rendendo superfluo il consenso firmato 
chi pagher√†?"
0,"i migliori vaccini sono darwiniani link #mondo"
0,"user √® impossibile prenotarsi, dopo un giorno intero di tentativi ho rinunciato, a questo punto uno che vorrebbe il vaccino cosa deve fare? ci fosse almeno a pagamento."
0,"che bello sarebbe, se ci fosse un vaccino contro il covidooooooh wait!"
1,"covid-19. oggi 1.712 dosi di vaccino somministrate dall‚Äô asl di avellino. ‚Äì retesei |¬†link link"
2,"nessuna correlazione, ma un nesso c' √®. 
a chi √® morto un caro ucciso dal vaccino non girano le palle neanche un po'?"
1,"user inutile inviare dosi di vaccino alle regioni che non riescono a farle."
0,"user il vaccino protegge dalla malattia, non dall'infezione
ci si pu√≤ infettare anche da vaccinati, e quando succede √® comunque in forma lieve e poco trasmissibile 

i non vaccinati sono vulnerabili sia per l'infezione che per la malattia 
1/2"
0,"üìØ 
la ¬´categoria 4¬ª finalmente!! (per et√† - da oggi i 55-59enni con esenzione per malattia cronica - ma prima di riaprire alle normali fasce d'et√† si faranno tutti i fragili over 60)
now on user
#fragili #vaccini #covid19 #lombardia
link"
0,"seguivo un noto personaggio della community trash italiana ma ho visto pubblicate un sacco di cazzate e speculazioni sui vaccini da questa persona, quindi l‚Äôunfollow √® stato automatico e senza alcuna piet√†"
0,"tra due ore mi vaccino link"
1,"vaccini lazio, weekend open day astrazeneca over 40: iscrizioni aperte: sabato e domenica 15-16 maggio per i nati dal 1981 link link"
1,"15 milioni di dosi di vaccino j&amp;j buttati per un errore umano.

il tecnico di laboratorio minimizza: "" ho mischiato pfizer, j&amp;j, soda, lime e vodka e a me sembrava buono"""
1,"un nuovo articolo: (vaccini covid, da domani in sicilia prenotazioni per i ragazzi dai 12 ai 15 anni) √® stato pubblicato su: tempo stretto - ultime notizie da messina e reggio calabria - link link"
1,"user_2022 ho aprezzato della conferenza stampa di #draghi mes: ‚Äúcon questi tassi di interesse non √® detto che convenga e poi serve per la sanit√†, oggi √® inutile‚Äù. ‚Äúsui vaccini se l‚Äôeuropa far√†, bene, altrimenti si va da soli."
2,"#nessunacorrelazione, quindi #vaccinoaigiornalisti che hanno sempre sostenuto l'obbligo."
1,"asl avellino. sospensione attivit√†‚Äô centri vaccinali nella giornata di domani, luned√¨ riprendono le vaccinazioni - link link"
1,"bergamo e brescia l‚Äôannuncio di bertolaso: da domani vaccini a 30 mila persone over 60¬†il bollettino: 318 i morti - a brescia 901 casi - #bergamo #brescia #l‚Äôannuncio link link"
1,"user quello che fa veramente incaxxare √® che in sardegna, pretendevano assolutamente che tutti quelli che arrivavano fossero vaccinati! e loro non di vaccinano?"
1,"appena ha saputo che non poteva entrare alla sagra della porchetta o al papeta #salvini si √® vaccinato stamattina a milano - cronaca - ansa link"
0,"user se vai in giro sono quasi tutti senza mascherina o distanziamento 

vaccino non significa zero casi ma ospedali liberi e gente non al cimitero 

se fai anti influenzale non ti dice che non la prendi ma che se la prendi √® leggera"
1,"non mi interessa quale vaccino mi fanno.
mi piacciono sia la pfeiffer che la johansson."
1,"vaccini, marco rizzo-pc: +√® la guerra dei vaccini, sputnik dato che √® russo non si pu√≤ dare+"" link 54"
2,"quando la finiranno di dire falsit√†? l'hosempre detto e sostenuto.
1 il vaccino per virus che mutano non serve.
2 il #covid19 si cura benissimo a casa
3 siamo comunque al 70% di vaccinati ma in pratica siamo messi peggio della scorsa estate?liberi tutti! 

link"
0,"iniziate vaccinazioni over 70. finalmente! #toscana #vaccini"
0,"tu provi a far finta di niente, a mantenere la calma poi sti novax si paragonano agli ebrei durante la seconda guerra mondiale e ti vien voglia di prenderli a sberle tipo mulino a vento."
0,"il vaccino limita i rischi e basta, sta cosa di ""√® inutile che mi faccio il vaccino tanto sono tutti vaccinati "" √® una stronzata"
2,"user user_andme qualcuno vorrebbe escludere i cittadini non vaccinati dal #ssn.
va bene, pero' non saremo piu' tenuti a versare tasse e contribuzioni e ci rivolgeremo al privato.
alla fin dei conti gia' succede: per una visita col ssn mesi di attesa...privatamente domattina alle ore 8.00 !!!"
1,"video
#vaccinazioni a #frabosasottana, #cirio: ""ai nostri giovani somministrato pfizer e moderna, la scienza ci dia indicazioni chiare sull'uso dei vaccini"". ""da luned√¨ piemonte zona bianca"" link"
