0,"user user li avrei proprio volti vedere dire di no al vaccino mentre erano a fare il militare. per questa gente mi spiace che abbiano levato la leva obbligatoria, queste son persone che hanno bisogno di essere ""comandate"" almeno una volta nella vita per abbassare la cresta."
0,"le farmacie veronesi sono tra le pi√π virtuose a livello regionale per numero di inoculazioni effettuate: 3637 le dosi somministrate dall'inizio della campagna. vecchioni: ¬´soddisfatti dell'apprezzamento da parte della popolazione¬ª.

leggi sul sito: link"
0,"user user ho citato tutte trasmissioni passate che diffondevano falsit√†.
per me √® grave per lei no.
hanno diffuso le fake sui vaccini. per me √® di una gravit√† inaudita. enorme.
per lei no.
libere opinioni per carit√†...ma parlare di trasmissione attendibile no eh. 
link"
1,"#sicilia, al via a #palermo il primo grande ‚Äòhub‚Äô per le vaccinazioni - video link"
2,"neppure se toccati personalmente ammettono l‚Äôirrazionalit√† di ci√≤ che subiscono e che impongono.
una #politica morta, miope, subordinata ai militari come #figliuolo.
#zingaretti #vaccini #greenpass #covid19  #greenpassobbligatorio link"
2,"user user_freisa chiedo a te che mi pare sia informato. √® una domanda non provocatoria, ma seria.
si hanno fonti attendibili circa l'ausilio di cellule derivanti da feti morti per la ricerca o messa a punto del vaccino az o j&amp;j?"
1,"user user_iacoboni la met√† dei no-vax che ho tra i contatti √® grillina"
0,"ema verso l‚Äôok al vaccino pfizer per i 12-15 anni, speranza: ‚Äústrategico per il prossimo anno scolastico‚Äù link"
2,"covid, muore a 52 anni dopo il vaccino pfizer: richiesta autopsia | virgilionotizie link"
1,"user lo status di vaccinato √® transitorio,israele dopo 5 mesi alla 3¬™ dose,uk dopo 6 mesi,dal 6/9 3¬™ dose per 32 milioni di gi√† vaccinati,usa dopo 8 mesi,dal 20/9 3¬™ dose,la variante delta elude il vaccino::da noi per decreto 2 dosi valgono 12 mesi... link"
2,"user_lavit user infatti sono terapie sperimentali (chiamate vaccini) non obbligatorie (ma se non ci si sottopone alle quali si √® molestati dallo stato fino a non aver vita degna) che permettono il
contagio (e forse la moltiplicazione di varianti), per√≤ chiamano ‚Äúimmunizzati‚Äù chi vi si sottopone!"
1,"vaccini lazio, ripartono le prime dosi: la chiusura degli hub ora slitta a ferragosto - link link"
0,"difficile per ora fare previsioni #covid19. di certo con la vaccinazione le nostre abitudini potranno tornare ad una nuova normalit√† molto pi√π agibile della presente link"
1,"vaccini a pasquetta quasi 148 mila vaccinazioni. il 20% delle dosi ancora nei frigoriferi delle regioni - #vaccini #pasquetta #quasi link link"
1,"user__ user e comunque stiamo dicendo cose diverse secondo me. 
io farei un confronto del tasso di letalit√† per classe d'et√† rispetto alla variante alpha e la delta tra non vaccinati. in questo modo vedi se la letalit√† della delta √® rimasta la stessa dell'alpha oppure √® diminuita anche tra i"
1,"user ci vorrebbe onest√† intellettuale di non limitare alla "" destra "" le pulsioni no vax di questo paese .
erano organici ai 5 stelle 
cunial , bonafede , taverna , barillari , conte .
nn ricordate nulla ?
#lamemoriadelcriceto"
1,"mio padre mi ha salutato questa mattina con ""mi sa che non andremo a venezia il *data mio vaccino*, temo saranno costretti a sospendere astrazeneca."" 
l'ottimismo √® il profumo della vita e il buongiorno si vede dal mattino!"
0,"user user dovrebbe tacere e fare quello che ha detto user vaccinato entro giugno e cosi deve essere! e basta con 'sto strazio di figliuolo"
2,"user allora √® vero che i vaccinati sono contagiosi üò±"
0,"user una malattia inventata dai novax"
0,"fra le simpatiche terapie domiciliari che ultimamente vantano i no-vax spicca l'uso dell'ivermectina un antiparassitario per cavalli e vacche. se posso permettermi, vi consiglio frontline, cosi terrete lontani oltre al covid-19 anche pulci, zecche e pidocchi masticatori. üò¨üòâ link"
0,"user_libre si pu√≤ fare ma dei soldi risparmiati con i no-vax che ne facciamo?"
1,"user la scelta √® stata quella di creare una bolla vaccinata all‚Äôinterno degli ospedali vaccinando tutto il personale. la storia della prima linea non regge purtroppo. impossibile fare distinzioni"
1,"vaccini covid, la classifica delle regioni link"
1,"#vaccini, l'italia procede a rilento? com'√® la situazione in altri paesi #ue? ora su user: fabrizio pregliasco user, don pietro sigurani e user_anfossi di user_cristiana. link link"
0,"vaccinare o no i minori contro il covid? interessante questo articolo ‚¨áÔ∏è
a fronte di un aumentato, ma limitato rischio di miocarditi (2 su 100 mila), ci si protegge da un rischio ben maggiore di sindrome multisistemica infiammatoria e di miocardite stessa

link link"
0,"vaccini, figliuolo: si vada avanti con over 60, se no non ne usciamo pi√π link"
2,"@_cieloitalia user ma magari lo ha detto per evitare di essere bollato come novax. ci stava il paladino che era pronto a sbavare."
2,"medico: ‚Äúastrazeneca causa coaguli di sangue‚Äù. norvegia non riprende¬†vaccinazione link"
1,"user user_me_ user user_l paolo studia. ultimo suo thread sui vaccini da urlo. imperdibile"
0,"mia mamma ha detto a mia zia che mi voglio fare il vaccino e ora lei mi ha chiamata per farmi il bordello e a raccontarmi stronzate lette su facebook ma diocane"
0,"#quellavoltachedraghi trov√≤ un neurone nel cranio di un novax"
2,"link
la proteina spike entra in circolo nel sangue e forti percentuali sono state riscontrate nella milza, nel cuore e nelle ovaie di coloro che si sono sottoposti al vaccino. un gruppo campione di 13 sanitari. 11/13!"
0,"sto pensando ai vaccini! link"
0,"tra di noi ci sono moltissimi concittadini che sono nati in altri paesi e hanno bisogno di aiuto per prenotare il #vaccino. molti non chiedono per pudore. solo oggi ne ho prenotati tre per persone che conoscevo. talvolta la cosa pi√π scontata per noi non lo √® per gli altri."
0,"user perch√© le case famiglia e le comunit√† alloggio di roma sono rimaste senza vaccino? 
 
le persone fragili residenti continuano ad ammalarsi nonostante vivano in sostanziale lockdown da un anno!
 
intanto c'√® una petizione link via user"
1,"user urge una legge contro l‚Äôodio verso chi vuole le restrizioni ai non vaccinati che odiano i vaccinati che‚Ä¶ insomma, urge una legge üôÑ"
0,"user user user user eh no. se anche volessimo considerare le varianti, finora 5 di quelle che hanno raggiunto diffusione mondiale, non hanno un profilo immunologico diverso (tanto che i vaccini funzionano). e al momento zero, nessuna variante, il mondo era completamente vergine riguardo al virus."
1,"user una domanda, come mai il contatore delle vaccinazioni riporta una cifra di circa un milione di somministrazioni prime dosi in pi√π rispetto alle statistiche ufficiali?"
2,"user user_claudio prima, ogni morto, anche 100enne, oddio, morto per covid!! adesso, vaccinato che muore di covid, eeeh...ma cosa vuoi che sia, era vecchio, aveva patologie pregresse! 
mammamia che ipocrisia!!"
2,"per la nazionale di calcio, suonano la trombetta e si imbestialiscono se non vince. per la loro vita e quella dei loro figli massacrata da vaccini sperimentali e mascherine, no. la punizione √® pi√π che meritata."
0,"user l'unica (magra) consolazione che mi da questa psicosi, √® che presumibilmente la data della mia vaccinazione dovrebbe avvicinarsi in modo consistente per le  rinunce che arriveranno"
1,"#vaccini anti #covid19 in italia, dosi somministrate su base quotidiana.
dosi somministrate il 11/05/2021 : 429.134
media mobile a 7 giorni: 465.570
#covid_19 #vaccinaitalia #astrazeneca #coronavirus #pfizer #modernavaccine link"
0,"user_tiziana noi vaccinati si (si spera)"
0,"speranza: ‚Äúentro l‚Äôestate tutti gli italiani vaccinati, questo √® l‚Äôobiettivo‚Äù | video link via user"
0,"user user_ spiegazione:
classe di et√† &gt;50
 vaccinati 95% 
non vaccinati 5% : il rapporto √® 19:1
tabella: morti:
vaccinati  279
non vaccinati 131: il rapporto √® 2.2:1. 
quindi il vaccino ha protetto gli over 50,anche se il  numero dei loro morti √® superiore a quello dei non vaccinati."
0,"un giorno qualcuno disse: nessuno si salva da solo. quindi, se qualcuno che √® in procinto di farsi il vaccino #astrazeneka avesse intenzione di rifiutarsi, mi contatti pure, sarei ben lieto di prendere io il suo posto #vaccini"
2,"user i social devono sviluppare un dibattito serio...detto da lei √® opinabile.
il ""cercateli"", considerando che non esiste obbligatoriet√† del vaccino, √® stato una delle tante subdole minacce."
1,"non ci capisco pi√π un cazzo.(magari non da ora).il gp durer√† 12 mesi ma l'effetto vaccinazione dura 6 mesi,max 8,senn√≤ perch√® parlare di 3¬∞ e 4¬∞ dose?.vorrei che mi si chiarisse."
2,"robert f. kennedy jr. su pfizer e fda: ‚Äû questo √® uno schema sinistro per imporre un vaccino gravemente difettoso che ha gi√† fato la storia con morti e feriti, che non previene n√© la malattia n√© la trasmissione e non migliora la mortalit√†‚Äú."
1,"user_doc user_claudio ma cosa c'entra con l'obbligo di vaccinazione per tutti i cittadini che vuole introdurre il nostro governo con il kazakistan?"
0,"sono vaccinata ragaaaaa fanculo il covid"
2,"l'#autopsia su francesca tuscano, l'#insegnante di 32 anni deceduta il giorno di #pasqua, ha confermato la #morte per un quadro ""#trombotico ed emorragico cerebrale"". alla giovane era stato inoculato il #vaccino #astrazeneca il 22 marzo. al momento non sarebbero emerse anomalie. link"
1,"asl na 2 nord, stop alle prime dosi per mancanza di¬†vaccini link"
2,"eccellenza: l‚Äôormai immancabile bill &amp; melinda gates foundation e la central intelligence agency.

abbiamo analizzato nei 31¬†reportages wuhangates il ruolo della cia nel campo delle armi batteriologiche e quello di gatesnella ricerca di virus per costruire lucrosi vaccini. ora"
2,"byoblu:aumento delle infezione nei vaccinati. la svezia vieta l‚Äôingresso agli israeliani   link 28"
2,"user user_gibilisco i numeri non esono esigui;

allo stato attuale a 1,5y dall'inizio della supposta emergenza, decessi &gt;40y per quale fosse nota condizione clinica/assenza patologie gravi sono =44 

le segnalazioni al 20/5 di reazioni avverse gravi sono (sottostimate) 1/3000 vaccinati

conti pure"
1,"user ma ancora prima: perch√© bisogna tradurre? il cts non dovrebbe su questo tema dare una indicazione chiara, che non necessita di traduzione? capisco la decisione politica su chiusure/aperture, ma su quali vaccini dare a chi, se non il cts, chi dovrebbe  dare istruzioni ?"
1,"user user_it user user gentile sig. #calenda, spiace vedere che pur di farsi pubblicit√† lei sia disposto a scendere a cos√¨ bassi livelli. non pu√≤ non capire che la frase ""il vaccino rende liberi"" √® davvero infelice. protesti contro coloro che la utilizzano, non contro chi ne fa notare l'inadeguatezza."
0,"burioni espatria: ""se costretti a chiudere per colpa dei no-vax me ne vado in francia"" | il primato nazionale link"
2,"user un po' come quelli che volevano che i non vaccinati pagassero le eventuali cure di tasca propria, proprio delle merdacce, eh?
facciamo allora che i vaccinati si paghino il vaccino e le cure di tasca propria, cos√¨ imparano."
1,"user sei poco avveduto!
poich√© potrebbe verificarsi che un    no-vax non abbia i soldi per farlo il tampone e che suo malgrado voglia farlo per evitare di uscire in caso di positivit√†‚Ä¶"
2,"""ci stanno somministrando un vaccino ancora in sperimentazione, secondo l'agenzia del farmaco cinese √® potenzialmente pericoloso"" ‚ñ∑ prof. leopardi link"
0,"¬´sono un ragazzo vaccinato¬ª, jovanotti gioisce su facebook link"
2,"""evidenzia una grande quantit√† di #asintomatici""
quindi, se il #vaccino eviterebbe il manifestarsi di sintomi gravi, a che cazzo serve davvero se ci son tutti sti asintomatici?
c-r-i-m-i-n-a-l-i negazionisti della libert√† si sapeva,ora si sa neanche avvezzi alla logica
#tagadala7"
1,"mentre le #bigpharma registrano guadagni da capogiro, il #wto si incontra per parlare della sospensione dei #brevetti sui #vaccini anti #covid. ecco cosa potrebbe succedere senza un accesso equo ai vaccini
#covax #omc #oms
link"
0,"il #covid19 continua a colpire i #neonati. tre casi nel vicentino, tutti con familiari #nonvaccinati. altri ricoveri in #rianimazione. servizio di giovanni stefani, montaggio gianpaolo gigante #ioseguotgr
link"
0,"user_patrizia una mia ex vicina di casa, gravemente obesa e diabetica, nonostante avesse la priorit√† del vaccino, non l'ha voluto fare. √® in terapia intensiva in condizioni disperate. ma come si fa...."
1,"user gi√† che siamo in argomento qualcuno potrebbe spiegare perch√© la user √® penultima per la vaccinazione degli ultraottantenni affidata fin da subito  e giustamente ai medici di famiglia? user user"
1,"user user user solo a parole, usa e gb si sono accaparrate il 250% dei vaccini necessari alla loro popolazione, molti paesi non hanno visto ancora una fiala, astrazeneca prodotto in india non autorizzato in eu"
2,"user user ‚Äú...l'ex ministro grillo ha detto che ""di vaccino non √® mai morto nessuno""... 
si riferiva alla bistecca..."
2,"penso che sia questione di tempo poi verra‚Äô fuori davvero lo schifo che sta dietro questi presunti vaccini!!!"
0,"user n√© il vaccino pfizer n√© quello moderna vengono prodotti usando linee cellulari di conseguenza √® impossibile che contengano cellule di feti.
altri vaccini necessitano di linee cellulari per la produzione (mrc-5, wi-38 e hek393 originarie degli anni 60/70), ma non ne contengono."
2,"medico in incognito parla dei vaccini covid link via user"
2,"user user user diffondere il pi√π possibile, solo con le cure si blocca il vaccino.

1) erik grimaldi: terapia domiciliari precoci. 2) link  queste sono associazioni italiane che se fosse necessario basta contattarli per ricevere assistenza, e non chiedono niente in cambio"
0,"con l‚Äô85% degli over 60 vaccinati, israele ha registrato un calo del 77% dei casi covid. studio nature su medical facts
link"
1,"politici e vaccino: da salvini e meloni a letta, renzi e grillo. chi lo ha fatto e chi non lo far√† 
‚Å¶user‚Å©  link"
1,"user in pratica tutti i russi vaccinati risiedono a mosca? ü§î link"
1,"user assurdo!! mi sembra che i virologi non garantiscano l'efficacia se il richiamo √® effettuato dopo 21 giorni. inoltre noi abbiamo gi√† programmato gli impegni anche estivi, sulla base delle date dei vaccini.üò°üò°üò°"
2,"brutti ignoranti buzzurri, la cura √® una sola(o s√≥la) il vaccino, anche se non funziona."
1,"15 milioni di dosi di vaccino j&amp;j buttati per un errore umano.

il tecnico di laboratorio minimizza: "" ho mischiato pfizer, j&amp;j, soda, lime e vodka e a me sembrava buono"""
2,"user lo avevo previsto. i vaccini saranno ritardati perch√© √® un modo cinico per sfoltire le societ√† dai vecchi pensionati. un gigantesco risparmio per le casse di tutti gli stati e un guadagno immenso per le maledette multinazionali farmaceutiche."
1,"new post: leggi la notizia! in vista obbligo vaccinale per sanitari no vax: pena la link #veneto #notizie #news"
2,"user user user user ma che investigazioni lo dicono i medici, incluso quelli super pro vax tipo bassetti"
1,"vaccino anti-covid, online il portale regionale per la registrazione degli estremamente vulnerabili
link"
1,"tutti gli errori europei sui vaccini - bisognava fare le scelte giuste e restare uniti ma... link"
2,"user user ma quale grande se questo mong √® favorevole lla vaccinazione di massa"
1,"coronavirus | da luned√¨ prenotazione vaccino per over 40 in italia si lavora ai nuovi parametri del monitoraggio seconda dose pfizer | figliulo | ‚Äúmeglio mezzo scudo a pi√π persone che uno intero a meno persone‚Äù ‚Äì live link"
2,"user uguale per noi. i miei figli gi√† mi dicono che se per uscire devono essere vaccinati lo faranno. questo √® il messaggio che passa dai media con la lingua felpata."
0,"user user user e quindi? i vaccinati nel 95%/99% dei casi non avranno bisogno di 300 euro di cure da cavallo e 20 mila euro di terapia intensiva."
0,"user user_ casa di riposo di mia madre: il primo piano √® in quarantena perch√® un oss non si √® vaccinato e ha contratto il covid.
mia cugina, che opera nel settore, mi ha detto che circa il 40% dei sanitari non √® vaccinato.."
1,"user user user il problema √® che in italia il medico non pu√≤ proporti di fare una dose di vaccino diverso se hai pi√π di 60 anni.
l'aifa ha autorizzato la cosa solo per under 60.
ora capisco che draghi √® il pdc, ma quando va dal medico agisce da privato cittadino e non da capo di governo..."
2,"user user l
obbligo del vaccino preclude solo se vi e' una pandemia,fatto e ke se si cerka sul web ilvirus sarsa nn e pandemico perke nn letale ,xessere letale ki e contagiato deve morire ,invece il sarsa ,nn e letale colpisce i + emaciati con altre patologie e vecci over 80"
2,"user user_lz user user user_claudio user_marco bhe devo dire che questa ‚Äúcorrezione di fake news‚Äù fa molto ridere.

il vaccino immunizza solo per poche settimane? no, in realt√† solo per pochi mesi.
sai che differenza üôÑ"
0,"#ottoemezzo siete schizofrenici, non contraddittori. c'√® un virus pericoloso sconosciuti, che muta ed √® pi√π veloce di noi... e apriamo tutto? fateci scegliere i vaccini e mettere i monoclonali a disposizione di tutti. √® la via per la nuova normalit√†"
1,"covid-19. oggi 1.712 dosi di vaccino somministrate dall‚Äô asl di avellino. ‚Äì retesei |¬†link link"
0,"user user user_scientists ho letto banchi a rotelle e mi sono venuti i brividi... certo in teoria sarebbe meglio non buttare soldi. il problema vero di reithera √® di essere un vaccino tradizionale, non rna. se il risultato √® un altro az o jj che non vorr√† nessuno, tanto vale fermarsi e investire in rna"
2,"user brava barbara, a me hanno comunicato via sms che potevo prenotarmi per  vaccinarmi essendo secondo loro un soggetto fragile‚Ä¶.sono stato educato‚Ä¶.ma il mio vaccino lo lascio a speranza‚Ä¶."
2,"user user basta analizzare le percentuali di non letalit√† del covid e quelle di garanzia dei vaccini, sono simili. vuole dire che i vaccini non cambieranno la situazione, e lo stiamo gi√† vedendo nei fatti"
2,"user_biasi attenzione leggi bene quello che ho scritto non parlo del vaccino ma dei lotti a cui si fa riferimento se casi simili sono successi in diversi paesi europei il problema non √® in un singolo lotto ma in uno degli eccipienti nella formulazione di questo vaccino"
1,"user le persone che rientrano nelle categorie definite fragili in che modo possono accedere al vaccino prima degli altri?nessuno lo dice!"
2,"user - perch√© chiami vaccino un farmaco sperimentale ?, se fosse un vaccino perch√© far firmare un documento che li solleva da ogni responsabilit√† ?"
1,"user regione marche: liste  per caregiver ad oggi, per i comuni disabili gravi, ancora non aperte, stando al sito della regione, ma  i furbetti del vaccino (es. un avvocato),  sono stati vaccinati nei giorni scorsi pronunciando semplicemente la parola ‚Äúcaregiver‚Äù."
1,"user con 2 dosi cad. significa 1milione di persone vaccinate in 1mese abbondante. 
dai, che tra 60 mesi (5 anni) avremo finito ü•¥ü•∫ü§ïü§™‚ò†Ô∏è"
2,"secondo i dati ufficiali, negli ultimi tre mesi sono morte pi√π persone a causa dei vaccini che nell'ultimo decennio
alvaro colombres garmendia | thebl 03/31/21, 13:54 link"
0,"comunque ieri sera l‚Äôhost del nostro b&amp;b ci ha seriamente detto che non fa il vaccino perch√© a sua sorella adesso rimangono le chiavi attaccate addosso. non ne usciamo."
2,"basta tutti testimonial di vaccini e case farmaceutiche"
0,"utili di pfizer coprono + che adeguatamente costi e rischi
adesso x evitare milioni di morti e rischi varianti x noi bisogna fare licenze obbligatorie nei paesi emergenti e/o sospendere brevetto su questo vaccino (non su quelli che verranno o su farmaci non #covid_19) #11maggio link"
2,"user e‚Äô quello a cui puntavano fin dall‚Äôinizio (ma era roba da complottisti). il test √® inaffidabile ed √® un trattamento medico che nessuno pu√≤ imporre alla persona, tantomeno il vaccino. il #passaportovaccinale possono metterselo in quel posto."
0,"user chi sceglie di non vaccinarsi √® come quello che non rispetta il divieto di sosta e di fermata nei giorni di mercato. chi si √® vaccinato ha pagato il suolo pubblico e si √® iscritto alla camera di commercio, e loro ne approfittano a sbafo."
1,"11) banco informazioni, ti danno un modulo ""lo compilo e glielo d√≤ adesso?"" 
12) ti fanno prendere appuntamento dal sito
13) complimenti ha un appuntamento per consegnare il modulo fra un mese.
14) la pandemia √® finita, non ho la tessera sanitaria e non ho ancora il vaccino"
1,"a quanto pare i #vaccini dopo 7-8 mesi iniziano a perdere efficacia.
il governo intanto sta meditando di ampliare la validit√† del #greenpass da 9 a 12 mesi. link"
0,"sulla vaccinazione #emiliaromagna e #toscana sono al primo posto per organizzazione e somministrazione ai propri residenti √® questa una delle differenze tra il riformismo del buon governo e le chiacchiere populiste un motivo in pi√π per user segretario user"
0,"vaccini fuori lista, in procura a bari primi interrogatori. il legale: ""sono stati chiamati, nessuno ha saltato la fila"" link 
vergogna #infiltrati e #saltafila!!!"
1,"ristoranti, calcetto, pass vaccinale, mense scolastiche: al #cts i nodi da sciogliere in vista delle riaperture del #26aprile
so' problemi
#vaccini #covid19italia"
1,"da luned√¨ 7 giugno verr√† sospesa l'#attivit√† per la somministrazione del vaccino anti-#covid presso l'#ambulatorio distrettuale della asl 3 in via xii ottobre a #genova. l‚Äôattivit√† #vaccinale, si legge nella nota dell'#asl, ‚Äúproseguir√† presso l‚Äô#hub della #fiera del #mare. link"
1,"user eh gi√†... perch√© finora, andando in giro, mi hanno chiesto le vaccinazioni fatte.... certo... ü§¶üèº"
0,"√® bellissimo sentire i commenti delle persone grandi sul momento della loro vaccinazione. servizio,gentilezza degli operatori sanitari e grande soddisfazione x avere ricevuto a loro tutela la salvezza.
siamo in #emiliaromagna"
2,"user vaccinati in quanto codardi, ma non possono dirlo per non perdere la quasi totalit√† dei loro elettori.ü§°"
0,"user_mi_ user sar√† colpa dei vaccini ‚Ä¶ ü§™ü§™ü§™"
1,"user si fa il triage prima del vaccino. l‚Äôoccasione per valutare l‚Äôopportunit√† dovrebbe essere quella"
1,"vaccini in sardegna, ieri oltre 13 mila somministrazioni e 60 mila prenotazioni link"
0,"user #de luca si √® vaccinato per vincere i timori delle persone. lo ha fatto sotto i riflettori. se voleva fare il furbo lo avrebbe fatto di nascosto. se fosse stato in lombardia, i lombardi e tutti noi non avremmo assistito a questo schifo di amministratori incapaci ed inetti."
2,"vaccini covid, morte sospetta di un docente: il piemonte sospende astrazeneca #calabrianotizie #newscalabria link"
2,"basta dittatura‚ùóÔ∏è, [24 lug 2021 alle 21:52]
covid, codacons 
chiede oggi ufficialmente la radiazione dall'albo per roberto burioni, che in un post ha definito ‚Äòsorci‚Äô coloro che non si sottopongono al vaccino augurando agli stessi gli ‚Äòarresti domiciliari  link link"
0,"user user gli operatori sanitari novax debbono essere licenziati in tronco per evitare rischi per gli altri"
0,"user_onnis la vaccinazione (soprattutto quella con vaccino a mrna) abbatte fino al 90% la trasmissione della malattia. tu racconti balle."
2,"user per le missioni glielo ordinano, ""lo fanno per la patria"" e vengono pagati. anche la martani, dietro compenso, si √® iniettata vaccini contro cui faceva finte lotte."
0,"user attenta che cos√¨ ti inimichi tutti gli utenti no vax, no covid, no restrizioni.
'nsomma, sarebbe un bel vanto."
2,"user user_0 la germania ordina e il mondo obbedisce...e non sto giustificando questa vaccinazione che non √® altro che una randomizzazione forzata...ma dobbiamo smetterla di essere allocchi in ogni contesto!"
1,"#dimartedi  #moratti 
ieri ""gli over 80 che non sono stati ancora convocati per la vaccinazione potranno vaccinarsi presentandosi senza prenotazione nel centro vaccinale pi√π vicino dal 7 all'11 aprile'
-oggi ""no lasciate stare..mi sono sbagliata""
dal disastro #lombardia √®  tutto"
0,"il discorso non √® ""chi non chiude √® bravo"", perch√© se c'√® necessit√† si chiude. il discorso dovrebbe essere ""se decido di chiudere devo avere un piano a lungo termine (vaccini, riorganizzazione servizi, ristori..) altrimenti si sta solo prendendo tempo"
0,"ma quindi abbiamo davvero bloccato un vaccino per 30 trombosi su 5 milioni di vaccinati?
#astrazeneca"
1,"#vaccini anti #covid19 in italia, aggiornamento del 11/04/2021 ore 11:28
andamento delle somministrazioni per classe di et√†.
#covid_19 #vaccinaitalia #astrazeneca #coronavirus #pfizer #modernavaccine link"
2,"user_sibari user allora mi dica il vaccino e autorizzato alla vendita in emergenza ma rimane sperimentale fino al 2023 
un obbligo da parte dello stato impone che lo stato stesso si faccia carico di eventuali danni rendendo superfluo il consenso firmato 
chi pagher√†?"
1,"user la roba del contact tracing va avanti da mesi. √® una vergogna ma adesso la colpa ce l'ha pure il governo. non puoi aprire tutto e poi imporre quarantena per i vaccinati. √® un controsenso"
1,"geopolitica dei vaccini - mappa mundi"" link 40"
0,"user user ma tu sei un novax a prescindere o solo un novax nato post covid? e per te il problema sono i microchip inseriti, o altro?"
0,"vaccinato questa mattina 08 00  prima dose con  pftruser  puffazer..... pitzifur  pizziffer   vabbe' so vaccinato üòÇüòÇüòÇüòÇ  #pfizervaccine"
1,"**covid: cottarelli, ‚Äòpass? perch√® un nuovo documento? basta burocrazia‚Äô**: roma, 18 apr. (adnkronos) - ""servono 2-3 mesi per creare il pass unico per chi √® vaccinato, non ha link"
1,"adi: istanza di attivazione procedimento disciplinare per frasi di infermieri contro i no vax | nurse times link"
0,"oh sentite io mi sono truccata figa, magari rimorchio qualche militare al vaccino"
0,"user user ma la variante alpha (inglese) √® di ottobre 2020 e la vaccinazione di massa in uk √® iniziata tra dicembre ‚Äò20 e gennaio ‚Äò21!!!!!! svegliaaaaa!!"
2,"user non √® un vaccino, perche non immunizza contro nulla...."
0,"user oggi la vita degli anziani ha un vaccino. fine. anzi no, facciamo che per chi ritarda il vaccino agli anziani vale la canzone di de gregori: ""perdona tutti quanti tranne qualcuno"""
0,"user io mi sono vaccinato 2 volte, per proteggere mia moglie che ha malattia autoimmune e non pu√≤ vaccinarsi.
poi vedremo a ottobre..."
2,"user user user user user si vaccini..stia a casa..e si protegga dal virusmagico. attenda lo stipendio il 27  compri su amazon e si faccia portare la spesa a casa. saluti"
1,"giro di vite per 45mila sanitari. per i non vaccinati stop all‚Äôattivit√† link"
1,"le spie non sono solo nei film. lo dimostra la vicenda dell‚Äôufficiale arrestato mentre passava ai russi documenti riservati. atto ostile, dice la farnesina mentre mosca minaccia ritorsioni cio√® l‚Äôespulsione di qualche nostro diplomatico. putin non vende solo vaccini sputnik... link"
0,"user un pubblico di sanitari, tutti vaccinati, sarebbe stato un bel gesto! sono o non  sono  i nostri eroi?!??"
0,"user user potete sempre espatriare dove non c'√® praticamente nessun problema italiano: mi sembra - ma ammetto di non essere certo - che in tunisia non ci siano vaccini, greenpass pass e balle varie (sarei stupito del contrario, l√† si lamentano che non li vaccino e non li curano)."
2,"user_pfeddy user_ user quella che ti infetta e ti spedisce in terapia intensiva anche se sei vaccinato ""bucando"" la protezione degli anticorpi link hanno l'80% di vaccinati, e gli √® ripartita l'epidemia"
1,"0,5% vaccinati media per tutta l'africa, 15-20% media europa dell'est. perche' temete l'immigrazione? moriranno tutti, no?"
2,"user user user user guarda che √® pieno di fully vaxxed che si beccano il covid lo stesso. se poi ci aggiungi gli effetti avversi...vedremo da ottobre contro le varianti, quale sar√† la reale efficacia. in gb stanno gi√† aumentando i casi e hanno un numero di vaccinati altissimo."
0,"mi hanno convocata per il vaccino e so felice"
1,"imprenditore della provincia di #perugia si sarebbe vaccinato fingendosi un dipendente scolastico, ma √® stato scoperto e deferito alla procura della repubblica insieme alla moglie, accusata di essere stata sua complice."
1,"user user un po‚Äô hanno anche ragione:non √® che uno si debba assembrare perch√© hanno riaperto, per√≤ con i numeri attuali delle vaccinazioni fatte questa scelta √® un azzardo pi√π che un ragionamento;speriamo solo nell‚Äôarrivo delle temperature alte."
0,"user se procediamo cos√¨, al ritmo di mezzo milione di vaccini giornalieri, se ne pu√≤ uscire in fretta. per quanto mi riguarda, dobbiamo solo sperare che si prosegua su questa strada"
1,"user user user user user scusa ma non capisco che cosa vuoi insinuare,se non rafforzare quello che ho scritto prima.
l'efficenza del vaccino e' alta, ma ad alta correlazione con vicinanza di periodo di fine ciclo vaccinale.
non e' quello che evinci tu dal grafico?"
2,"user non c'√® nessuno che chiede se avesse fatto il vaccino.....ma pensano subito al covid

concorezzo, muore a 15 anni nella sua cameretta. ora si indaga sul covid - cronaca - link link"
1,"green pass, ricciardi: ‚Äúsolo per vaccinati e guariti, tampone non pu√≤ bastare‚Äù link link"
1,"ma i vip/politici lo sanno che possono fare il vaccino anche senza darci la prova con i selfie? viviamo benissimo anche senza."
0,"user user user user nessuno vuole imporre il vaccino, al momento, ma sei tu che stai ipotizzando che sia solo business."
1,"#cronaca #ultimenotizie vaccini in aziende, 2mln #astrazeneca in frigo - link - #tifosi #vaccino link"
2,"user user ma se hanno detto (gliscienziati) che i vaccinati infettano ugualmente.... che si vaccinano a fare?"
1,"user il vaccino per il covid c‚Äô√®, ma quello per la stupidit√† non l‚Äôhanno ancora inventato"
0,"leggi qui l'articolo de l'#unionesarda link 
benissimo! vadano a fare i no-vax da un'altra parte!"
2,"user user ha fatto pi√π morti il vaccino del covid?"
2,"studio scientifico vaccini covid-19
.. forte risposta immunitaria infiammatoria, compresi polmoni e fegato ..
.
.. affaticamento, mal di testa, brividi, dolori muscolari, febbre e dolori articolari ..
.
.. intense reazioni infiammatorie e trombotiche ..
link"
1,"piano vaccini | la preoccupazione dei medici di base | ¬´sui pazienti fragili c'√® il rischio di una giungla delle priorit√†¬ª ‚Äì l'intervista link"
0,"user user il 40% di ricoverati √® vaccinato non vuole dire che il 40% di vaccinati √® ricoverato. le due affermazioni sono molto diverse! mi sembra che in tanti stiano equivocando‚Ä¶"
1,"#covid19 #coronavirus
dati in #toscana #9giugno
‚ñ™Ô∏è 127 nuovi casi
‚ñ™Ô∏è 15.898 tamponi eseguiti
‚ñ™Ô∏è 341 ricoverati (-33 da ieri)
‚ñ™Ô∏è 80 in terapia intensiva (-4 da ieri)
‚ñ™Ô∏è 9 decessi (6.784 totali)
‚ñ™Ô∏è 230.765 guarigioni (+425 da ieri)
‚ñ™Ô∏è 2.390.805 vaccinazioni
link link"
0,"nonni vaccinati, sono un po‚Äô pi√π sollevata‚ù§Ô∏è"
0,"user lascia perdere, dario. siamo entrati nel giro dei bandierini, no euro, no vax, tutti rigorosamente con account fittizi. l'unica via √® il blocco."
2,"#vaccinazioni #greenpass 

chi si √® vaccinato si √® assunto consapevolmente dei rischi firmando una liberatoria.
benissimo, dunque in base al ragionamento dei fanatici dei vaccini, le reazioni avverse vengano curate solo a pagamento.

#ultracorpi #iostoconborghi"
1,"questo non si ferma. vaccini: de luca, se necessario rinvieremo inizio scuola - campania - link link"
0,"grandissimi pezzi di ceüöΩsse unitamente a tutti i üçíoni no vax che vivete nella nostra sicilia-- 
ci siete riusciti siamo primi per contagi e ultimi per vaccinazioni
da luned√¨ 30 saremo di un bel colore giallo!
guardatevi allo specchio e ‚Ä¶.ü§ßü§ß link"
2,"user_ quindi vi vai tu a smentire fior di virologi che hanno affermato che le varianti nascono dai vaccini."
2,"ieri, una signora 82enne che conoscevo, in buona salute, √® morta due giorni dopo il vaccino #pfizer, qui a cagliari. ci siamo mobilitati giustamente perch√© il #covid non uccidesse neppure una persona. dobbiamo fare lo stesso per i vaccini"
1,"speranza ‚Äúpi√π vaccini o non escludiamo restrizioni‚Äù  - #retewebitalia #news #oggi #italia #notizie #accadeoggi - link"
1,"vaccini: ruffo (sissa), ancora in attesa comunicazione asugi. universit√† trieste e udine gi√† informati, cominceranno gioved√¨ #ansa link"
1,"astrazeneca e mix vaccini, il cts respinge le accuse: ‚Äúconfusione non √® colpa nostra‚Äù. ora il pressing del governo sulle mascherine link via user"
0,"user prof con tutti i non vaccinati nell'ambiente scolastico?"
1,"vaccini covid lombardia, moratti: ‚Äúi pazienti vulnerabili possono aderire con il sito delle poste‚Äù link"
2,"user tranqi che col vaccino ci dimezzano"
2,"user user i testimonial come lui  e  affini dovrebbe pubblicare i titoli anticorpali prima e dopo il vaccino. cos√¨, giusto per confermare che sbadatamente  loro non abbiano ricevuto il placebo .lo facciamo perch√© ci teniamo tanto alla loro salute e alla scienza"
0,"l‚Äôok alla presenza di spettatori alle gare di #uefa2020 allo stadio #olimpico √® un gran bel segnale di #speranza (maiuscolo e minuscolo). ora, per√≤, urge un protocollo rigido del #cts e, soprattutto, un‚Äôaccelerazione nelle #vaccinazioni. altrimenti sar√† l‚Äôennesimo, vuoto proclama"
1,"bergamo e brescia l‚Äôannuncio di bertolaso: da domani vaccini a 30 mila persone over 60¬†il bollettino: 318 i morti - a brescia 901 casi - #bergamo #brescia #l‚Äôannuncio link link"
0,"impoante risoluzione del consiglio d‚Äôeuropa : vaccini per tutti senza discriminazioni di ogni genere link"
2,"user_official üòÅüòÅüòÅüòÅüòÅsapete quante varianti devono ancora uscire  parecchie e una cosa grave ///i vaccini non riescono ad anticipare perch√© √® impossibile bloccare il mondo! !!!"
2,"user user no, l'anno scorso non vaccinati c'erano meno contagi, punto, se anche scendono si parla di numeri molto pi√π grandi dell'anno scorso, io mi sto riferendo ai numeri di questo articolo, non so che articolo abbia letto lei."
0,"user user no √® il vaccino porta la febbre √® nella norma üòäüòò"
1,"vaccini lazio, al via 'open week' astrazeneca per maggiorenni - adnkronos link"
0,"credevo di aver bonificato i miei follower, e invece ‚Ä¶ ‚Äòsti novax spuntano come scarafaggi di notte"
1,"brasile. al via campagna ‚Äúvaccini nel braccio e cibo nel piatto‚Äù | radio m modica link"
1,"vaccino o certificato di negativit√† per chi arriva in sardegna: la proposta link"
2,"user e se questi vaccini non fossero sufficienti in futuro (viste le varianti) ??? ci aggiungiamo ulteriori altri vaccini ??
ma per piacereeeeee..........!!"
2,"user sperano che dopo esserti vaccinato muoia di incidente stradale, magari ti porti via altri 3 o 4 ed il risparmio √® sicuro. vogliono bertolaso a roma, pi√π vicino alla palestra in via flaminia, per le sue gesta eroiche."
2,"pioggia di miliardi un anno fa vaccini a raffica oggi imprese pochi euro e al collasso vaccini niente ma ci rendiamo conto di quanto sti personaggi mantenuti da noi ci prendono per il culo intanto citt√† invase da clandestini spacciatori??"
1,"user user user_lucato io vedo la differenza tra chi il vaccino lo ha prodotto e ha vaccinato (tra mille problemi) e chi per ora lo sta solo testando. il resto chiacchiere."
1,"user siamo passati da ""la scuola √® una priorit√†"" a ""guarda a 'sti insegnanti, 3 mesi di ferie e fanno pure il vaccino""..."
1,"in arrivo i primi 40 mila green pass per i valdostani vaccinati contro il covid link"
2,"cosa non ci hanno detto in italia sui vacciniüò±

 link"
1,"user non so se te lo ha detto giorgetti ma il vaccino autarchico avr√† tempi medio-lunghi, non prima del 2022. hai notizie sulla pace fiscale, perch√© ho il sospetto che al mef si vada avanti con cartelle e ganasce fiscali"
1,"anche roberta aveva detto di non parlare di harry perche questa serata era dedicata a louis 
voi harries rovinate‚Ä¶ ‚Äî madonna ma tutto bene hai fatto il vaccino  link"
2,"fino che non avranno vaccinato 18 milioni di italiani loro non si fermano lo sa la sx e anche il cdx"
1,"#vaccini domani, 5 maggio, sul portale della regione #toscana aprono le agende per prenotare il johnson&amp;johnson per chi ha pi√π di 65 anni
link user"
1,"vaccini, stefani-speranza: disabili fra categorie prioritare link"
1,"canavese - a che punto siamo con i vaccini anti covid nella nostra zona? i numeri dell'asl to4 e le prossime date da segnare sul calendario
  link"
0,"sto provando a prenotare il vaccino dall'app indovinate se ce la sto facendo link"
2,"detto questo figliuolo riceve ordini e li esegue. da lui non si cava un ragno dal buco. la vaccinazione dei minorenni √® un atto gravissimo, tirannico, figlio di una ideologia assurda ed inquietanta. purtroppo non bastano le buone maniere per far sentire il proprio dissenso."
2,"‚Äúlo scopo principale della vaccinazione non √® di ordine sanitario‚Äù link"
1,"user ma guarda..io mi fido ciecamente dell'operato dell'esercito, difatti ho scritto che approvo la nomina militare per i vaccini. non amo i militari significa che non amo la vita militare..e non credo sia un offesa"
1,"user tanto pure se tutti i fedelissimi del cav. si schierano ciecamente a favore dei vaccini non ci riescono a fare eleggere berlusconi presidente della repubblica. si illudono mentre vendono l'ultima fetta di culo di chi lo aveva votato"
1,"il livello di esasperazione √® alto e domandare se si √® vaccinati o meno sta diventando un'abitudine come chiedere una tazzina di caff√® al bar. si parla sempre di privacy e protezione dei dati personali e poi in tv, te lo chiedono senza problemi. basta no? user user"
2,"user se esistessero i vaccini, primo. se fossero efficaci, secondo. se non fossero inutili...se, se, se..."
2,"link

#astrazeneca , #antonellaviola e l'allarme sui #vaccini: ""i #rischi superano ampiamente i #benefici, ma non l'hanno letto?"" 

#liberoquotidiano"
0,"user inoltre a fronte degli anziani over 80 e dai 70 ai 79 anni che √® la fascia meno vaccinata e qui bisogna correre davvero bisogna fare una vaccinazione parallela con farmacisti cliniche privati per la popolazione pi√π giovane dai 18 anni in su che √® fondamentale vaccjnare"
2,"user user user user_castellane pi√π che la vaccinazione indiscriminata, √® la vaccinazione obbligata e quindi anche indiscriminata. 
che non sia fatta distinzione tra persona a rischio che possa *scegliere* di vaccinarsi e chi pi√π o meno facilmente sia garantito da cure, dipende dal far risultare assenti le cure"
0,"il generale figliuolo dovrebbe chiedere scusa al popolo italiano
 
tante mostrine , pochi vaccini"
1,"new post: vaccinazioni over80: ecco i documenti da compilare e consegnare a schiranna e rancio valcuvia link"
0,"user_francesco user_it user sono d‚Äôaccordo. certe manifestazioni di violenza, come per esempio negli stadi, non hanno nulla della fede calcistica, molto dell‚Äôidiozia. lo stesso vale per i vaccini, con l‚Äôaggravante che c‚Äô√® in ballo la salute pubblica, oltre che quella personale."
1,"oh mamma non sto praticamente pi√π sui social, tra gli esami e la prenotazione dei vaccini per i miei genitori sono veramente in costante ansia in questo periodo"
1,"user inutile inviare dosi di vaccino alle regioni che non riescono a farle."
2,"user hanno vaccinato le pecore purtroppo per loro sono rimasti i lupi"
1,"user user user user no. l'affermazione di roberta √® corretta. un vaccinato pu√≤ essere positivo e contagiare. io mi riferivo alla famigerata immunit√† di gregge √® mi chiedevo se questa implichi solo che nessuno si ammali gravemente o se porterebbe ad una progressiva estinzione del virus."
0,"user user user parli per lei quando si riferisce a chi √® stolto non coinvolga gli italiani. milioni di morti in tutto il mondo ed ha ancora il coraggio di mettere in dubbio la necessit√† dei vaccini? per sua informazione poi tutti i paesi hanno acquistato vaccini comprese le locomotive europee"
0,"user user user i vaccinati si infettano certamente meno di quelli non vaccinati"
0,"ho letto abbastanza cazzate su #dedonno da parte di fascisti e novax. 
adesso che lui ha compiuto l'estremo gesto, queste bestie cominciano con il solito tam tam complottista. 
almeno per rispetto dell'uomo tacete una buona volta.
strumentalizzatevi sto cazzo."
0,".... aspettando il turno per il vaccino ma porca troooota perch√© al mio comune fan tutti schifo aooooo datelo a tutti wtf"
0,"user user user user_kuzzo cosa c‚Äô√® di non chiaro nell‚Äôaffermazione ‚Äúi vaccini non proteggono dal contagio ma da sviluppo di forme di malattia gravi / morte‚Äù iniziate a sembrare seriamente deficienti a riportare ste notizie."
1,"vaccini, marco rizzo-pc: +√® la guerra dei vaccini, sputnik dato che √® russo non si pu√≤ dare+"" link 54"
0,"vaccino, papa ‚Äústrumento essenziale nella lotta alla pandemia‚Äù link"
1,"user user e siamo gli ultimi ad avere il vaccino , complimenti a lei"
2,"nashville : giovane donna immobilizzata in un letto di ospedale ad una settimana dal vaccino pfizer, senza la possibilit√† di muovere le gambe"
0,"come si chiama quella sensazione di quando vieni a sapere di un conoscente #novax della prima ora finisce in ospedale mentre i suoi parenti vaccinati non hanno neanche un raffreddore? ah s√¨, ""mi ride anche il buco del culo"". #vaccinazioni #covid19"
1,"ultim‚Äôora/ bertolaso promette: ‚Äúentro l‚Äô11 aprile tutti gli over 80 lombardi vaccinati‚Äù | sesto notizie link"
1,"vaccini: quasi 30mila dosi somministrate nell'oristanese link"
2,"user e certo,gli rompete i cogljoni da mattina a sera con restrizioni assurde e senza verit√†...o ti vaccini o resti isolato. siete vergognosi"
0,"covid, persi oltre 9mila posti di lavoro in abruzzo: ‚Äúavanti spediti con campagna vaccini‚Äù link #abruzzo"
2,"user finitela di fare disinformazione!
in ospedale oltre al #greenpass richiedono tampone negativo per assistenza post-parto‚Ä¶
quind il vs. #greenpass e le vs. vaccinazioni non servono ad un cazzo!"
1,"user_maffi user a tg lombardia conferenza stampa prima regione a raggiungere 1 milione di vaccinati"
0,"cari novax ‚Äú libert√† di scelta‚Äù,  la vostra libert√† finisce dove incomincia la mia di non essere contagiata da voi #novax"
1,"2 settembre alle 20:00, a vibo, sar√≤ alla presentazione del libro di matteo bassetti.
intanto √® notizia di oggi:
ennesima aggressione dei no vax nei confronti dell'infettivologo bassetti inseguito e minacciato: ""ci ucciderete tutti con questi vaccini e ve la faremo pagare"". link"
1,"user poi: nessuno di quei paesi √® comparabile al nostro? ho provato ad aggiungerne altri, siamo quelli messi peggio. un problema di gestione deve esserci, considerando ad esempio che un paese come israele nemmeno √® produttore di vaccini"
0,"il presidente mattarella √® intervenuto alla convention annuale di comunione e liberazione. si √® espresso in modo netto sui vaccini, ricordando anche le parole di papa francesco. 
#covid19 #vaccini
link"
0,"l'idea per il futuro di creare un vaccino che possa proteggere contemporaneamente da pi√π coronavirus e pi√π varianti del sars-cov-2. lo studio, in una fase molto iniziale e su animali, ha mostrato primi risultati favorevoli. link"
1,"user_cappellini user ‚Äúancora da definire per√≤ le modalit√† con cui gli aventi diritto secondo il criterio della domiciliazione potranno prenotare il vaccino‚Äù. ancora attese..."
1,"user user bisognerebbe anche chiederle che cosa abbia fatto lei per contribuire ad attuare la proposta di vaccinazioni h24 che entusiasta rilanci√≤ su twitter..."
2,"user eh ma i vaccini sono indispensabili, ci salveranno da questo terribile raffreddore, dopo che tutti avranno avuto almeno 5 dosi"
1,"non mi interessa quale vaccino mi fanno.
mi piacciono sia la pfeiffer che la johansson."
2,"user in us per un vaccino davano una canna. cos√¨ non ci pensavano pi√π. oltre alla birra a 0,50‚Ç¨ ai ragazzi li aspettavano con un dj come in un rave party. piveri ragazzi cosa hanno fatto. vedremo da qui a fine 2022 cosa sara. un accenno gi√† lo avremo questo inverno o no????"
0,"user quindi, se sei no vax te ne stai ben lontana da me"
2,"antidiplomatico:""non si tratta di pro-vax e no-vax"": la discriminazione come metodo educativo e la retorica dell'inclusione link 11"
1,"user user ma lo vogliamo capire che il virus non verr√† sconfitto dai vaccini ,che servono per evitare di prendere il covid in forma lieve o comunque non mortale"
2,"a #controcorrente #fedriga nega che il vaccino crei le nuove varianti.
poi ""io sono favorevole alle scelte del governo fino ad oggi compreso il #greenpass "".

il centrodestra che dovremmo votare."
0,"pensiero per chi si lamenta della cessione di vaccini agli ""stati poveri"": in un pianeta globalizzato la strategia di vaccinazione deve essere strategica. la circolazione di persone √® continua e inarrestabile. l'immunizzazione deve essere globale. il buon cuore non c'entra nulla."
0,"i dati della nuova #campagnavaccinale testimoniano il cambio di passo: in un mese, da 60mila somministrazioni giornaliere a oltre 250mila e abbiamo ampliato platea vaccinatori e punti vaccinali (+30% in un mese). ne ho parlato ieri su user
link"
2,"user user_brigante07 o quello al cosiddetto vaccino"
1,"user user ho scritto *dallo* non *allo*. non mi interessa come si sia vaccinato draghi."
2,"user sicuramente l'obiettivo √® questo, ma dobbiamo ancora capire come faranno a passare dal vaccino al credit score. sicuramente il vaccino √® 1 tassello per elevarsi nella classifica. ma manca ancora qualcosa, ci vuole qualcosa che ""cracki"" il sistema inconscio italiano"
2,"user √® legittimo essere contro il vaccino. non buttare fumo negli occhi."
1,"user_pallina user i vaccini non ti impediscono di contrarre il virus, impediscono teoricamente di avere effetti avversi ad esso."
0,"user_sa io come te sara. era nell'aria, lo temevo, x√≤ averne la conferma fa male lo stesso, soprattutto xch√© con i vaccini che procedono spediti avere un minimo di speranza era lecito...almeno ci fosse stato qualcosa da attendere quest'estate avrebbe fatto meno male e invece nulla üíî"
2,"india 
uomo muore appena dopo aver ricevuto la prima dose del vaccino covid 

man dies shortly after taking first dose of covid vaccine in angul  link"
1,"vaccini: sileri,verosimile ripeterli ogni¬†anno link"
2,"la gravidanza solidale.
il vaccino solidale.
il pass solidale.
gli immobili solidali.
la parolina magica per coprire le porcate."
2,"user user user user beh immagino che sulla stessa barca non ci siamo. te sarai vaccinata e quindi al sicuro da ogni male mentre a noi non rimane che una morte da sorci quali siamo. quindi vedi? hai gi√† tutte le fortune!"
1,"l' #europa si √® dimostrata un fallimento anche per  l' approvvigionamento del #vaccino   #coffeebreakla7"
0,"iniziate vaccinazioni over 70. finalmente! #toscana #vaccini"
0,"tutti voi che state ironizzando sul #deltaplus #deltavariant... ma l'avete fatta almeno una dose di vaccino? no perch√© nel caso non sareste nella posizione giusta per fare dello spirito."
2,"hanno fatto questo video perch√© la nazionale italiana ha vinto e la campagna di vaccinazione sta andando male.link"
0,"user user_francesco user quindi non ti vaccini contro il tetano fino a che non muori di tetano perch√© in base alla tua esperienza personale il tetano non esiste. d'accordo."
0,"user_ansa quelli del si era vaccinato e dove son gi√† arrivati? link"
0,"luned√¨ mi vaccino ma come caregiver (avevo prenotato un mese fa), che voi sappiate la seconda dose viene allungata comunque?"
1,"user insomma ho fatto il vaccino e comincia a farmi molto male il braccio quindi ho messo del ghiaccio √® per questo che rispondo ora scusami"
2,"user user √® esattamente cos√¨. mi piacerebbe poi sapere quanti decessi per coronavirus e quanti invece con coronavirus. ma queste informazioni non le sapremo mai, importante √® negare che il vaccino sia potenzialmente pericoloso."
0,"vaccini, von der leyen: 'almeno 3 mesi per il passaporto ue' 

""vogliamo un passaporto verde a livello ue col quale si possa viaggiare liberamente, per affari e per andare in vacanza, oltre a godere finalmente di eventi culturali, e altro""

link"
0,"# user: covid, figliuolo: ""obiettivo tutti vaccinati entro l'estate"" link"
2,"user il vaccinato √® pericoloso.
si contagia e pu√≤ contagiare.
solo i guariti meritano il green pass."
1,"coronavirus, a matera continuano le vaccinazioni senza prenotazione link"
1,"le battute sul 5g dopo che fate il vaccino anche meno. avete fracassato le palle"
0,"user grande stima matteo.  non cedere di un millimetro davanti ai vaccino-scettici che commentano qui.  la lega √® destra moderna, non un movimento oscurantista e becero."
2,"user user_andme qualcuno vorrebbe escludere i cittadini non vaccinati dal #ssn.
va bene, pero' non saremo piu' tenuti a versare tasse e contribuzioni e ci rivolgeremo al privato.
alla fin dei conti gia' succede: per una visita col ssn mesi di attesa...privatamente domattina alle ore 8.00 !!!"
2,"persino la dottoressa bolgan trova che l'unico modo per uscirne sia la disobbedienza civile. i vaccini sono l'opposto di quello che vogliono farci credere.
link"
0,"user_elide user ironico come molti no-vax si lamentino dell‚Äôesatto contrario, ovvero che i giornalisti non li intervistano abbastanza e che li ignorano perch√© ‚Äúsono giornali di regime‚Äù."
1,"le manifestazioni antivax e il green pass link"
1,"ecco come prenotarsi per ricevere il #vaccinoanticovid.

link"
1,"#piazzapulita intervista di giulia cerino a szlavik janos, infettivologo di budapest, che spiega perch√© il suo paese considera sicuri il vaccino russo e cinese.  link"
2,"user quindi ti sei vaccinato per cosa? dubito che tu l'abbia fatto sapendo che avresti corso il rischio di morire lo stesso. dai."
0,"user @_clappuccino user user se vuoi tanto guardare l'efficacia dei vaccini guarda il grafico sulle terapie intensive e sui decessi covid in gran bretagna, e magari cambi idea, o ti devo spiegare anche quello dato che non lo sai leggere?"
0,"i #vaccini slegano l‚Äôandamento dei contagi da quello dei morti.
vedremo il prosieguo, ma l‚Äôeffetto comincia ad essere evidente.
#variantedelta 

    russia 13%                uk  63%
      1st dose                    1st dose link"
1,"asl avellino. sospensione attivit√†‚Äô centri vaccinali nella giornata di domani, luned√¨ riprendono le vaccinazioni - link link"
1,"üëâ per raggiungere la vaccinazione globale da #covid19 √® stata sollecitata la deroga alle norme sulla propriet√† intellettuale previste dell‚Äôaccordo di marrakesh
#wolterskluweritalia #coronavirus #vaccini 
link"
2,"user user si vabb√©, l'aiuto a completare la frase: ""ci sono poi medici che non vogliono essere vaccinati, e possono avere diverse motivazioni, a volte coincidono con i no vax, ma non tutti sono incanalabili in questo filone"""
0,"vaccino, lo psicologo: cosi' giovani escono da pantano emotivo
 link"
2,"user siamo sempre guariti dalle polmoniti, le cure esistono.. √® di vaccino che si muore, e non ci sono storie, e non sanno nemmeno riconoscerlo tanto pi√π che essendo sperimentale dovrebbero verificare le cause dei decessi anzich√© catalogarli come ‚Äúmalore improvviso ‚Äú... vergogna.."
1,"prima √® mutato il virus, adesso su twitter mutano anche i vaccini. l'hashtag #astrazeneca diventa #astrazenaca e diventa virale."
2,"user ""forzare"", il governo e le istituzioni vogliono forzare un vaccino sperimentale e pericoloso nelle persone. buttate fuori questi delinquenti fascisti!!!"
1,"gds: ""#sicilia. vaccini in farmacia, si parte il 15 luglio""
link"
0,"user se vai in giro sono quasi tutti senza mascherina o distanziamento 

vaccino non significa zero casi ma ospedali liberi e gente non al cimitero 

se fai anti influenzale non ti dice che non la prendi ma che se la prendi √® leggera"
0,"user_dr user_acm ognuno √® libero di fare ci√≤ che vuole e se ne assume le responsabilit√†..detto questo io mi sono vaccinato.."
1,"chiedete a #vaia del vaccino #reithera #spallanzani #domenicain. confidiamo in #giovannabotteri"
0,"user si ok, √® un intimidazione un abuso una via di mezzo, ma in realta se ho capito lei ha criticato il generale responsabile della logistica dell approvvigionamento vaccini perch√© non vuole vedere le divise, che √® assurdo perch√© ora i vaccini circolano meglio"
1,"insomma, uk segue israele e vuole introdurre il pass vaccinale per l'accesso a pub, ristoranti, teatri, etc. esenzione solo per ospedali e supermercati. 
questi sono i due stati pi√π avanti con le vaccinazioni. 

poi non dite che non ve l'avevo detto. link"
2,"fa il vaccino pfizer alle 14 45 muore alle 16,30   link"
2,"user_cersei nei laboratori militari c'√® la prassi di sviluppare parallelamente a ogni arma biologica il suo vaccino.
link"
0,"user user user_enricorosso user user user user user genio, invece di scaricare la responsabilit√† su chi lavora sodo per portare il pane a casa chiedi che venga imposto l'obbligo vaccinale. che poi ce li ricordiamo quelli come te quando si siedono a tavola e qui ci verresti perch√© siamo tutti vaccinati."
0,"a questo punto per√≤ c‚Äô√® da aspettarsi anche il titolo ‚Äúmuore all‚Äôimprovviso, una settimana fa aveva prenotato il vaccino #astrazeneca‚Äù link"
1,"marsala: rissa per i vaccini covid clicca per leggere link"
0,"ad ottobre, quando ci rinchiuderanno nuovamente, ricordate che quel 30% in meno di efficacia del vaccino pu√≤ comunque fare la differenza! quindi vaccinatevi!
perch√© anche per delta, con il vaccino per lo meno non muoio, senza non so! sappiatelo!
#greenpassobbligatorio #pfizerdown"
2,"tutti leoni e poi si cagano sotto...e fanno le corse per fare il vaccino"
2,"ecco qua... infettata anche una ragazza vaccinata con due dosi. perch√© rompete i c... ai non vaccinati? qual √® la differenza? deficienti! link"
1,"user al 110%.
in omaggio se ti vaccini patuanelli ti paga l'efficientamento energetico. 

citofonare user per dettagli tecnici e user per la semplicissima pratica bonus...

üòé"
1,"user user_alpopolo fammi capire: sull'obbligatoriet√† del vaccino e sul passaporto vaccinale cosa ne pensi?"
1,"user ma di che parla? come se qui ik problema fosse la gente e non come √® stata gestita l'epidemia, vaccinazioni comprese"
0,"user_opamp user 1 i vaccini mrna vengono studiati da 20 anni quindi se ne conoscono gli effetti a lungo termine.
2 in europa sono stati rilasciati con la pratica dell'approvazione condizionata, utilizzata con dal 2006 con diversi altri farmaci."
1,"user_marco79 si ma la prevalenza tra non vaccinati 80enni √® passata da quasi 600 a 200...dovrebbe essere triplicata questa popolazione, impossibile"
