2,"user un vaccino contro il cancro (hpv) è efficacissimo e sicurissimo. il 50% dei genitori lo rifiuta per i figli adolescenti"
3,"user user_meluzzi vaccinatevi voi, io voglio una cura non un vaccino."
1,"user user user quando i no vax ti entrano nell'account"
2,"user giovanni caro, cosa vuoi che ti dicano parlando ogni giorno. che hanno scoperto il vaccino? ti do una notizia: domani diranno le stesse cose di ieri. e dopodomani le stesse cose di domani"
1,"user il bello se possimo dire cosi  
i #novax la stragrande maggioranza sta propri in quelle zone interessate da virus"
2,"a che punto siamo con la sperimentazione del vaccino anti covid-19? link"
2,"coronavirus, oms: per vaccino dovremo attendere almeno 18 mesi link"
3,"user user eh si, hanno proprio da parlare  sul vaccino hpv. visto le belle esperienze. link"
3,"zingaretti: 'la mascherina diventi la moda dell'estate, la metteremo fino al vaccino' link via user  maledetti"
1,"user io e te siamo più furbi appena esce ci si fa il vaccino
^  ^"
1,"user user come per pochi, il vaccino per la polio l'hanno fatto tutti. e sono ancora vivi."
1,"user user user peccato che a prescindere dalla cura, il vaccino serva."
2,"user user who e unicef  controllano i programmi di immunizzazione in moltissimi paesi per epatite, polio, rosolia ecc.  link     link"
2,"#coronavirus. test animali bypassati negli stati uniti per la #ricerca di un #vaccino? no! facciamo chiarezza.
#sperimentazioneanimale #covid19
link"
1,"user almeno per il covid possiamo trovare cura e vaccino"
1,"user user questo perché dipende dal vaccino. l'anno scorso ad esempio alcune regioni hanno comprato il vaccino trivalente che non dava sufficiente copertura. in sardegna avevamo il tetra che invece ha protetto."
1,"nicola zingaretti : ordinanza regione lazio vaccinazione obbligatoria - firma la petizione! link via user firmiamo brava gente"
3,"quando anche sui foglietti informativi del vaccino difterite tetano pertosse e polio (dtap)  scritto che pu causare morte infantile improvvisa (#sids) ma la #scienzah ancora non si sa spiegare il perch della morte in culla...  leggere i foglietti informativi, per esempio? no? link"
2,"il canada avvia i test clinici del vaccino contro coronavirus - link link"
3,"avete vaccinato le vs. ragazze? poi toccher anche ai ragazzi! vi obbligano facendovi credere che  giusto. questo  il risultato. link"
3,"questi bambini non festeggeranno nessun natale, il #vaccino li ha portati via. link"
1,"annunciati oggi i primi risultati promettenti di un candidato vaccino covid 19 link"
1,"user non è il virus che ha perso forza, è l’uomo che è più “forte” a combatterlo. col lockdown, le mascherine, il distanziamento, le diagnosi precoci, le terapie più mirate..forse un giorno muterà e si trasformerà in un virus del raffreddore.  un giorno. forse prima avremo un vaccino"
1,"user_____1 user_ronchetti user penso intendesse sul totale delle malattie. sono moltissime quelle senza un vaccino. attenzione, non si sta dicendo che siano inutili e non vadano fatti."
1,"user sterili polemiche a parte... dopo aver debellato i virus epatitici (hbv/vaccino, hcv/farmaci) anche il covid-19 non avrà scampo! per i no vax: il rischio dei virus è pandemico, quello per i vaccini è infinitesimo! link"
2,"il bundestag tedesco ieri ha approvato una legge che stabilisce l'obbligo del vaccino contro il morbillo come condizione per iscrivere i bambini all'asilo nido. il 65 per cento ha votato s�, in 105 si sono astenuti. unico ad aver votato contro � il partito alleato della lega: afd"
2,"milioni di #migranti senza identit�, senza storia sanitaria. senza alcun #vaccino, senza alcun obbligo... #meningite"
3,"oggi in tv la glaxo pubblicizzava il vaccino per la meningite b affermando che gli altri vaccini per la meningite non fanno un gran che.....se prima mi facevano schifo ora gli darei fuoco....(cit.)"
1,"user user user user mi sono spiegato? 
la mia domanda è semplice: lockdown fino al vaccino? 
o è il caso di progettare un futuro prossimo?"
1,"user user user user user_dibattista user spero ci toglieremo di torno tutti coloro che agiscono malamente (per incapacità o per altri motivi). voi affidatevi ai novax, mi raccomando."
1,"user ma poi quando qualcuno le fa notare che la maggior parte dei morti sono over 65 che non avevano indicazione nel fare il vaccino per la meningite ha risposto:gli hanno fatto l'antinfluenzale peccato che quest'ultimo lo fanno ogni anno in tutta italia (a chi vuole,mica è un obbligo link"
3,"user_2016 user si il vaccino potrebbe essere una scelta ... ma dovresti poi fare i conti con la malattia... se ti va male vai in ospedale in terapia intensiva !mettiamo il caso che ti va bene , guarisci ma ciò non ti immunizza... potresti riprenderlo .... allora .... è tua la scelta"
1,"i #novax oggi #coronvirusitalia link"
1,"user al di là di questo, ci sarà comunque timore... perchè non ci sarà ancora una cura certa nè un vaccino..."
1,"adnkronos: madre no vax non gli dà farmaco contro influenza, bimbo muore a 4 anni.
link"
3,"user user user user hanno secoli di esperienza. mica creano un virus antiuomo senza pensare prima al vaccino..."
1,"user user user_ composta da cellule t e cellule b specifiche per quel microorganismo. le cellule b produco gli anticorpi che permettono di renderci immuni. chi si vaccino non potrà mai essere contagioso perché per essere contagiosi bisogna avere il virus cosa che se ti"
2,"coronavirus, de donno:‘abbiamo il farmaco,il plasma è più potente del vaccino’ link"
3,"il fumetto dell’ue del 2012 dove era stato previsto tutto: dalla pandemia al vaccino

link"
2,"user guardo il giappone, nessun vaccino, non servirebbe! la scienza e gli scienziati (quelli veri e onesti) dovrebbero studiare la cura."
2,"insieme al vaccino, a un bambino verrebbe iniettato un po 'di colorante invisibile ad occhio nudo ma facilmente visibile con uno speciale filtro per telefono cellulare user user user user_gibilisco user  link"
1,"conte, mascherine finché manca vaccino link"
2,"user user user user non i tempi di somministrazione, i tempi di produzione. per produrre la quantità di vaccino necessaria per la popolazione servirà moltissimo tempo"
3,"#ivaccinisonosicuri la rivista #vaccines ha pubblicato un lavoro di ricercatori dell'universit di bari, dove si  monitorato in maniera attiva le reazioni avverse al #vaccino #mprv.  #aifa riporta 12,7 reazioni gravi su 100.000 dosi, lo studio ne ha riscontrate 3.800 su 100.000 link"
1,"user_argiola la situazione credo sia di non ritorno: quanto si può durare?! 1,2 ,3 mesi, non so la cosa qui è link vuole un vaccino e poi bloccare la cina con il suo schifo"
1,"siamo solo delle piadine

#coronavirus #vaccino link"
3,"user user user user prima cosa cercherei di capirci qualcosa, visto che le certezze sono assai poche. 
invocano il vaccino per una malattia della quale non sanno ancora un tubo."
1,"un batterio intestinale complice dell'infarto. lo hanno scoperto scienziati del policlinico universitario umberto i di roma. la scoperta potrebbe gettare le basi per un vaccino preventivo anti-infarto e per terapie mirate. #ansa #infarto #salute #cuore link"
1,"pensavo che quei dementi dei #novax fossero spariti ed invece eccoli spuntare come funghi alla notizia di #djokovic link"
1,"quanto vorrei che una onesta e capace equipe italiana trovasse il vaccino anti #covid?19  ed esigesse in cambio del lavoro svolto: niente! solo la salute della popolazione mondiale. avvoltoi siete avvoltoi. �ngopp �o sang da povera gente nun guardano �nfacc�a niente�."
3,"#vaccini. qualche domanda? link"
2,"le foche: “coronavirus in zona cesarini. andrà via prima del vaccino” link"
2,"la germania ha introdotto lobbligo del vaccino contro il morbillo per gli studenti e i bambini degli asili nido link"
1,"user il problema è che, in qualche modo, le misure di contenimento appaiono ormai come qualcosa ""di sinistra"" (esattamente come è andata per i vaccini).
basta guardare i profili: bandierina -&gt; ""basta con questa dittatura!"" -&gt; ""è un complotto per il vaccino!"" -&gt; ""w tarro e montagnier!"""
2,"ma secondo voi che cazzo doveva dire?? uscite vedetevi e moltiplicatevi! cazzo è una pandemia mondaliale causata da un virus per cui nn esiste  un vaccino...svegliaa #fase2"
3,"ditemi che questi #vaccini sono sicuri, ditemi che non hanno strappato questi bimbi alla loro gioia di essere tali rendendoli autistici. venitemi a dire che prima della vaccinazione stavano bene ed erano sani. ditemi che dal giorno successivo il buio  calato. diteci perch. link"
1,"coronavirus, bill gates: ""vaccino? se funziona lo pago io"" link"
3,"user qui la church of satan, ovviamente pro vaccini, che si lancia nella difesa totale del vaccino hpv ???? link"
2,"link la ministra interviene sulla polemica scatenata dai governatori della lega (una volta non strizzavano tutti l'occhio ai no vax?) #coronavirus"
1,"user user_daniele user se il plasma funziona, non c'é nessun motivo perché il vaccino non possa dare immunità contro  virus. e poi, il plasma é una cura mentre il vaccino evita che ti venga la malattia. meglio prevenire che curare, no?"
1,"riflessione triste: questa settimana 639.000 casi di influenza, dall�inizio della stagione sono pi� di 3.500.000, prevenibili con una vaccinazione che costa pochi euro e che e� gratuita per gli ultra65enni e per i soggetti a rischio ma che pochi fanno"
1,"user funzionano tranquilla non e' dei ventilatori che devi preoccuparti ma della capacita' della gente di saper reagire in attesa del vaccino santo"
1,"la buona notizia è che un vaccino c'è per il #coronavirus, la brutta notizia è che è riservato per i soldati usa.
#defendereurope20"
1,"ho appena letto un ""io non mi vaccino a pre-scindere"",e la ""fase 2"" ora mi angoscia più della quarantena..."
3,"guardacaso ha dimenticato di citare il fatto che la ragazza morta fosse stata vaccinata. guardacaso tra tutti i non vaccinati, poi muoiono spesso i vaccinati.  ma sar perch il #vaccino crea uno squilibrio nelle immunit antigeniche cit. alessio tomasello link"
3,"user user user user voi quanto siete affidabili ?

link link"
2,"coronavirus, la corsa al vaccino: 118 candidati, 10 in sperimentazione clinica link"
2,"di maio: «ora un’alleanza internazionale per mettere a punto il vaccino» link"
3,"user user con i soldi nostri! c'è la cura, la mallatia non dà l immunità, il vaccino non serve! date i soldi alle imprese e alla gente! prima del vaccino andrete in galera voi!"
1,"user che è come dire : chi ha attuato meglio il lockdown continui fino al vaccino."
3,"#dimartedì i karcerati vengono pagati per provare il vaccino ed anke per essere infettati. la libertà vale di più"
3,"user_orsa user user user_boccia lo dico dal primo giorno, l'influenza stagionale fa molto pi� vittime e contagia milioni di persone nonostante il vaccino,il terrorismo mediatico fa il resto !!"
3,"luogocomune:dove sono finiti i novax? tranquilli, sono tutti qui, a guardarvi sprofondare nel ridicolo   link 97"
1,"user in cina sono rimasti ""blindati"" circa 2 mesi e ora con estrema cautela iniziano ad uscire...se non abbiamo un vaccino, la trafila e' questa, non ci sono alternative."
3,"link il tribunale condanna il ministero della salute, che non paga... nonostante sia stato riconosciuto colpevole! oltre il danno da vaccino...la beffa!  #vaccini #stragedistato"
3,"user user user user user giusto che venga impiegata e che venga ulteriormente approfondita magari con tecniche, già in studio, che permettano di produrre più sacche da un unico prelievo, quello che non è giusto è zittire tutto perchè il vaccino è l'unica cosa importante... sappiamo per chi..."
1,"user user non si potrà ripartire normalmente fino al vaccino lo stanno dicendo in tutti i modi gli scienziati"
2,"non dite cazzate!!!!coronavirus, die welt: ""trump cerca di corrompere azienda tedesca per avere il vaccino"". ma società farmaceutica smentisce - il fatto quotidiano link"
1,"desiderio n5- #polmonite: vaccino accessibile per tutti i bambini nel mondo.molti muoiono ancora per una malattia prevenibile. nel 2020 vorremmo vedere cancellate questa terribile ingiustizia. #spazioallecure link link"
1,"user user user c) sapevate che per legge un donatore può donare ogni 30 giorni? 
d) sapevate che la donazione e’ volontaria e quindi non si può contare su disponibilità illimitata di plasma mentre sul vaccino si"
2,"ho la febbre no, mia madre non so che ha scritto sul gruppo di classe-1itori su questo fatto. litigano da ieri discutendo se il vaccino serve o meno. ammazzatemi che faccio prima."
3,"fa il richiamo vaccinale contro tre infezioni batteriche. muore a causa di un infezione batterica dopo aver fatto il vaccino.  colpa dell'infezione batterica spuntata dal nulla. come morire pugnalato,  colpa del coltello, ovvio ???? link"
2,"coronavirus, la rete dei no vax boicotta il vaccino per il covid19: &amp;laquo;&amp;egrave; tutta una truffa&amp;raquo; link"
2,"user user user user user user user user user user user user user user user user user user user_ user user user user user user user user user user user buongiorno lidia. saremo anche un popolo di adolescenti ma dobbiamo crescere e non è possibile rimanere a casa fino a quando si troverà il vaccino. non possiamo permetterci di vivere di rendita . non tutti almeno."
2,"vaccino, test positivi in usa oms, in 100 chiedono un’inchiesta link"
2,"coronavirus: vaccino anti covid-19, è una ragazza la prima persona italiana a testarlo. ecco dove e come link #meteo via user"
1,"user_grillo adesso vuoi un bel vaccino? ma dai? senza vergogna!"
1,"user user user lo sono pure io....e so cosa vuol dire respirare male per infiammazione o allergeni, pulisco casa di continuo il vaccino antinfluenzale lo evito ma questo ben venga per me a 60 anni meglio non rischiare, se sono stati così male a 18 e 38
poi ognuno è libero di pensarla come vuole"
3," user: il vaccino anti influenza � gratis eppure la maggior parte dei dipendenti della asl lo rifiutano: un perch� ci sar� e noi�"
1,"vaccino covid-19 sanofi link"
3,"#coronavirus, il terrore continuera' finche' non arrivera' il ""#vaccino miracoloso"". tanto i decessi da strumentalizzare non mancano... link"
2,"dicono che il corona calerà di vittime verso il venti aprile (mio compleanno) ma il vaccino è ancora lontano"
1,"user ma si figuri! l' unica speranza è un vaccino.. questi non ne vogliono sentir parlare di chiudere alcunché.. cmq, ho scoperto che lei è l' unica.. fino ad ora.. bocconiana di cui condivido ciò che scrive, dico l' ""unica"" perché con bifarini ci ho litigato, e mi ha bloccato.."
2,"user trovare una cura per guarire una volta infetti,  quale vantaggio porterebbe rispetto ad un vaccino?"
3,"invalida per colpa del vaccino contro l'influenza.  il giornale parla di ""incredibile vicenda"".  l'incredibile vicenda  cos incredibile, che  accaduta gi a centinaia di persone. link"
1,"sto pensando che israele in un colpo solo avrebbe la possibilità di asfaltare bds e no-vax...
#amisraelchai #istandwithisrael #pasqua2020 #iorestoacasa"
3,"user quindi il vaccino per chi l'ha già fatto non serve a nulla,contando poi anche che se te lo riprendi te lo riprendi in maniera più lieve...  alla 4° volte che lo fai non ti fa più una mazza? tutto sto panico istituzionale è solo per questa ""gara"" internazionale sul virus e basta"
3,"al cotugno, ospedale di napoli specializzato in malattie infettive, vi sono stati alcuni casi di meningite. stessa cosa a bergamo. questo per� � un ceppo contro cui non c'� vaccino che tenga perch� il ceppo � subsahariano. silenzio totale dei media, ovviamente."
1,"coronavirus, dalla cina primi successi per il vaccino link"
3,"tutto corrono a vaccinarsi contro la meningite quando il superbatterio new delhi continua imperterrito a mietere vittime...eppure se ne parla molto poco! sapete perch? perch non esiste, al momento, nessun vaccino in commercio... tranquilli si stanno organizzando... link"
3,"user user “c’è il rischio che il virus sparisca prima dell'arrivo del vaccino: siamo preoccupati""

link"
1,"user user per quello la gente fa il vaccino per l’influenza!!! cea gente non può permettersi di avere un’influenzaaaaaaaaa"
3,"il #coronavirus è una #pandemia mondiale, questo vuol dire che se trovano il vaccino obbligheranno 7,5 miliardi di persone a vaccinarsi?sarebbe l'affare mai visto sul pianeta, forse ci metto troppa fantasia,ma se fosse io non mi vaccino"
2,"user ti giuro che rula ha detto così.
che gli stati repubblicani americani sono no vax e contrari alla scienza.
e i poveri si ammalano.
giuro."
1,"user user user e per quello che non mette le pubblicazioni nel cv?  guardi, io parlo con tutti, ma non con i no vax. quindi mi scusi"
3,"user devono sparire i governatori che impongono mascherine all'aperto...ci vogliono malati e pronti per il colpo di grazia...il vaccino...venduti!"
1,"user user_stordita normale, senza vaccino, è impossibile"
1,"stanno andando veloci come razzi, tutti i gruppi, in tutto il mondo pfizer begins human trials of possible coronavirus vaccine - the new york times link"
3,"user user_inchieste user di come no ,ci fa crepare con il vaccino fatto da soros da gates e finanziato da conte ,ci vogliono morti"
1,"iniziamo male anche oggi: mi alzo e vedo che quell’ignorante della mia vecchia host mom americana scrive poemi su facebook su come il coronavirus sia stato creato in laboratorio e poi trasmesso intenzionalmente per obbligare i no-vax a vaccinarsi"
3,"user user user user le sfugge la differenza fra #vaccino e vaccino obbligatorio. quando sarà pronto ognuno deve decidere in accordo con il proprio medico di fiducia se farlo o meno. per esempio per questo medico è meno letale di polmoniti normali... link"
1,"orde di #novax contro il vaccino per il #covid19;
complottisti di ogni ordine e grado;
anti #5g che si improvvisano medici con il dottorato alla nasa;
fratelli d’italia e #lega che insieme arrivano al 40%.

insomma.
cazzo vi aspettavate di più dalla #finedelmondo?"
3,"user esempio di presa in giro,-per il coronavirus può essere utile iniettarsi del disinfettante- tutta la stampa indignata e poi ti accorgi che gli ingredienti comuni per il vaccino sono: 
 thimerosal - disinfettante 
 formaldeide - disinfettante"
2,"user il riferimento alla vaccinazione contro l'influenza non è per proteggersi dal coronavirus, vero? no perché, a me sembra scritto in maniera leggermente ambigua e la mamma dello scemo..."
2,"covid-19: parte negli usa sperimentazione #vaccino a mrna | #ecm link"
2,"vaccino, ecco perché non sarà per tutti. la sanofi ha già promesso le prime dosi agli usa link di user"
3,"hai gi avuto il morbillo ?  uguale ,o fai il #vaccino deciso dalla #scienza o sei fuori dallasilo.  complimenti anche al sindaco di pisa (user) che non ha ancora fatto niente per evitare schifezze come queste. user regionali 2020 ci ricorderemo #vaccini link"
2,"per trovare un vaccino contro il coronavirus serve un nuovo “progetto manhattan” link"
2,"coronavirus: il vaccino in un anno in poche settimane test sulluomo -  #coronavirus: #vaccino #poche  link"
2,"a fine aprile cominceranno i test sull'uomo del vaccino anti coronavirus
via user link"
3,"la smettiamo con sta storia del vaccino? 
tra l'altro fermate gates, grazie
link"
3,"user un virus muta, il vaccino non ti dà alcuna garanzia"
3,"dopo l'intervista di pregliasco che ha dichiarato pubblicamente l'importanza del vaccino antinfluenzale per prevenire il #coronarvirus, ho capito a cosa serve aver generato il panico a cui assistiamo da giorni: a smaltire le dosi di vaccino antinfluenzale! semplice...????"
1,"user_angela user ricordatelo, quando uscirà il vaccino per il covid, dille che se lo fa aiuti i suoi figli a menarla"
2,"user user quello senz’altro! 
non è cambiato molto rispetto a un mese fa’: non c’è un farmaco, il vaccino arriverà l’anno prossimo, gli ospedali sono pieni... per cui riaprire alla carlona è molto rischioso!"
2,"user hanno ricevuto il nulla osta da bruxelles a lasciare tutto aperto.
il progetto inizialmente era l'attacco biologico alla cina ma dai vertici è arrivato l'ordine di scremare la popolazione mondiale. siamo decisamente troppi 7 miliardi. il vaccino c'è ma è solo per gli eletti."
3,"stefano montanari: un altro eroe antivaccinista lascia | nextquotidiano link"
1,"emilia romagna ore 14 , vado senza appuntamento a asl per vaccino antinfluenzale. fatto. esco alle 14,30 e dopo alcune ore mi � arrivata la email con aggiornamento del mio libretto vaccinale, anche nel fascicolo sanitario online una sanit� proprio da cambiare, mi raccomando ????"
3,"un anno fa moriva il piccolo samuel di martino, a poche ore di distanza dalla somministrazione di un vaccino, antimeningococco b prodotto dalla glaxo. la procura nomina un perito per stabilire la verit sulla terribile scomparsa di un cucciolo di soli 5 mesi.  segue link"
1,"a questo punto cederei la parola a quei geni dei no vax."
1,"user user user fintanto che non si trova un vaccino o r0 va sotto 1, questa e' un'emergenza sanitaria di massimo livello. la gente non deve andare in panico, ma nemmeno perdere la propria attenzione 2/2"
3,"user ...ho letto un'intervista di un virologo di cui non ricordo il nome, che il vaccino antinfluenzale abbassa le difese immunitarie del 40%, perciò è più facile prendere il covid19, e non solo..."
1,"user vaccino, 5g, troika, contante, microchip.....questi sono dei pazzi"
3,"user user user user ma è quello che dico io solo che la cura non farebbe entrare tutti i soldi che porterebbe un vaccino"
1,"stamattina nella sala colazioni di un agriturismo nel padovano ho appreso “con certezza” che dietro il #coronavirus c’è bill gates che possiede 5 case farmaceutiche che ora svilupperanno il vaccino e sai che soldi, altro che microsoft. ora chiamo i miei direttori e sai che scoop."
2,"antidiplomatico:negli usa testato sull'uomo il primo vaccino contro il coronavirus link 96"
3,"coronavirus, “sul vaccino c’è troppo ottimismo’   link"
3,"user user user user user giusto, falso perché risulta letale probabilmente per il 98% e forse anche meno. tarro non ha detto che il vaccino non serve, ma che forse non sarà efficace. anche ilaria capua ha detto che non per forza il vaccino sarà necessario."
2,"creato un vaccino-cerotto contro il #coronavirus: bene i primi test sui topi. la university of pittsburgh school of medicine anticipa: il vaccino potrebbe entrare già entro un mese nei test clinici di fase i su individui.
#covid19 #covid19italia"
1,"user l’essere uniti credo sia una chimera. io ad esempio auspicherei una unità, uno scambio di informazioni tra questi ca. 40 team di scienziati che cercano un vaccino. ma ognuno farà per conto suo purtroppo"
3,"user vogliono mantenere il blocco per persuaderci che possiamo uscirne solo con un vaccino. l'italia è un laboratorio per prove tecniche di totalitarismo"
2,"la più recente variante di quella alternativa è rappresentata dalla teoria di lui montagnier. secondo questi, premio nobel 2008 per la medicina, il virus sarebbe sfuggito dal laboratorio cinese di wuhan durante un esperimento destinato a produrre un vaccino contro l’aids"
1,"un certo ""giornalismo"" � l'arma di distrazione di massa di certa ""politica"".  dove sono i demagoghi pro #novax #freevax? perch� cari accattoni di voti non andate in tv ora a dire:alla ""gggente"" va garantita la libert� di scelta se vaccinarsi o no? #coronavirusitalia #coronavirus"
3,"user_grillo caro beppe stai parlando di un bimbo danneggiato da vaccino? tu lo sapevi bene prima di venderti al patto della scienza di burioni..."
1,"user user i gruppi di pettegolezzi dei genitori nelle scuole, comunque gestiti (e wa è il peggio) andrebbero perseguiti per legge. come i no vax."
3,"user non ha una bella cera il caro e vecchio bill!

ne vedremo delle belle con questo vaccino della vergogna!

appuntamento in tribunale!"
2,"italiani se pensate che #trump sia una merda a chiedere il vaccino in esclusiva per gli americani, ricordatevi che salvini è il suo equivalente italiano e che almeno il 30% di voi lo voterebbe.

la sagra degli stronzi."
2,"user e se magari, prima del vaccino, arrivasse una cura? non é la stessa cosa, ma sarebbe una gran cosa. ed é meno complessa."
2,"user aspetta silvia, non è un vaccino ma un farmaco"
1,"user nel senso che infierire non è nella mia natura.

dato che non è medico, sul web troverà qualcosa sulla fake della ruggine.

e magari scoprirà pure che i novax sono solo un mezzo per taluni di ottenere cuoricini a prezzo di saldo. 

ma non vorrei farla pensare troppo."
1,"standing ovation per user, ordinario di microbiologia al user e docente della scuola di igiene a user per l'intervista su user e per il contributo alla lotta contro la vaccine hesitancy e le fake news in italia. link"
1,"a tutti quelli che vogliono tornare in chiesa per la messa propongo di curarsi non con il futuro vaccino per #covid19 ma di affidarsi al cuore immacolato di maria #asteroide #sciacalli"
2,"user user ennesima menzogna del governo conte: solo propaganda politica. non esiste nessun vaccino pronto per il prossimo autunno né alcun accordo con l'italia: link"
3,"user user l’australia ha vaccinazioni obbligatorie vietnam e thailandia ha vaccinazioni consigliate . io sono contrario al vaccino covid . questo cercavo di far capire e non accetterò nessun tipo di imposizione ."
1,"user bisogna avere il coraggio di trovare una strategia sociale ed economica per stare tutti a casa fino al vaccino senza dire cazzate e prendere tempo. nella mia regione ci sono stati più di tremila morti non penso che la gente è cogliona sa che mostro è ma vuole risposte economiche"
1,"anche voi quando partono i complotti sulle nanotecnologie attivabili in seguito al vaccino antikovid!!!# iniziate a grattarvi il cuoio capelluto come giucas link"
1,"user niente fretta , ma neanche coma, la gente deve poter ripartire con tutte le cautele. non possiamo stare un anno in casa finché non si troverà un vaccino. bisogna conviverci con tutte le cautele , la gente ha bisogno di lavorare per mangiare. la gente non vive di o..m.s ."
3,"ieri � morto il padre di una mia carissima amica. aveva 73 anni. gli era stato somministrato il vaccino antinfluenzale e da l� � iniziato un calvario: polmonite, problemi neurologici e di deambulazione, che lo hanno portato su una sedia a rotelle. #lastragesilenziosa"
2,"gli usa (e bill gates) in pole nella corsa al vaccino per il coronavirus link"
2,"è più facile trovare il vaccino #covid19 che un acquirente per
#alitalia"
3,"user mia madre, 85 anni, consigliata dal medico e caldeggiata da mio fratello, ha voluto sottoporsi al vaccino antinfluenzale. ora ha avuto un netto aggravamento delle sue condizioni, con gravi difficolt� di deambulazione, problemi neurologici"
3,"user no no,
dovete stare buonetti e ammalati che poi arriva il vaccino e allora sarete miracolati.
maledetta big pharma e i suoi ignobili servi."
1,"user io faccio il vaccino dal 2001.
nel 2000 avevo avuto un’influenza terribile che non passava mai.
ma nessuno ricorda l’asiatica del 1957?"
2,"coronavirus: il vaccino australiano supera i test di laboratorio link"
1,"vaccino contro il covid-19 l'immunologo svizzero esce allo scopero: ""possibilità di successo"" link"
3,"user più fanno scena più il prezzo del vaccino aumenta. i governi speculano su queste situazioni e poni dicono a noi di non farlo."
2,"coronavirus, professor de donno: ""plasma unico farmaco, è molto più potente di un vaccino"". e difende ricciardi da attacchi politici - il fatto quotidiano link"
3,"malattia potenzialmente letale:  - no cura - no vaccino  no obbligo ma fiducia.   malattie esantematiche:  - curabili - potenzialmente innocue  obbligo, sanzione,  nas, esclusioni, ghettizzazione sociale, derisione, persecuzione ed emarginazione consentite.  #vaccini link"
1,"#coronarovirus #governo corretto con attivazione #emergenzasanitaria prevenzione della diffusione è la priorità #novax  #5stelle e  #salvini  dimostrano incompetenza e sciacallaggio politico.cura delle virosi con antivirali vaccini assistenza alle complicazioni respiratorie #la7"
3,"jerome mor 12 ore dopo il vaccino esavalente, aveva due mesi. da una parte abbiamo la prova scientifica (la loro) che non ci sia alcun nesso causale tra le due cose. dall'altra abbiamo la prova scientifica che non fornisce spiegazioni sulla sua morte.  link"
1,"#gualtieri definisce l'intervista di bonomi (rilasciata l'indomani delle manifestazioni di fascisti e no vax) ""ingenerosa"". invece la parla più opportuna sarebbe stata ""pericolosa"". 
ecco un tema 'evaso' dal numero 1 di confindustria. #italia post #covidー19 link"
3,"#dovesonofinitiisivax  appello a tutti i #buriones  ok  il vostro momento, fatevi avanti. ????  un istituto di ricerca di seattle sar il primo nel paese a ospitare studi clinici per testare il vaccino contro il coronavirus su 45 persone. link"
3,"leggete questo post. ma soprattutto i commenti. ogni genitore ha scelto di postare e raccontare la storia del proprio figlio danneggiato da vaccino. esistono, e lo faranno ricordare a tutti. sempre. #vaccini link"
2,"user ammettiamo che sia corretto: non abbiamo una diagnostica e non abbiamo una cura preventiva (vaccino). 
allora dovremmo potenziare con tutte le nostre forze il ssn! ma siamo a livello di 30 posti in più di t.i. in toscana, cioè nulla! 
è assurdo!"
1,"virus sparito? come lo vede e quando? perché non ha ricordato il vaccino? è forse contrario?"
3,"user in compenso é scomparsa tutta la censura di google sul tema vaccini... provate a cercare “danni da vaccino” e rimarrete strabiliati.
provate adesso prima che si ritorni come prima!!
ps secondo me fra poco, con la scusa che lo usiamo troppo, viene chiusa la rete."
3,"user user user_ghetto user cumunque, visto che mi avete tirato dentro vi pubblico anche lo studio del vaccino sulla sars link senza test sulle cavie sarebbe stata una catastrofe"
1,"che tenera la gente erborista-no-vax-antimicrochip che pensa che facendo una vita sana non ti può succedere niente.... poracci..."
2,"user user e il divieto di brevettare sul genoma e i suoi derivati? vi rendete conto che l'irbm é campata di assistenzialismo statale e i nostri concittadini non vedranno il vaccino? e le perdite economiche su questo? user link"
3,"user_sx_veg user user_cocco user user user user tu hai visto questo?  bambini indiani che hanno preso la paralisi flaccida da vaccino della polio?  ignorante pericoloso  link link"
3,"non si pu offrire la prole a moloch.  basta vaccini.  roba da satanisti pi o meno consapevoli. cristo non usava vaccini e ancor meno li avrebbe usati con tracce di feti abortiti, ovaie di criceto, metalli pesanti ecc... come si fa a credere che siano cose buone? link"
3,"#coronaviriusitalia
visto l'inutile bufera (i dati e i virologi continuano a dire che è meno di un'influenza) cui il governo si è adagiato, non resta altro che pensare al dolo.
di smerciare in futuro vaccino.
se no non si spiega"
1,"coronavirus, l'italia tra i primi paesi ad avere il vaccino. speranza: firmato l'accordo con astrazeneca link"
1,"user si saranno accorti che il virus non può essere debellato subito. senza vaccino. cosa fare? tanto vale ricominciare."
1,"user_francym l'obiettivo (ideale? sperato?) è estendere l'immunizzazione col minor numero di morti possibile - almeno in assenza di vaccino, che l'estenderebbe senza sacrificare vite"
2,"covid-19, allo studio un vaccino che si somministra con un cerotto - il sole 24 ore user link"
1,"user paragonare un'app, di cui si discute la questione conservazione dati, ai vaccini obbligatori che salvano la vita a milioni di persone è proprio da individuo piccolo piccolo. si rassegni le idee #novax rimarranno delle vaccate abissali e il coronavirus lo sta dimostrando."
3,"come per il 2019 anche per il 2020 questo deve essere un monito. affinch non sia ""solo una questione di punturina""... link"
2,"‘world against covid 19’ lanciato piano cooperazione globale per vaccino link"
1,"il peggio del peggio 
#corrieredellasera: coronavirus, la nuova battaglia di burioni: «prima i no-vax, ora i no-mask».
link

tramite user"
3,"user manco morta farò un vaccino"
2,"il vaccino italiano contro covid-19 link #pmi"
3,"fanno il vaccino antinfluenzale, poi si ammalano e prendono l'influenza, alcuni purtroppo muoiono, e nemmeno si fanno domande.  si puo' morire d'influenza a 11 anni...no,  si puo' morire iniettandosi sostanze neurotossiche...si.  link link link"
3,"questo   il  giornalismo?  altra #fakenews sul razzismo che non c'  stato ..ma nessuna denuncia per il #vaccino che ha ammazzato  sei tu che fai schifo. tu giornalista bugiardo link"
1,"user siamo qui a fare un vaccino, come per tutti i vaccini ti chiedono di stare 20 minuti ad aspettare eventuali effetti collaterali. lei vuole scappare perché non ci sta in questo posto tutti insieme (10 persone tutte minute di mascherina in un corridoio lungo)."
2,"primo studio sull’uomo del vaccino covid-19.: il primo vaccino covid-19 che ha raggiunto la… link"
2,"user user user non si può affermare che sfruttano l'emergenza sanitaria per anticipare e favorire l'approvazione di un accordo vergogna? 
per screditare non bastava più il ""complottisti"" o il ""novax""... ora pure #sciacalli"
3,"#coronavirus, #billgates chiama conte: ""ha riconosciuto l'impegno dell'italia. accordo su cooperazione mondiale per trovare il #vaccino"" - il fatto quotidiano
“to può tenè” è già stato detto? link"
2,"considerate le ""camere dell'eco"" nel dibattito, la conclusione è che su twitter non è facile scovare (e convincere!) gli incerti, coloro che non sono antivax ma hanno dubbi sui vaccini. su questo, stiamo lavorando a un nuovo paper. grazie ai colleghi di user_fondazione! 5/5"
3,"giulio tarro: “coronavirus non è ebola, il vaccino non serve. sanità in crisi per colpa di chi ha dimezzato le terapie intensive” – business insider italia link"
2,"user sei antivax?"
3,"ricordate come tutti i nostri media spingessero per  l'antifluenzale come aiuto nel contrastare il #coronavid19? ???????????????????????? in inghilterra scatta l'allarme dei medici, chi ha ricevuto il vaccino antinfluenzale e' piu' a rischio di contrarre il #covid_19  link link"
1,"user bene , ora farmacologi italiani per trovare vaccino"
2,"coronavirus, un vaccino ""jolly"" funziona anche sui macachi  #coronavirusitalia link link"
3,"il #vaccino e i suoi effetti collaterali : in africa ci sono pi casi di polio derivata che di virus selvaggio.  ma non vi preoccupate, sar colpa dei #novax anche in questo caso   link"
1,"#coronavirus: #vaccino imminente dalla #germania - link - #curevac #trump link"
3,"user user sono mesi che medici seri dicono che il vaccino non serve perché non funzionerebbe!

però mass media e politici continuano a dire che lo aspettano!
posso immaginare perché."
2,"user la gente vuole stare a casa. non sente cazzi.  li hanno terrorizzati talmente bene che i cervelli sono andati completamente in pappa. la fake news sugli aumenti degli infetti in germania, quella sull’immunità di gregge di johnson. niente. stare a casa e aspettare il vaccino."
1,"#coronavirus, patto europeo per il vaccino. lunedì sottoscrizione da 7,5 miliardi. il documento dei leader ue.
lettera firmata da conte, macron, merkel, michel, von der leyen, solberg. una risposta globale: lavorare insieme per guarire il mondo.
link"
3,"user user stanno studiando anche una cura contro il vaccino?"
3,"lo studio che smentisce tutto ► ""vaccino inutile! covid virus banale che... link di user"
1,"user user sono d'accordo, mai fatto il vaccino antinfluenzale ma quest'anno credo lo farò visto che può migliorare la qualità degli indizi sulla situazione covid."
3,"user user user un vaccino che non funziona neanche sulle scimmie? 3 mesi di sperimentazioni quando in genere servono 10 anni? per un virus rna? ma di che stiamo parlando?"
3,"global vaccine safety summit: le dichiarazioni degli esperti che mettono in dubbio sicurezza ed efficacia dei vaccini (sub ita) #invaccineswetrust #lascienza #scienceissettled  link"
2,"coronavirus video: vaccino, nessuna illusione, la strada è ancora lunga. ecco le parole di chi lo sta preparando &amp;raquo; link link"
1,"pensierino della notte
la scienza medica ed epidemiologica, epidemiologi del calibro di larry brilliant, insegnano che in assenza di vaccino, senza tt non si risolve una pandemia
ne usciremo se non si ascoltano false narrazioni strumentali, ma a chi vero esperto in pandemie
notte link"
1,"cosa non è chiaro nel fatto che per avere il plasma devi avere dei guariti, ovvero dei malati sopravvissuti, mentre il vaccino serve ad evitare i malati? esiste gente che pensa che questa cura consista nel prelevare sangue da un guarito a caso e iniettarlo in un malato a caso..."
3,"il vaccino per la meningite non  obbligatorio. ma qual  il problema quando puoi usare i media e creare una psicosi collettiva?  terribile che il user non intervenga.  liguria, vaccini gratis ai ragazzi. lettere a 79 mila famiglie. link"
1,"dove sono ora i no vax. in cerca del vaccino anti covid-19?   l’immunologo: “i vaccini obbligatori forse sono l’arma che aiuta i bambini” | rep link user"
1,"user user user qualora fosse vero dovrebbero darci un vaccino(sempre se esiste), altrimenti dobbiamo comunque continuare a combatterlo come stiamo facendo. i processi avrebbero vita a sè stante"
3,"coronavirus, professor de donno: “#plasma unico farmaco, è molto più potente di un vaccino”. 
link"
1,"user finché non ci sarà un vaccino o comunque una cura efficace dubito torneremo alla normalità tanto presto"
3,"user scuola italiana menefrega.
oramai fa solo schifo. ma da mo...
e' il vaccino che mi preocc."
3,"si parla molto di vaccino per il cobit 19 ma che garanzia c'è che sia presto ? se per l'aids ancora oggi dopo 24 anni dalla comparsa (1986) non è stato realizzato ?"
3,"coronavirus, vaccino moderna: speculazione e conflitto di interesse? - link"
2,"al supermercato c'erano due che si stavano per menare per accaparrarsi gli ultimi 2 pacchi di farina sullo scaffale.
cambiare ""farina"" con ""vaccino"" e avrete la prospettiva del futuro prossimo."
3,"user user non si può fare un vaccino su un virus che muta, è come il vaccino antinfluenzale, tanti lo fanno ed è dimostrato che le persone vaccinate hanno più possibilità di ammalarsi, perciò è totalmente inutile"
1,"il globo deve unire i migliori virologi e finanziare ad alta scala studi e test per vaccino e cure subito #coronvirus"
1,"user un no vax riapparso dal nulla in questo triste momento..."
3,"user user nessuno, io ho risposto che utilizzerei la mascherina.
si immagini invece quanta gente condannerebbe lei con l’ideologia “vaccino a tutti i costi” e con la sua cattiva informazione. 
ha sentito che ci sono già casi di recidività? ha sentito che il virus muta rapidamente?"
1,"vaccino coronavirus | azienda italiana | “abbiamo un prototipo efficace” link"
1,"alcuni scienziati temono che non si troverà un vaccino contro il coronavirus, e dovremo convivere con la minaccia del covid-19 link"
1,"new fb postl'idea dell'app che monitora i contatti non piace per niente ai no vax. pur rimanendo dell'opinione che ci sono dei punti del design che vanno chiariti (server centrali vs peer to peer) già che quella banda di coglioni si mobilita contro mi pare un buon motivo per…"
1,"user user si parte da un presupposto sbagliato, paragonare il costo del vaccino a quello del plasma...senza considerare che il vaccino tiene l’individuo sano, il plasma va somministrato in ospedale quindi in individui malati con un altissimo costo della degenza"
3,"user user user user informati..  che la cura  c'è     e non serve il vaccino...  sarà  come  quello dell'influenza  che muta ogni anno....il plasma  non costa niente.. e   con bill gates   e i suoi vaccini   sperimentali  tu  .. lascia stare  gli italiani..chissà dove sei l'anno prossimo"
3,"meningite b, il consiglio superiore della sanit belga non raccomanda il vaccino. in italia invece l'iss mette il bollino sulla pubblicit di gsk... link"
1,"user_official beh ci vorrà ancora molto tempo che quando uscirà il vaccino dobbiamo stare tranquilli cauti e prudenti"
3,"juke era una bambina sana fino al giorno di quel maledetto #vaccino.   prima di vaccinare i vostri figli informatevi perch indietro non si torna.   qui la sua terribile storia  ????????  link link"
2,"user_2018 user ,cosa bisogna combattere di preciso?la cura c'è!non c'è la prevenzione(il vaccino),ma la cura c'è! quindi,di preciso,cosa bisogna""combattere""?una malattia che fa meno morti di un influenza o dei suicidi(da inizio anno ad oggi 430mila suicidi!)?"
2,"era da un pò che non passavo su twitter ma sto #coronavirusitalla sta a tirà fuori il meglio di voi.
virologhi, novax, fuggitivi, rancorosi, stamo a casa, no uscimo, siete bellissimi."
3,"user user perché non volevano si scoprisse la vera cura, per poi obbligare al vaccino di bill gates, già brevettato a novembre scorso (doc ufficiali)."
1,"user user user io veramente non capisco: si era detto che alcuni ricercatori furono riusciti a isolare il virus per poterlo studiare, possibile che adesso viene fuori sto caos e non sappiamo se abbiamo un vaccino per porre rimedio"
1,"e insisto.
ma perché toti, conte, meloni ecc li vedo sempre in giro senza protezioni?
ma che hanno, un vaccino che a noi non è concesso?"
1,"user user_ immagino che per poterlo escludere si debba aspettare il vaccino.
c'è chi proprio non può permetterselo."
1,"user ma stai scherzando oppure sei serio? perché ti ho sempre sostenuto ma adesso è troppo! riaprire tutto perché? abbiamo il vaccino? sono calati drasticamente i positivi? no, e allora! tornare liberi significa nuovo casi, è questa volta sarà peggio."
2,"""l'italia sta combattendo ancora, sul piano scientifico, sul vaccino"".

far passare il messaggio che tutto si possa curare con un farmaco.

anche i mali dell'anima. 

link"
1,"user non so, ma credo che giugno potremo finalmente respirare. 
in ogni caso, penso che ci saranno misure precauzionali finché non avremo un vaccino."
2,"coronavirus nel mondo, trump: ""vicini a un vaccino"". in brasile altro giorno nero: quasi 1.300 morti link"
1,"tanti insistevano che brevettassi il vaccino, ma non ho voluto.  il mio regalo a tutti i bambini del mondo il 3 marzo 1993 moriva albert sabin, il medico che ide il vaccino antipolio. non lo brevett perch potesse essere disponibile a tutti link link"
3,"3 anni fa, user lanciava una vasta campagna d'immunizzazione contro il #morbilloi in africa centrale, afflitta oggi dalla ""pi grande epidemia di morbillo contemporanea"". o il vaccino non funziona, o - dubbio legittimo - scatena la malattia. #lascienza risponde senza insultare? link"
1,"oggi ho avuto il piacere di intervenire ad una iniziativa di fondazione mondo digitale e msd italia sull'importanza della corretta comunicazione scientifica e sanitaria, con un focus sulla prevenzione vaccinale. #salutelazio #lovemyjob #vaccini #vax #novax link"
3,"il bimbo di 3 mesi  morto per meningite...  una strana coincidenza se si considera che la scorsa settimana il bambino era stato sottoposto al vaccino proprio della #meningite #brindisi #vaccini link"
2,"vaccino coronavirus, primi test sull`uomo in gran bretagna, partner azienda di pomezia. ai volontari 700 euro link"
1,"user dopo il vaccino almeno per due anni dovremo tutti comprare italiano aiutare i lavoratori i piccoli negozi e fare le vacanze in italia"
3,"user user user user volete la verità su vaccini?
allora non si sputa su l'unica forza politica che ci ha provato, ma si incita, si aiuta chi da soli lotta o si è arreso a combattere il gigante. altrimenti mi indichi quale altra forza politica ascolta i no vax?
nessuno?"
1,"e poi quando ci scappa il morto tutti a piangere e a pietire il vaccino d'emergenza (no vax compresi, perch la morte fa paura a tutti). facciamoci domande e diamoci risposte, seguiamo i consigli del prof. burioni. link"
3,"""morte in culla signori...ditelo a tutti""  mah.... veramente la seconda autopsia incrimina il vaccino!  ""ah s?"".... ????????????????????  vi auguro di morire malissimo  link"
1,"user user user ecco bravo, ora scavati dal cazzo e sparisci.
ps. portati pure quel coglionazzo di barillari e tutti i no-vax che conosci."
1,"user_the_teacher stiamo dicendo la stessa cosa, con una piccola differenza, per l'influenza stagionale esiste un vaccino e le persone più fragili dovrebbero averlo fatto. per il coronavirus no"
2,"user user_w user_tonii +++ il governo americano dichiara che il vaccino per il #coronavirus è già pronto e domani parte la sperimentazione clinica +++
link
user user user_grim user user user_masala user user user"
1,"user sani finché durano, grazie a tutti gli altri che si vaccinano. poi la tua prole diventerà untrice e onestamente merita di stare chiusa in un posto dove non può nuocere. è diritto di tutti rifiutarsi di condividere spazio con una bomba batteriologica figlia di una pancina antivax."
1,"user &gt; guardigione. se io (esempio), immodepressa, prendo il morbillo, la mia percentuale di sopravvivenza si abbassa molto. di conseguenza capisce bene che il vaccino è utile anche per gli altri e non solo per sé stessi."
3,"pronostichiamo un allarme ebola in tutto il pianeta.  bisogner fare presto.  se non paghi la licenza ti becchi il virus. link"
1,"qui stanno a parlare di finire questo campionato di #seriea .. quando poi non si rendono conto che potrebbe non partire neanche la prossima stagione. credo che la cosa sia chiara.. finché non ci sarà il vaccino nulla tornerà più come prima. spero di sbagliare."
1,"c' un virus stronzo di cui si parla poco, forse perch si contrae per via sessuale: si chiama hpv e in alcuni ceppi pi stronzi porta forme precancerose al collo dell'utero. ma c' un vaccino: ora gratuito per le bimbe, poi speriamo anche per chi non ha l'utero #nessunodimeno ?? link"
3,"christian, danneggiato da vaccino a 5 anni. prima ero un bambino normalissimo e felice. nessun riconoscimento, nessun aiuto per le cure, la negazione totale da parte delle istituzioni. perch i danneggiati ed i morti da vaccino esistono, nonostante quella che vi racconta burioni link"
1,"in arrivo il vaccino contro il colesterolo  ""salveremo 30mila vite in 10 anni""  aspetto con ansia quello contro la caduta dei capelli! link"
2,"primo studio sull’uomo del vaccino covid-19. link"
1,"user il vaccino sarà la vera via alla normalità"
1,"user user user user user purtroppo bojo ha torto perché a parte la strage che ne seguirebbe, non è ancora affatto detto che si sviluppi un'immunità di gregge, in assenza di un vaccino, perché si teme che l'immunità da infezione sia temporanea.
come per l'influenza o il raffreddore."
3,"user non esistono vaccino sicuri neanche per virus molto più datati ...non esistono cure per un sacco di malattie con cui la gente deve convivere .... arrabbiata perché sanità e ricerca dovrebbero essere una priorità qua la priorità è solo questo vaccino covid come non pensare male .."
1,"user user user user per superare l'emergenza sanitaria servirà il vaccino, circa 18 mesi, per quella economica, in mani sbagliate, serviranno 20 anni. quale delle due è prioritaria?"
1,"63 morti per morbillo. quasi tutti bambini. grazie, antivaccinisti, il vostro ""principio di precauzione"" sta avendo un successone. link"
1,"user user user esattamente. perché? perché per l'influenza esiste il vaccino. l'età media dei ricoverati è 70 anni, categoria che con l'influenza non va in ti grazie al vaccino. questo sto cercando di chiarire. le categorie non a rischio, anche senza vaccino, quanto devono preoccuparsi?"
3,"altra mamma. altra testimonianza. vaccino meningococco b. prognosi sindrome di kawasaki. era nel bugiardino come effetto avverso. i medici riconoscono il legame ma non lo mettono per iscritto. #vaccini link"
2,"il virologo riminese giacomo gorini sul #vaccino per il #coronavirus: ""inizieremo, proprio questa settimana, a testarlo sull’uomo""

#vaccinocoronavirus #vaccinocovid19 #covidー19 
link"
3,"user_william user questo conta, che si possa curare.
da quello che ho appreso tutta la serie di corona non sono prevenibili.
si modificano nel tempo, si comportano diversamente per ceppo etnico, per età e per mille altri fattori. mi inquieto quando sento anteporre alla cura certa, la vaccinazione."
1,"user_grillo non ci posso creso credere! dopo tanto silenzio è ricomparso il novax illuminato."
1,"user nei commenti un'intera platea di fasci, bandierinati e no vax. merda a perdita d'occhio."
2,"c' un fondo residuo per vaccino #pneumococco con cui si pu o finanziarne uno nuovo a un costo molto pi basso e accessibile a tutti oppure continuare a finanziare user user che non abbassano il prezzo e lo rendono poco accessibile. scelta facile se si pensa al bene di tutti link"
1,"user tutti zitti ad aspettare il vaccino"
3,"ma i soldi per il vaccino non doveva metterceli bill gates?
ah, no, lui mica è scemo. non finanzia la ricerca, ma la produzione!
così, anche se il vaccino sarà inutile perché il virus è troppo mutevole tanto da ricolpire la stessa persona, lui  sa di certo cosa ci sarà dentro."
2,"tutti alla ricerca vaccino covid, nuovi test e fondi. alleanza ue per le forniture - metropolisweb link"
3,"2.300.000.000 di persone obese 3.000.000 di morti per alcol allanno 700.000 morti per infezioni da batteri resistenti   ma un pensiero per il #morbillo e il #vaccino c sempre. quante dosi devono ancora smaltire le case farmaceutiche?  link"
3,"user user user user user_meluzzi user non esiste nessun vacccino killer...ogni vaccino ha delle controindicazioni
tuttavia i vaccini propriamente detti ovvero quelli a base di virus depotenziati hanno la stessa tipologia di tossicità del virus da cui originano, e in persone con risorse immunitarie inferiori possono.."
1,"i no vax e la disinformazione sul vaccino del covid-19 prima ancora che esista un vaccino link via user"
1,"per quelli che volevano il mondo senza i vaccini... ecco, questo è il mondo senza un vaccino. #covidー19"
1,"user cavia per il vaccino?"
3,"user � successo lo stesso un anno fa, ad una mia amica. l�ho scritto ma poi fui aggredita da chi vuol rimanere ceco. il vaccino antinfluenzale mortale."
3,"user il bugiardino serve per capire da cosa è composto un vaccino, le schifezze che ci sono dentro, anche no grazie.
per quanto riguarda gli studi, i casi sono due: il vaccino viene fatto di corsa, quindi  breve sperimentazione o è già pronto da tempo.  comunque sia, qualcosa non va."
2,"user user_figari l'articolo non parla di vaccino in modo alcuno."
3,"i primi a fare il vaccino sperimentale (inutile) sarete voi medici e forze dell'ordine.
mo' so cazzi."
1,"user ..oh..oh..i novax terrapiattisti fondano un partito..bene.."
3,"a proposito di ebola, i produttori del vaccino avranno l'immunit sui loro prodotti.  almeno in america, per il momento.  praticamente produrre vaccini  il business perfetto. non corri nessun pericolo se il tuo prodotto uccide chi ne fa uso (persone sane) link"
3,"user user user si chiuda in casa, non esca non vada neanche al supermercato non si sa mai che venga infettato da qualcuno.per un vaccino serio ci vogliono dai3 ai 5 anni. lo stesso faucci ha detto che col vaccino si rischia il35%in più di prendere il virus."
2,"user tutti allineati... e oggi con er bibbitaro che invoca una alleanza per il sacro vaccino... sarà diventato pure lui scienziato... 
statista e scienziato, ma dove vogliamo andare?"
2,"user user chi ha riconosciuto la risposta adeguata? i 34k morti? la metà in lombardia? basta vantarsi! perchè il germania e francia hanno reagito meglio? 
un accordo per un vaccino che non esiste di cui non si sa nulla non le laverà la coscienza.
fuori i dati."
3,"user anzi, ti dir� di pi�. fare una vaccinazione di massa con un vaccino costituito da un virus vivo attenuato in un momento di epidemia potrebbe addirittura acuirla."
2,"#coronavirusupdate #covid_19 #coronavirus #speranza: “vaccino lo paga lo stato”
link"
3,"medici coraggiosi ❤️

in merito all'obbligo del vaccino anti-inflienza medici specialisti in igiene, epidemiologia, statistica, ematologia e pediatria hanno pubblicato un dossier scientifico, scaricabile gratis da link

link"
2,"djokovic a contatto con un positivo al coronavirus. intanto il tennista si dice contrario al vaccino… link link"
3,"user avete rotto con sto vaccino"
2,"trump offre 1 mld $ ad un�azienda tedesca, la curevac, per avere in esclusiva per gli usa il brevetto di un vaccino contro il covid-19 in avanzata fase di sviluppo. il governo tedesco vuole che il vaccino resti in germania, per distribuirlo anche nel resto d�europa. #americafirst"
2,"4 paesi ue formano un’alleanza per il vaccino: c’è anche l’italia link via user_italia"
3,"i danni da vaccino superano quelli delle malattie coperte senza vaccino link"
2,"user user user_ansa vada a fanculo e non cachi il cazzo!!! 
in casa fino al vaccino miraccomando... non prima eh... 1 anno di galera gratuita fino al vaccino!!!"
1,"coronavirus e seconda ondata: “le nuove infezioni sono inevitabili fino al vaccino” link"
3,"sanofi entra in tackle duro nella sanità italiana per tre anni dove detterà legge per tutte le linee guida. ricordo solo che una delle sorelle di sanofi fu giudicata colpevole per il vaccino che impose nelle filippine dove morirono decine di bambini.
uno scandalo.
user"
1,"la soluzione alla pandemia covid – 19 che i governi, pare, condividono con le “organizzazioni deputate”, sembra essere quella del “vaccino”. link"
3,"user fattelo tu il vaccino per un virus clinicamente sparito. io al massimo mi vaccino per sopportare gli ipocriti e incapaci come te. la costituzione tutela la libertà nessun obbligo al massimo una raccomandazione."
3,"quanta saggezza in queste parole.  ma a coloro che non comprendono che il racket dei #vaccini va fermato in tempo, perch prima o poi toccher tutti, dobbiamo fornire un disegnino?  user link"
3,"la vita distrutta da un vaccino!  latroupecinematografica di #vaxxedcontinua a intervistare persone che sono state danneggiate dai #vaccini in tutto il paese.  sono stati di recente in iowa e hanno intervistato la famiglia di sydney weggen.  link"
3,"qualcuno si ricorda il nome del governatore della regione che si vanta di aver dato l'idea per la legge #lorenzin con una legge regionale che per prima ha escluso dai nidi comunali i bambini non #vaccinati? ricordiamocelo il 26 gennaio???? #bonaccini  link"
2,"vaccino italo-inglese, italia beffata: prime 30 milioni di dosi al regno unito link di user"
3,"noi con trump | dr. fauci conferma al congresso come il vaccino alimenta la pericolosità del coronavirus link"
1,"user user bassetti andrebbe radiato , un politico che fa finta di essere un medico, invece sarà il prossimo direttore sanitario della liguria , così la farà diventare no vax come i convegni dove fa il testimonial."
2,"user user user l suo nome è (per ora) chadox1 ncov-19: ecco il vaccino di oxford che ""parla"" italiano
link
da prendere con le molle"
2,"user sì ho letto anch'io. teoria sbagliata però: quel vaccino non viene fatto ai bambini italiani (anche perché funziona poco ed è in disuso)"
1,"user user non entro a scuola da un mese, da noi c'è spazio in abbondanza, ci sono anche varie aule vuote. la situazione non é uguale ovunque e la verità non ha un unico depositario.
rifaccio la domanda: se é un problema di strutture non ripartiremo più fino al vaccino?"
1,"il ritorno incrollabile dei no vax (di f. abbate) link"
3,"spettacolo!al corso preparto invitano i genitori a vaccinarsi contro la pertosse, in modo che il neonato non rischi di prendere la malattia prima di poter effettuare lui stesso il vaccino. quindi, dopo essermi bucato, non lo dovrei far uscire di casa?  chiedo a user link"
2,"la virologa ilaria capua: 'se questo virus si comporter come il raffreddore non servir un vaccino' link"
3," user: il vaccino contro l�ebola ha il 100% di efficacia. pessima notizia per i paesi ricchi dove non c�era traccia del virus..�"
3,"user dovrebbero mandarlo a casa ciccone a botte di un vaccino al giorno"
2,"coronavirus, il vaccino è un cerotto link via user"
1,"farmaci senza frontiere - chi governa su #bigpharma e chi difenderà i paesi poveri nella corsa al vaccino? user dalla battaglia per gli antiretrovirali al #covid19 - intervista di user user user user - video - link link"
3,"la chiesa di satana provax, ma tu guarda... con lavallo dei clinton poi. toh! link"
2,"#coronavirus, abrignani: “vaccino? almeno tra 2 – 3 anni” link #notizie #sapevatelo"
3,"il plasma e' una cura, nessun vaccino grazie! link via user"
3,"""loperazione di registrazione che somiglia a una marchiatura in versione hi-tech viene effettuata contestualmente alla vaccinazione."" ???? user   link"
2,"il #coronavirus e la necessità della #sperimentazioneanimale.
#vaccino #covid19 
link di user"
1,"di questa #quarantena ricorderò le litigate con i complottisti e i #novax su facebook.
grazie, mi avete regalato emozioni nelle mie giornate altrimenti vuote.
❤"
2,"""alla fase 2 ci penseremo dopo""
bisognerebbe pensarci ora, proporre un piano, discutere alternative, assumerci responsabilità. 
che aspettiamo? contagi zero? morti zero? guariti&gt;contagi? il vaccino? 
procrastinare vale quanto una decisione sbagliata. link"
1,"user penso finché non si trovi una cura o un vaccino"
2,"accordo italia-usa per vaccino orale, alleate kiromic e molipharma   link"
2,"coronavirus, il vaccino-cerotto supera il primo test sui topi link"
3,"a tutti quelli in file per farsi il vaccino della #meningite:  lo sapete che il vaccino copre solo pochi ceppi?  lo sapete che il vaccino non pu dare immunit istantanea?  ????questo potrebbe farvi scoppiare la meninge.  lo sapete che fra gli effetti collaterali c' la meningite? link"
3,"pensavano a mettere il digital id (marchio sottopelle) assieme ai vaccini già dal 20 settembre 2020. casualmente è arrivato il virus (brevettato da bill gates), e il vaccino (creato da bill gates), imposto dall'oms (finanziata da bill gates). tutto normale, no?"
3,"vahttp://www.altadauniaaltosalento.it/showthread.php?11835-vaccino-esavalente-ecco-il-documento-%93riservato%94-glaxo-che-cita-l%92autismo&amp;p=18393#post18393ccino esavalente, ecco il documento riservato glaxo che cita lautismo link"
2,"il governo tedesco il conferma quanto pubblicato oggi da user :lamministrazione trump ha cercato di comprare i virologi tedeschi che lavorano sul vaccino a tubinga e ha offerto ingenti somme in modo che fossero esclusive per gli stati uniti link"
3,"user user user i miei figli, purtroppo vaccinati hanno uno allergie e l'altra difficoltà cognitive. ma ce ne sono a centinaia di giovani pieni di allergie, autistici, con problemi cognitivi, guarda caso esponenzialmente aumentati con la vaccinazione. avessi saputo quel che so oggi zero vaccini"
3,"i danneggiati da vaccino sono troppi! ll dato riportato  una stima per difetto; mancano infatti coloro che, pur riconosciuti danneggiati, non sono stati indennizzati perch le relative istanze sono state presentate in modo intempestivo. link"
2,"coronavirus, vaccino entro fine anno: «ma non sarà per tutti, prima anziani e medici» link user"
1,"user_biagetti user la soluzione c’è sempre stata.
soppressione dell’epidemia.
adottata da sempre.
caccia agli infetti, rinchiuderli nei lazzaretti, se peggiorano in ospedali dedicati.
testare, rintracciare, testare, isolare, quarantenare, curare.
fino alla scomparsa del patogeno o al vaccino."
1,"user user user_bordin user user user user_s user user user_mussati user ormai è chiaro che il virus esiste ed è di poco più aggressivo di una influenza. il problema è che fino a quando non si svilupperanno gli anticorpi o si troverà un vaccino, ci saranno contagi. gli sciacalli sfruttano la salute dei cittadini per fini elettorali. #cazzaroverde"
1,"user user potrebbe essere vero....se non si trova il  vaccino."
3,"user il vaccino io non lo faccio"
1,"#billgates pronto a finanziare il #vaccino per tutti, se funziona.
una cosa eccezionale da un uomo eccezionale. #imprenditore e persona assoluta. il mondo ringrazia e spera. #hope #covid link"
1,"user perchè renderla obbligatoria privando i no-vax della soddisfazione di infettarsi l'un l'altro/a?"
2,"user_ #covid19italia visto nell'ottica del singolo individuo adulto e sano, � davvero poco pi� di una brutta influenza. nel complesso (no immuni, no vaccino, ecc) � per� ben pi� grave della ""banale"" influenza, dal punto di vista della popolazione n"
1,"su #vaccine ""email-based reminders to increase vaccine uptake: a systematic review."" un paper sullutilizzo delle nuove tecnologie per aumentare le coperture vaccinali di: b frascella, user, user, user, user, user link link"
1,". user a user_it : contro il virus #covid19 gli scienziati troveranno un vaccino, ma contro il cambiamento del #clima non c'è vaccino, per questo l'ue ora deve investire in un futuro pulito, che è il futuro dei nostri figli"
1,"fase 2, a trieste riapre il «bagno pedocin»: la spiaggia con il muro che divide uomini e donne
un muro che mi divida per sempre da #giletarancioni, #terrapiattisti, #novax, #populisti esiste?
se sì, ordino subito online...
link"
1,"user quando diventi per sbaglio sottosegretario di stato del ministero dell’interno. (in quale paese un sostenitore delle teorie dei complotti, pseudoscienza, falso allunaggio, teoria del signoraggio, e novax è nominato sottosegretario di un ministero? chiedo per 30 mln di amici)"
3,"user il cerchio si chiude: dalla via della seta all'... autostrada del #vaccino link
user link"
3,"user lei saprebbe spiegarmi perché sono arrivati 30 mila soldati americani in europa senza nessun timore o precauzione?? che per caso hanno il vaccino o questo virus di fatto non è così pericoloso come dice lei? chiedo a lei perché è un esperto"
3,"user conoscevo.. bhe nel caso di bergamo, però, erano un po obbligati a fare il secondo vaccino x il meningococco. tra meningite e #covid19 meglio il secondo.
la possibilità però che i vaccini abbiano indebolito il sistema immunitario, favorendo l'infezione di corona, è molto alta."
1,"user user i novax sono dei ritardati mentali usciti da una caverna del medioevo. si curassero leggendo la bibbia e non osino bussare ad un ospedale frutto di ricerca scientifica."
1,"e lo potete scrivere, contro tutto e tutti, che i no vax torneranno a farsi sentire, sono solo in letargo, nemesi medica"
2,"""l'accordo con rottapharm biotech ci dà un po' di benzina per pianificare gli studi sul nostro vaccino e fare le cose con più tranquillità. stiamo disegnando lo studio di fase 1-2, che partirà a ottobre e coinvolgerà all'inizio un'ottantina di persone"". link"
3,"""global vaccine safety summit"" : i maggiori esperti del settore hanno dubbi sulla sicurezza dei #vaccini.  non esistono studi adeguati sulle reazioni a lungo termine e sulle reazioni avverse degli adiuvanti, soprattutto se combinati tra loro.   (sub ita).  link"
1,"user i #novax hanno trovato la cura del secolo: la mascherina!"
1,"user user e gli immunodepressi che non possono fare il vaccino? se lo stato ragionasse come voi, avremmo ancora il vaiolo e la polio."
2,"user user_dicks hanno smentito eccome: non solo è caduta la *certezza* che fosse così, ma è venuto anche fuori che (nel caso spefcifico) non si trattava propriamente di asintomatici. alla luce di quella rettifica, l'affermazione di burioni diventa priva di senso -&gt; come quella del novax medio. link"
3,"""ammalato di tumore all'orecchio, ex dipendente telecom vince la causa: ora usa solo auricolari con il filo""  in questo caso la consulenza medica del tribunale  corretta o, come nei casi di danni da vaccino, dobbiamo pensare che non siano degli esperti? link"
2,"i titoli di stato italiani sono ora (quasi) titoli spazzatura secondo 3 delle 4 agenzie di rating, il pil degli usa è sceso ai livelli della crisi del 2008 e si prevede che nel secondo semestre quest'effetto sarà più che quadruplicato. e non è ancora stato trovato un vaccino..."
1,"#coronavirus, #arcuri: ""l'emergenza finisce solo con il vaccino. #immuni scaricata da 2 milioni di utenti"" link"
2,"ma si continui ad aspettare “terapia efficace e/o vaccino” e nel frattempo vedere come va. nel frattempo potrebbe passare un anno, ma dettagli.
anziché conviverci, dunque, e tornare gradualmente alla normalità, si continua a praticare un distanziamento sociale che lascerà"
2,"user perché per influenza ci sono sia vaccino che cura, per il coronavirus no."
3,"user ultima ora! #aifa vieta le cure! la pandemia deve continuare per arrivare al #vaccino!!! fermate questi criminali! commissariate aifa! non bastano 33.000 vittime! #covid #coronavirus  link"
3,"brescia. studentessa 19enne muore di meningite. soluzione : vaccinare tutti a tappeto. peccato che non vi dicano due cose.... 1) la ragazza era vaccinata contro la meningite. 2) la meningite pu essere un evento avverso al vaccino esavalente infarix hexa. link"
1,"user tare sta già lavorando al vaccino"
3,"america  ora ufficialmente un sistema di caste! il new jersey vota per la modifica della legge s2173 su #vaccine esenzioni per bambini ricchi delle scuole private! va bene ferire e uccidere i poveri - bianchi e neri - quelli che non possono permettersi le scuole private. link"
2,"@_vitovaipiano user user io credo (e non solo per il calcio) che sia arrivato il momento di convivere con questo virus e di ritornare piano piano alla normalità.
anche perché non puoi aspettare in eterno che si trovi il vaccino,se per caso non lo trovano che fai,tieni chiuso tutto fino in eterno?"
1,"@_bubec user user state facendo solo confusione e disinformazione. tipico dei #novax"
1,"l’antivax #beppegrillo ora vuole il vaccino per il #coronavirus user_grillo 

link"
1,"user_stata user_hawkin chiaramente la mia era una provocazione ma certamente x la riapertura in sicurezza dovremo attendere cure certe ed il vaccino ecco perché serve un piano b"
2,"globale vaccino contro il cancro industria 2020 crescita del mercato, tendenze, revenue, share richieste e rapporto di ricerca – segrate giornale link"
1,"fra 7-8 mesi all�uscita del vaccino per #coronavirus voglio vedere chi non lo far�. intanto per� l'atteggiamento contro i #vaccini porta molte persone a non vaccinarsi, per l'influenza e abbiamo avuto molti decessi. con la salute non si scherza.user user user"
1,"user chi vive insieme, suppongo nn debba più farlo e dunque giovani fuori di casa ;)
poi lui dice che quando il 60-70% avrà preso la malattia, questa sarà ""over"". boh!
vabbè magari nel frattempo uscirà il vaccino..."
1,"chiss se c'era pure qualche no-vax. chiss.  link"
2,"user user ma non c'é scritto che il vaccino é pronto. questi sono accordi in previsione della fine della sperimentazione"
3,"correva l'anno 2010, poi tutto caduto in oblio. chiss perch.  #vaccini link"
2,"coronavirus, a fine aprile test per un vaccino sull'uomo link"
1,"user_riccio direi che dal 68 le cose sono cambiate. siamo più vecchi, più malandati e più numerosi. il virus poi è una sars. il fino a quando dipende da farmaci, vaccino, test diagnostici. non piace? prendetevela col virus"
1,"còre `ngrato no-vax: il permesso di raccogliere fondi il 21 novembre negato a montanari | nextquotidiano link"
3,"mi propongo come cavia per vivere senza vaccino obbligatorio e senza microchip
(fai copia incolla vediamo quanti siamo?)"
3,"avviso:  il vaccino antinfluenzale 2018-19  contiene mercurio  (pericolosissimo!) e mette in pericolo soprattutto le donne incinte e i bambini link link"
1,"user user user sono 30 anni o più che aspettiamo un vaccino per l'hiv... non è affatto semplice"
1,"user user_meluzzi l’importante è non fare vaccinare i novax 
così finalmente togliamo di mezzo definitivamente i novax"
1,"user__conti è essenziale trovare un farmaco che contrasti l'evoluzione della polmonite, in modo da non intasare il sistema sanitario. così da guadagnare tempo x la realizzazione di un vaccino..."
3,"nella prima foto campagna pagata da big pharma per 200 casi allanno su tutta la popolazione italiana, nella seconda i dati delle reazioni avverse al #vaccino mprv : 400 reazioni avverse ogni 1.000 dosi (di cui 40 gravi)   veniteci a parlare di rischio beneficio  #libertadiscelta link"
1,"user vaccino truffa.. questa deve esse una seguace di quel genio di fusaro! ahahah cosa non si fa per un po’ di notorietà e per vende du libracci..."
2,"bill gates chiamerà conte sul vaccino per il coronavirus link"
3,"user dovresti sapere che *ogni* anno, alla fine della stagione invernale, ci si rammarica che il vaccino influenzale non ha funzionato come annunciato per via delle mutazioni"
1,"user_marco user ci sono procedimenti costosi è una cura per chi è malato nn sostituisce il vaccino
il plasma deve avere delle particolari caratteristiche numero di anticorpi ecc ecc
non tutti i guariti possono donarlo
altro discorso se riusciranno a riprodurlo in laboratorio
salvini sidevevergog"
3," user: voglio vedere con che coraggio user continuer� ad affermare che i vaccini non fanno male!!1!!1!!1!!!1"
1,"dopo qualche settimana di defaticamento eccoli lì di nuovo i #novax, col petto fiero e il sole in fronte.

oggi in parlamento non si è parlato di scuola e istruzione.

siamo vittime del #coronavirus si, ma più dell'analfabetismo di ritorno, da anni.

#braindown link"
3,"user non sono no vax ma non farò il vaccino"
3,"fino a 48 ore fa trump se ne sbatteva altamente del #covid19 . oggi a seattle sono partiti i primi test per un vaccino sull’essere umano. gatta ci cova..."
3,"� assolutamente essenziale fare prima possibile: devono sbrigarsi a produrre il vaccino per il #coronavirusitalia. se ci mettono troppo, il virus si estingue da solo, la massa di teledeficenti terrorizzati si accorge che l'apocalisse non c'� stata e chi cazzo glielo compera pi�?"
1,"user user user tu non sei una pecora , sei un asino calzato e vestito .  no vax, no mask  e tutti gli irresponsabili idioti che la pensano come te , estromessi dal ssnazionale . così vi curerete con le vostre stronzate , senza pesare sui fondi della collettività in cui non vi riconoscete ."
3,"""il grossissimo problema è che qualsiasi nuovo vaccino contro il #coronavirus potrebbe innescare reazioni immunitarie letali quando le persone vaccinate entreranno in contatto con il virus selvaggio!""

ma che problema c'è? facciamo subito la sperimentazione umana.

#covid19"
1,"user andrea i terrapiattisti base grillina. assieme a no vax e soprattutto cospirazionisti alla x-files.... praticamente fuori dal mondo."
2,"un complimento a tutti gli imbecilli scappati dalla zona rossa, gradite fare una donazione per avere uno spritz su per il culo o per un vaccino? imbecilli, vediamo se finalmente ascoltate ciò che vi viene detto o se apparire e ancora il vostro scopo di vita

#restiamoacasa"
1,"user user user il punto è che il vaccino viene già testato adesso. e quando sarà diffuso, lo sarà perché ritenuto sicuro. i suoi stessi sviluppatori si sono offerti per testarlo. vuole una garanzia migliore di questa?"
3,"su la testa!: falsa pandemia: vaccino bilderberg link"
1,"user domande tutte più che lecite.
ma che non hanno nulla a che vedere con gli sciagurati dei novax.
l’interrogativo (provocatorio) di puglisi eppure sembra chiaro."
1,"user user il mio li fa, è dal 2000 che mi vaccino ogni anno per l'influenza."
1,"#coronavirus, ecco i due farmaci che fanno sperare i contagiati ma la missione è il vaccino 
link"
3,"user_grillo ""soluzione finale"", termine azzeccato. l'anti hpv  il pi subdolo ed efficiente mezzo di castrazione chimica? link"
2,"dr.ssa concepción campa huergo, dalla scoperta del vaccino contro la meningite ""b"", alla sviluppo della ricerca scientifica in omeopatia - s.i.m.o.h. link"
1,"ma i #novax, dove cazzo sono spariti?"
1,"?preveniamo insieme l#influenza:   - fai il vaccino - lava bene le mani regolarmente  - non usare antibiotici contro linfluenza, sono inutili contro i virus  proteggi te stesso e gli altri ? link link"
1,"mettono la bandierina italiana, fanno i sovranisti e poi denigrano la mia regione lazio ke nonostante tutto è + avanzata rispetto ad altre, stanno sperimentando anche un vaccino dalle mie parti. bravi continuate a nutrirvi di meschinità meridionale e di altezzosità settentrionale"
2,"#covid19; l’innovativo progetto di ricerca utilizza la tecnica della “reverse vaccinology 2.0” per isolare #anticorpi monoclonali umani da pazienti convalescenti o guariti, utili come cura, profilassi e per un futuro #vaccino link"
1,"user tieni comunque conto che verosimilmente prossimo o fra qualche anno diventerà l'influenza stagionale.
ma avremo il vaccino (speriamo).
e come quest'anno, credo che lo farò.
voi?"
1,"user user user scommetto un gelato che se gli scorri la tl ci trovi tutto il cucuzzaro #novax, #no5g, #qanon.
il pacchetto ""cazzate complottare per babbei"" è unico."
3,"user no al plexiglas, mascherine, visiere, ma igiene, collaborazione tra genitori e insegnanti e buon senso, bambini malati stanno a casa. i giovani non sono a rischio, molti di loro sono prob già immuni essendo portatori. no a un novel vaccino. proteggere anziani e persone a rischio."
1,"facciamo una cosa: se esce il vaccino per il #coronavirus, noi sorosiani, ordoliberisti, complici della big pharma e gretini lo facciamo.  voi furbacchioni ""iononcicasco"", invece, vi curate con acqua, limone, spremuta di cetriolo e coronaparty.  ci state? qua la mano!"
1,"user user visto che belle la terapia intensiva io l ho vista per lungo tempo con mio padre e più di una sono simili nn centra l ospedale di cremona pregate che trovino un vaccino dio ascoltaci"
2,"vaccino contro il colesterolo: nel 2020 al via i test in gran bretagna link"
3,"houston, texas. scuola chiusa fino al 7 gennaio per una epidemia di pertosse.  tutti gli studenti sono vaccinati per la pertosse.  copertura al 100%. epidemia.  non sentite anche voi lo scricchiolio delle loro bugie? link"
3,"no questa  bella. arianna 5 anni, le somministrano 2 #vaccini insieme. la bimba ha crisi epilettiche e sviene poco dopo il vaccino. i medici che dicono alla madre? signora lei ha trasmesso tensione alla bimba. oh ma questi sono laureati in medicina !!! link"
3,"user user casi simili ce ne saranno e continueranno ad esserci. non si trova un vaccino. ma come debellarlo in termini di cure, si."
3,"user user che poi tra l’altro poiché questo virus non da immunità, e muta in fretta, un“vaccino è tecnicamente impossibile” come affermato in più interviste dal dott. stefano montanari. il quale chiude l’argomento dicendo che il supposto vaccino risolutore sarebbe una truffa bella e buona."
3,"avviso vaccino antinfluenzale 2018-19. come il mercurio causa processi neurodegenerativi cerebrali link"
3,"siete contenti?
il vostro presidente del consiglio ha trovato il vaccino ed ha trovato anche i soldi..sveglia! a questi di noi non interessa niente!"
3,"user user ti fai un vaccino nato da un virus scomparso mesi prima. perché,detto da loro,il covid muta velocemente. 
mah."
3,"fra #vaccino esavalente e anti pneumococco la quantit di alluminio somministrata a un lattante di due mesi  0,945 mg. cos la dose considerata sicura per un lattante supera alla grande quella ritenuta preoccupante per un adulto, se ingerita (anzi: assorbita dallintestino). link"
3,"inefficacia vaccino morbillo  plotkin chiede nuovi studi link via user scelta"
3,"quando la stampa poteva ancora informare sui danni da #vaccino link"
1,"user user_donato per uscirne, in attesa di vaccino, è obbligatorio tornare a far funzionare le strutture sanitarie in modo normale dimininuendo drasticamente il numero dei ricoverati e contemporaneamente raddoppiando il numero di posti letto disponibili compresi quelli della terapia intensiva."
2,"user influenza ha il vaccino. scommettiamo che a fine anno in italia ci saranno più morti per l'influenza che per il corona virus?"
1,"user user user ma come simo, non lo sai? con la triennale diventi no vax e con la magistrale sblocchi anche la tessera del partito 3v. cosa pensi che io studi a fare?"
1,"user ❤️ se è tosto come mamma, appena nasce trova il vaccino. bacio a tutti e due, bella"
2,"user user_bordin user user user_s user user user user user user_mussati nessun novax... volevano approvare una legge per evitare l'aumento dei prezzi dei farmaci ...il signor trump si è opposto la maggior parte dei capi delle case farmaceutiche son amici suoi ... c'è gente che li muore perchè non può permettersi l'insulina o un antibiotico"
3,"user_ansa chiss� perch� il #vaccino ce lo propinano sempre a noi italiani , i #migranti arrivano con tutte le pestilenze possibili mai sentito un urgenza di vaccinazione per loro...in effetti siamo noi da eliminare..."
3,"link abbiamo parlato spesso della correlazione tra morte in culla e vaccino esavalente. riporto a tal proposito un interessante articolo del 2014, dove si rilevava la necessit di uno studio in merito...a tale data era ancora concesso avere dubbi!"
1,"user user user speriamo che il vaccino a tempo record sia fuori per la prossima stagione invernale. senno si  rischia altro giro..."
2,"coronavirus – su internet la truffe di sedicenti farmaci anti covid-19: oscurati 4 siti web - ... ricerca di una terapia o un vaccino efficace contro il covid-19, impazza su internet la vendita illegale di sedicenti terapie contro il nuovo coronavirus, ..."
1,"#italiani tranquilli gli #americani vi salveranno #coronavirus e #vaccino , azienda #usa annuncia sperimentazione entro #aprile #italia #covid19italia - il sole 24 ore link"
1,"user se non si trova un vaccino o una cura efficace in breve tempo, nulla tornerà come prima. sembra un film di fantascienza eppure é la realtà... una triste realtà. questo virus sta distruggendo l'umanità."
3,"il vaccino di gates modifica il dna: scienziati ed esperti di etica danno l’allarme     
link    

link"
2,"coronavirus: coletto, l'università di perugia ha competenze per vaccino link di user"
1,"mi fa male il braccio dove ho fatto il vaccino antinfluenzale, forse sto diventando autista."
1,"user user io se un giorno ipotetico si potrà avere il vaccino per covid19. .. ed io che non posso vaccinarmi perché immunodepresso, se so chi me lo attacca perche gira con sintomi, giuro che possa avere ora un infarto, lo strangolo con le mie mani nude... lo reputo un mio diritto civile."
3,"come volevasi dimostrare... oplà!  la società farmaceutica americana ''moderna'' e' vicina al primo vaccino contro il coronavirus link"
3,"user user al momento il vaccino non c’è e forse non ci sarà mai. il plasma sta funzionando, atteniamoci alle cose reali."
1,"per sviluppare un candidato vaccino #covid19 dobbiamo contare sulla forza e il supporto degli altri.

e proprio quando la distanza sociale ci mette di fronte a nuove sfide, condividiamo i nostri progressi per accelerare la corsa verso il #vaccino

#janssenatourbest #wewontrest link"
2,"user user sono precauzioni perché non ci sono farmaci adatti ne il vaccino per ora, la mortalità è bassa, meno dell'influenza normale"
2,"stati uniti e cina alleati contro il coronavirus? finora la risposta al virus globale è stata poco globale. gli usa non possono aiutare gli altri nell'emergenza, come fa la cina, ma sono avanti nella corsa geopolitica al vaccino. e se collaborassero? link"
3,"user il vaccino lo faccia lei e i suoi parenti. lei non può obbligare a fare un emerito cazzo . e spenda i suoi soldi x comprare merda non i nostri. se solo avesse un minimo di dignità si dimetterebbe ma cryedi che nemmeno la vendessero lei sarebbe capace di trovarla."
3,"user che strano, già si sono accordati per il vaccino, azz sono dei maghi."
3,"studio tedesco di bambini vaccinati contro non vaccinati. indovina chi  sempre pi sano? link"
3,"user user il problema  che  stato approvato per il commercio europeo.  e chi se lo farebbe se prima non c' un'epidemia? link"
1,"user questo te lo scordi fino a quando non ci sarà un vaccino o due milioni di morti?
quale soluzione ti farà felice?. con i morti saresti libera presto a meno che non tocchi pure a te. e questo tweet nella richiesta che fai dimostra che non capisci un cazzo."
1,"user avrei detto cancro, al virus c'è la possibilità di trovare il vaccino almeno."
2,"i #vacciniantinfluenzali attualmente disponibili sono costituiti dal virus intero inattivato, dagli split virus ottenuti con detergenti o sostanze chimiche che frammentano il virus e dal vaccino a subunità | #ecm #vaccinoinfluenza link"
1,"user_snickers da pessimista posso dire
""adesso i nobofreevax, vorranno fare i covid party, così da avere l'immunità, ed evitare anche un possibile vaccino basato su questi anticorpi?"""
3,"se volete continuare a farvi prendere in giro mentre mettono in pericolo la vita o la salute dei vostri figli fate pure. accomodatevi! io no, grazie! link"
1,"user ma come si fa a pensare che basti questo? i ragazzi sono sempre vicini vicini, riaprire le scuole con virus in giro e senza vaccino vuol dire strage"
3,"user il vaccino per un virus rna è inutile, come quello influenzare basta cazzate."
1,"user la gente non capisce. non è solo questione di trovare un vaccino per *questo* virus. ne arriveranno altri in futuro e bisogna per forza progettare un sistema completo e integrato per gestire la pandemia."
3,"dai #vaccini ai #nanochip (altro che #microchip rfid). lo dicevamo, la via  quella, ormai ce lo dicono in faccia che vogliono ridurci a cyborg per poi spazzar via quel che resta di umano. e la stiamo percorrendo sparati come un frecciarossa. link"
3,"user provo ad integrare: non ci sarà mai un vaccino sicuro ed efficace contro il coronavirus.
tuttavia, uno o più vaccini verranno immessi sul mercato."
1,"user_hopppe1 user corretto e giusto. chi si oppone al progresso sono gli stessi che bruciavano i telai e che prima hanno invocato che i vaccini fanno diventare spastici, e che ora trepidano per il vaccino anticovid"
1,"user si ma c’è il vaccino. 
si ma i bambini lo superano meglio degli adulti.
si ma se lo si supera si rimane immuni a vita.
si ma il morbillo ha fatto scomparire intere popolazioni in passato. 
si ma ha lasciato un sacco di strascichi in chi lo ha passato. 
si ma quindi?"
1,"user user certo che mi informo ed è per questo che le dico che se anche ci fosse un caso su 100000 che il vaccino possa non essere tollerato (cosa che può accadere anche con una aspirina) il beneficio che porta debellando malattie mortali è ben superiore."
3,"user sono riusciti a creare un clima di terrore, che solo iniettandosi dosi massicce di vaccini stagionali molti idioti forse la finiranno di rompere il cazzo...
#coronavirus
#covid
#vaccine
#paura
#terrore"
3,"user user in questo recente studio publicato su ""nature"" si evidenziano i rischi di un vaccino anti-covid sviluppato con fretta e senza un'adeguata sperimentazione. buona lettura sig. ministro.
link"
2,"oms, per il vaccino ancora 12-18 mesi #spaziotransnazionale informa link"
1,"user purtroppo sarà lunga arrivare ad una cura o ad un vaccino."
1,"ci sono ben 6 diverse marche che producono vaccino antinfluenzale senza lattice, tra cui scegliere. chi  allergico al lattice lo sa, che deve chiedere al medico e fare attenzione per questo ed altri farmaci. lessenziale  proteggersi con la vaccinazione. link"
1,"i miei figli sono vaccinati per la #varicella.c'� stata una bella epidemia e loro stanno bene, felici e senza aver preso nulla. davide � del 2012 e abbiamo pagato il vaccino perch� era a pagamento. rinunciate a qualsiasi cosa ma #vaccinate per i vostri figli e per gli altri."
3,"user il problema non sono i vaccini,ma il fatto che gliene sono stati sparati 8 in un giorno.
non prendete ogni occasione buona per fare i no-vax"
3,"user tutto ciò che è vaccino è bufala"
3,"il vaccino contro la varicella pu causare la meningite. link"
1,"user solo se confermerà che il vaccino non serve."
1,"user user user user ""siamo una massa di ignoranti. parliamone.""
#rassegnato #minkiolandia #novax"
2,"contro il coronavirus non manca solo il vaccino, manca la politica link via user"
1,"""capisco che tutti abbiamo voglia di tornare alla normalità. ma la normalità che abbiamo conosciuto non ci sarà più fino a quando non ci sara' un vaccino"". lo ha detto il ministro per gli affari regionali, francesco boccia."
3,"#domandedasomaro 5) perch il governo usa metodi da #gestapo contro chi tenta di analizzare i #vaccini per verificare la loro sicurezza, ma protegge con ogni mezzo le ditte produttrici, addirittura le esonera da ogni responsabilit per danno da #vaccino??? link link"
3,"user
vuoi che ci vacciniamo per viaggiare negli states?
stiamo a casa volentieri...

 link"
3,"user hanno paura di perdere gli affari del vaccino"
1,"user_capello comunque non possiamo continuare a parlare solo tra noi, dobbiamo comprendere come fanno imbecilli, analfabeti, maniaci e novax ad avere ottordicimilioni di follower e noi che siamo belli, intelligentissimi e simpaticissimi stiamo a guardare il mondo che passa."
2,"""si è aperto anche un conflitto sul vaccino. è evidente che impadronirsi del vaccino prima degli altri è un vantaggio competitivo. a questo scandalo si dovrebbe reagire.""

massimo d'alema a #ctcf
#stiamoancoraattenti link"
2,"coronavirus, negli usa al via test sull'uomo per un vaccino link di user"
3,"al vertice mondiale sulla sicurezza dei vaccini dell'oms hanno fatto rivelazioni sorprendenti:  i vaccini possono essere mortali   gli studi sulla sicurezza sono inefficaci   il monitoraggio della sicurezza  inadeguato  gli adiuvanti aumentano il rischio  link link"
3,"chissà il ""munifico filantropo"" bill gates quanto ha foraggiato le istituzioni per poter vaccinare l'universo mondo ... speranza: «rischio zero solo col vaccino» fase 3, si attendono le azioni delle regioni - link - cronaca, italia link"
2,"coronavirus, “guerra del vaccino”: la germania difende la sua ricerca dai miliardi offerti da trump #covid2019 #coronavirus #ricerca #vaccino link link"
2,"""focolai di poliomielite in africa causati da mutazione del ceppo nel vaccino"" link"
1,"#morbillo. continua lalert dell#oms: nel 2018 ha provocato oltre 140.000 morti. unica arma: il #vaccino. in #italia casi in diminuzione ma nei giovani adulticopertura  scarsa #sanit link di user"
2,"luogocomune:dal top di harvard, le incognite di cov-2, immunità e vaccino   link 12"
3,"se sono sicuri,perch chiedere l'immunit?  fatevi una #domanda    s da un'epidemia hanno solo da guadagnare e nulla da perdere ,cosa succeder? link"
2,"azienda usa produce il primo vaccino sperimentale contro il coronavirus link"
1,"user user user gli antivirali tra l'altro, non sono sempre efficaci.

passi per questo coronavirus, ma facciamo un esempio stupido:

""epidemia di ebola. 80% di mortalità. effetti collaterali dell'ipotetico vaccino circa 1 su 100mila.""

ti vaccini o tenti la fortuna?"
3,"muore a 5 anni dopo richiamo vaccinale ma non  colpa del vaccino bens di un infezione batterica dicono . il richiamo fatto, secondo il calendario vaccinale  il dtpa, anti difterite, tetano e pertosse. tutte  tre sono infezioni batteriche. fate voi???? link"
1,"attenti al morbillo! link"
2,"virus, l'epidemiologo lopalco: «vaccino, 118 prototipi. oxford, usa e cina in testa» link"
1,"#economia vaccino, scatta la «raccolta fondi» mondiale da ue 1 miliardo, l’italia dona 140 milioni link"
3,"meraviglia! ora persino beppe grillo si concede uno spot a sostegno del vaccino contro il papilloma virus umano. ma facciamo pure finta che anni fa ne condannava l'uso indiscriminato... link"
3,"user user_18 stai sul discorso immuni. quindi non dovremmo uscire fino al vaccino? e si troverà, visto che chi ha gli anticorpi non è sicuro sia immune? ma perché chi è nei servizi essenziali può lavorare in sicurezza già adesso? fattele due domande."
3,"user il rischio di una dittatura è altissimo infatti. quello di questa scemenza di virus ""pandemico"" fa ridere. e il vaccino non serve a niente. se lo facciano i beoti che credono ancora alle balle di questo governo di farabutti e dei suoi ""esperti"" prezzolati."
3,"coronavirus, i telegiornali i primi sciacalli subito dopo i venditori del vaccino che a breve lo tireranno fuori"
3,"bill gates e rockefeller hanno investito su id2020, un microchip sottopelle per le vaccinazioni digitali. la crisi da coronavirus  perfetta per obbligarci a usare id2020. quando usciremo di casa, potrebbero obbligarci a indossare il marchio della bestia. link"
1,"user la parola chiave è ""sospendere"". non sappiamo i tempi: smetterà da sola, sarà necessario attendere produzione vaccino e vaccinazione di massa o che? alla fine qui siamo in ballo da due settimane scarse. ora giusto stare spostati sul lato ""non vita"" (o vita con prudenza). poi boh."
