1,"@colombo9luglio un vaccino contro il cancro (hpv) è efficacissimo e sicurissimo. il 50% dei genitori lo rifiuta per i figli adolescenti"
2,"@ebreieisraele @a_meluzzi vaccinatevi voi, io voglio una cura non un vaccino."
2,"#coronaviriusitalia
visto l'inutile bufera (i dati e i virologi continuano a dire che è meno di un'influenza) cui il governo si è adagiato, non resta altro che pensare al dolo.
di smerciare in futuro vaccino.
se no non si spiega"
0,"@interzln bisogna avere il coraggio di trovare una strategia sociale ed economica per stare tutti a casa fino al vaccino senza dire cazzate e prendere tempo. nella mia regione ci sono stati più di tremila morti non penso che la gente è cogliona sa che mostro è ma vuole risposte economiche"
2,"@maurizio62 @cfineight @nadia_hopppe1 @chetempochefa @robertoburioni vabbè lei proprio non vuole capire. se lo stato mi obbliga ad un tso perché mi fa firmare addossandomi la responsabilità?  lo sa che se non firmi non te lo fanno il vaccino?"
1,"#agorarai

•#lopalco: ""quando arriverà il vaccino potremo tornare a fare la vita di prima""

la libertà è ufficialmente in vendita. https://t.co/4zee1exdvq"
1,"coronavirus, oms: per vaccino dovremo attendere almeno 18 mesi https://t.co/j40ydwje5m"
2,"@minervamcgrani1 @wcostituzione eh si, hanno proprio da parlare  sul vaccino hpv. visto le belle esperienze. https://t.co/it6fj2xdjr"
2,"zingaretti: 'la mascherina diventi la moda dell'estate, la metteremo fino al vaccino' https://t.co/ciugkq9ofi via @fanpage  maledetti"
0,"@marcotravaglio io e te siamo più furbi appena esce ci si fa il vaccino
^  ^"
1,"@silva6917 sei antivax?"
0,"@giovangolo @giornalettismo @peppesignore peccato che a prescindere dalla cura, il vaccino serva."
1,"@oradecima @huffpostitalia who e unicef  controllano i programmi di immunizzazione in moltissimi paesi per epatite, polio, rosolia ecc.  https://t.co/tjgf9nfiza     https://t.co/lpdxt6mmvk"
1,"#coronavirus. test animali bypassati negli stati uniti per la #ricerca di un #vaccino? no! facciamo chiarezza.
#sperimentazioneanimale #covid19
https://t.co/wxtj14ztsg"
0,"@repubblica almeno per il covid possiamo trovare cura e vaccino"
0,"@matting88 @la_stordita normale, senza vaccino, è impossibile"
0,"nicola zingaretti : ordinanza regione lazio vaccinazione obbligatoria - firma la petizione! https://t.co/vcb9sav2lb via @changeitalia firmiamo brava gente"
2,"vahttp://www.altadauniaaltosalento.it/showthread.php?11835-vaccino-esavalente-ecco-il-documento-%93riservato%94-glaxo-che-cita-l%92autismo&amp;p=18393#post18393ccino esavalente, ecco il documento riservato glaxo che cita lautismo https://t.co/veftfji4um"
1,"il canada avvia i test clinici del vaccino contro coronavirus - https://t.co/fdmqsjtgov... https://t.co/hyykqmihay"
2,"c' un bambino in terapia intensiva a causa di febbre e convulsioni dopo il vaccino mprv ma nessuno ne parla. come mai? #vaccini https://t.co/vikdad6ifw"
2,"houston, texas. scuola chiusa fino al 7 gennaio per una epidemia di pertosse.  tutti gli studenti sono vaccinati per la pertosse.  copertura al 100%. epidemia.  non sentite anche voi lo scricchiolio delle loro bugie? https://t.co/mqgr5rsb3x"
0,"@alessandro19_07 @fattoquotidiano certo sembrerebbe essere questo lo scenario. ma nessuno ha la palla di vetro per poter avere un'idea chiara del futuro anche se, e questo pare evidente , molti dovranno rinunciare al vecchio lavoro e adeguarsi ai nuovi tempi. me compreso. fino al vaccino quantomeno."
0,"@davidmilletti non è il virus che ha perso forza, è l’uomo che è più “forte” a combatterlo. col lockdown, le mascherine, il distanziamento, le diagnosi precoci, le terapie più mirate..forse un giorno muterà e si trasformerà in un virus del raffreddore.  un giorno. forse prima avremo un vaccino"
1,"coronavirus, farmindustria: ""un giorno per produrre farmaco, per vaccino mesi"" https://t.co/o1iw69cgpg"
0,"mi piacerebbe sentire un pentastellato no vax con la bava alla bocca, oggi una rarità #covid2019"
2,"la chiesa di satana provax, ma tu guarda... con lavallo dei clinton poi. toh! https://t.co/dhrbwjpa9v"
2,"dopo l'intervista di pregliasco che ha dichiarato pubblicamente l'importanza del vaccino antinfluenzale per prevenire il #coronarvirus, ho capito a cosa serve aver generato il panico a cui assistiamo da giorni: a smaltire le dosi di vaccino antinfluenzale! semplice...????"
2,"quanta saggezza in queste parole.  ma a coloro che non comprendono che il racket dei #vaccini va fermato in tempo, perch prima o poi toccher tutti, dobbiamo fornire un disegnino?  @euromasochismo https://t.co/ica3qonueo"
0,"conte, mascherine finché manca vaccino https://t.co/5ei8fvc1z0"
2,"tratto dal discorso di #henrykissinger al @who il 25.02.09. 
si nota una certa somiglianza con gli intendimenti di @billgates /#rockefeller , che ne è l'erede intellettuale...
ora, sotto coi #vaccini..!
#covidー19 
#coronavirus 
#covid19 
#novax https://t.co/ncreokun36"
0,"@chiaravillage ma poi quando qualcuno le fa notare che la maggior parte dei morti sono over 65 che non avevano indicazione nel fare il vaccino per la meningite ha risposto:gli hanno fatto l'antinfluenzale peccato che quest'ultimo lo fanno ogni anno in tutta italia (a chi vuole,mica è un obbligo https://t.co/6dzrf2pj4s"
2,"@sadecesen_2016 @docflipperino1 si il vaccino potrebbe essere una scelta ... ma dovresti poi fare i conti con la malattia... se ti va male vai in ospedale in terapia intensiva !mettiamo il caso che ti va bene , guarisci ma ciò non ti immunizza... potresti riprenderlo .... allora .... è tua la scelta"
0,"i #novax oggi #coronvirusitalia https://t.co/celz7xzy2b"
0,"@salpaladino al di là di questo, ci sarà comunque timore... perchè non ci sarà ancora una cura certa nè un vaccino..."
0,"quando prima o poi uscir� il vaccino ai no vax non glielo devono fare. continuassero a curarsi con tisane, bava di lumaca, fiori di bach, massaggi e simili."
1,"@sorayafasulo @ferrarisergio4 sono precauzioni perché non ci sono farmaci adatti ne il vaccino per ora, la mortalità è bassa, meno dell'influenza normale"
0,"@mgabrielladavid @sararigby7 sono d'accordo, mai fatto il vaccino antinfluenzale ma quest'anno credo lo farò visto che può migliorare la qualità degli indizi sulla situazione covid."
1,"coronavirus, de donno:‘abbiamo il farmaco,il plasma è più potente del vaccino’ https://t.co/hftbv82lvm"
2,"il fumetto dell’ue del 2012 dove era stato previsto tutto: dalla pandemia al vaccino

https://t.co/v3khhn39kl"
1,"era da un pò che non passavo su twitter ma sto #coronavirusitalla sta a tirà fuori il meglio di voi.
virologhi, novax, fuggitivi, rancorosi, stamo a casa, no uscimo, siete bellissimi."
2,"peggio che essere stuprata ???? https://t.co/wtvvujmuay"
1,"coronavirus – su internet la truffe di sedicenti farmaci anti covid-19: oscurati 4 siti web - ... ricerca di una terapia o un vaccino efficace contro il covid-19, impazza su internet la vendita illegale di sedicenti terapie contro il nuovo coronavirus, ..."
1,"@valentina30210 @caiodark @lambretta741 @robivil non i tempi di somministrazione, i tempi di produzione. per produrre la quantità di vaccino necessaria per la popolazione servirà moltissimo tempo"
2,"hai gi avuto il morbillo ?  uguale ,o fai il #vaccino deciso dalla #scienza o sei fuori dallasilo.  complimenti anche al sindaco di pisa (@legasalvini) che non ha ancora fatto niente per evitare schifezze come queste. @albertijacopo regionali 2020 ci ricorderemo #vaccini https://t.co/rlmo8wjwz6"
0,"@alessio_argiola la situazione credo sia di non ritorno: quanto si può durare?! 1,2 ,3 mesi, non so la cosa qui è https://t.co/fn3u0ewxvp vuole un vaccino e poi bloccare la cina con il suo schifo"
0,"@robertoburioni @drgreghouse73 @mauriliovitto ma per il coronavirus non c'è vaccino e quindi la prevenzione rimane la soluzione più logica. dovrebbe capirlo anche lei."
2,"#coronavirus, il terrore continuera' finche' non arrivera' il ""#vaccino miracoloso"". tanto i decessi da strumentalizzare non mancano... https://t.co/bazr4qp1zk"
0,"dietro linfarto c un batterio intestinale, si apre la strada per il vaccino @sole24ore https://t.co/coc4fjkt8p"
0,"@side73dark @barillarim5s questo perché dipende dal vaccino. l'anno scorso ad esempio alcune regioni hanno comprato il vaccino trivalente che non dava sufficiente copertura. in sardegna avevamo il tetra che invece ha protetto."
0,"(scusate l'ignoranza) mi spiegate l'utilità di far parlare panzironi in questo periodo così difficile(con la gente chiusa in casa) non bastavano le bestialità dei novax ascoltate negli anni scorsi #nonelarena irresponsabili!!!"
1,"panico meningite nel bergamasco: code dallalba per fare il vaccino in arrivo la protezione civile https://t.co/hmpu2wtj"
1,"le foche: “coronavirus in zona cesarini. andrà via prima del vaccino” https://t.co/pupirdtgzm"
2,"jerome mor 12 ore dopo il vaccino esavalente, aveva due mesi. da una parte abbiamo la prova scientifica (la loro) che non ci sia alcun nesso causale tra le due cose. dall'altra abbiamo la prova scientifica che non fornisce spiegazioni sulla sua morte.  https://t.co/0yaifukolv"
0,"@lucillamasini il problema è che, in qualche modo, le misure di contenimento appaiono ormai come qualcosa ""di sinistra"" (esattamente come è andata per i vaccini).
basta guardare i profili: bandierina -&gt; ""basta con questa dittatura!"" -&gt; ""è un complotto per il vaccino!"" -&gt; ""w tarro e montagnier!"""
0,"@repubblica niente fretta , ma neanche coma, la gente deve poter ripartire con tutte le cautele. non possiamo stare un anno in casa finché non si troverà un vaccino. bisogna conviverci con tutte le cautele , la gente ha bisogno di lavorare per mangiare. la gente non vive di o..m.s ."
0,"@filippofacci1 che poi adesso fanno il delizioso esercizio retorico “i novax non sono contro i vaccini ma contro l’obbligo”.

c’è nessuno che “non è contro le cinture di sicurezza, ma contro l’obbligo delle cinture?” qui che ci vuole spiegare nel concreto la differenza?"
1,"#coronavirus, abrignani: “vaccino? almeno tra 2 – 3 anni” https://t.co/are6jc2lit #notizie #sapevatelo"
2,"2.300.000.000 di persone obese 3.000.000 di morti per alcol allanno 700.000 morti per infezioni da batteri resistenti   ma un pensiero per il #morbillo e il #vaccino c sempre. quante dosi devono ancora smaltire le case farmaceutiche?  https://t.co/xxjfkqxt7w"
0,"a questo punto cederei la parola a quei geni dei no vax."
0,"@osvaldomajorca @capuzzo_daniele @giuseppeconteit se il plasma funziona, non c'é nessun motivo perché il vaccino non possa dare immunità contro  virus. e poi, il plasma é una cura mentre il vaccino evita che ti venga la malattia. meglio prevenire che curare, no?"
2,"coronavirus, i telegiornali i primi sciacalli subito dopo i venditori del vaccino che a breve lo tireranno fuori"
0,"@mani72012 funzionano tranquilla non e' dei ventilatori che devi preoccuparti ma della capacita' della gente di saper reagire in attesa del vaccino santo"
0,"la buona notizia è che un vaccino c'è per il #coronavirus, la brutta notizia è che è riservato per i soldati usa.
#defendereurope20"
0,"@73orlando73 @ignaziocorrao @gianmt @carlocalenda @ale_dibattista @fattoquotidiano spero ci toglieremo di torno tutti coloro che agiscono malamente (per incapacità o per altri motivi). voi affidatevi ai novax, mi raccomando."
2,"#vaccini. qualche domanda? https://t.co/f8dbffnxvj"
2,"@bealorenzin @radiocusano @deputatipd @pdnetwork le sfugge la differenza fra #vaccino e vaccino obbligatorio. quando sarà pronto ognuno deve decidere in accordo con il proprio medico di fiducia se farlo o meno. per esempio per questo medico è meno letale di polmoniti normali... https://t.co/yrwiyojkqm"
1,"coronavirus, la corsa al vaccino: 118 candidati, 10 in sperimentazione clinica https://t.co/bgbauhfxux"
1,"di maio: «ora un’alleanza internazionale per mettere a punto il vaccino» https://t.co/l5tjuf40rt"
2,"@giuseppeconteit @robersperanza con i soldi nostri! c'è la cura, la mallatia non dà l immunità, il vaccino non serve! date i soldi alle imprese e alla gente! prima del vaccino andrete in galera voi!"
2,"codacons denuncia la lorenzin: ha nascosto documenti che rivelano i danni da vaccino. https://t.co/bpeibpsn3x"
2,"#dimartedì i karcerati vengono pagati per provare il vaccino ed anke per essere infettati. la libertà vale di più"
2,"@tatiana_orsa @ausoloda @paolo30158591 @f_boccia lo dico dal primo giorno, l'influenza stagionale fa molto pi� vittime e contagia milioni di persone nonostante il vaccino,il terrorismo mediatico fa il resto !!"
2,"luogocomune:dove sono finiti i novax? tranquilli, sono tutti qui, a guardarvi sprofondare nel ridicolo   https://t.co/q11s0irvjs 97"
2,"si parla molto di vaccino per il cobit 19 ma che garanzia c'è che sia presto ? se per l'aids ancora oggi dopo 24 anni dalla comparsa (1986) non è stato realizzato ?"
2,"avete vaccinato le vs. ragazze? poi toccher anche ai ragazzi! vi obbligano facendovi credere che  giusto. questo  il risultato. https://t.co/tyyykbfeql"
2,"@897031a2a1474fc @giamgall @proflopalco forse non è chiaro che qui non si sta parlando (e parlo per me non per altri) dei vaccini in generale,  ma di un vaccino che vogliono sviluppare in tempi rapidissimi, senza seguire i protocolli e soprattutto vogliono imporre a tutti. spero di essere stata chiara."
1,"@il_maggiore si si! ma pure se hai un negozio tuo, fra i documenti devi avere il certificato del vaccino."
1,"non dite cazzate!!!!coronavirus, die welt: ""trump cerca di corrompere azienda tedesca per avere il vaccino"". ma società farmaceutica smentisce - il fatto quotidiano https://t.co/rrupsjickw"
2,"al vertice mondiale sulla sicurezza dei vaccini dell'oms hanno fatto rivelazioni sorprendenti:  i vaccini possono essere mortali   gli studi sulla sicurezza sono inefficaci   il monitoraggio della sicurezza  inadeguato  gli adiuvanti aumentano il rischio  https://t.co/z5qi0njdr5 https://t.co/d5udjndkfd"
1,"a che punto siamo con la sperimentazione del vaccino anti covid-19? https://t.co/jehl34doex"
2,"guardacaso ha dimenticato di citare il fatto che la ragazza morta fosse stata vaccinata. guardacaso tra tutti i non vaccinati, poi muoiono spesso i vaccinati.  ma sar perch il #vaccino crea uno squilibrio nelle immunit antigeniche cit. alessio tomasello https://t.co/yttzqkwgr3"
2,"nella prima foto campagna pagata da big pharma per 200 casi allanno su tutta la popolazione italiana, nella seconda i dati delle reazioni avverse al #vaccino mprv : 400 reazioni avverse ogni 1.000 dosi (di cui 40 gravi)   veniteci a parlare di rischio beneficio  #libertadiscelta https://t.co/ll13quaaau"
0,"@andreasso1951 andrea i terrapiattisti base grillina. assieme a no vax e soprattutto cospirazionisti alla x-files.... praticamente fuori dal mondo."
1,"@matteorenzi la gente vuole stare a casa. non sente cazzi.  li hanno terrorizzati talmente bene che i cervelli sono andati completamente in pappa. la fake news sugli aumenti degli infetti in germania, quella sull’immunità di gregge di johnson. niente. stare a casa e aspettare il vaccino."
1,"vaccino, test positivi in usa oms, in 100 chiedono un’inchiesta https://t.co/fbvy95ubhk"
0,"dopo qualche settimana di defaticamento eccoli lì di nuovo i #novax, col petto fiero e il sole in fronte.

oggi in parlamento non si è parlato di scuola e istruzione.

siamo vittime del #coronavirus si, ma più dell'analfabetismo di ritorno, da anni.

#braindown https://t.co/vp0shb8vr0"
1,"#covid19; l’innovativo progetto di ricerca utilizza la tecnica della “reverse vaccinology 2.0” per isolare #anticorpi monoclonali umani da pazienti convalescenti o guariti, utili come cura, profilassi e per un futuro #vaccino https://t.co/ppx9euvenw"
2,"@nzingaretti rassista, fassista, nazista, a voi interessa la tutela della salute pubblica o le lobby del vaccino? mi sa che è la seconda opzione."
2," @euromasochismo: ecco una storia interessante. gavi, la creatura dei gates che prende quattrini dai contribuenti per dare vaccini ai pae�"
2,"@michela29569388 @simonebonzanini non si può fare un vaccino su un virus che muta, è come il vaccino antinfluenzale, tanti lo fanno ed è dimostrato che le persone vaccinate hanno più possibilità di ammalarsi, perciò è totalmente inutile"
1,"conte: “allo studio piano per riaperture omogenee. mascherine e distanziamento fino al vaccino. la app…” https://t.co/z45luhthre https://t.co/rqrut4oqrq"
1,"dicono che il corona calerà di vittime verso il venti aprile (mio compleanno) ma il vaccino è ancora lontano"
0,"@corriere bene , ora farmacologi italiani per trovare vaccino"
1,"@risatonicola trovare una cura per guarire una volta infetti,  quale vantaggio porterebbe rispetto ad un vaccino?"
1,"""focolai di poliomielite in africa causati da mutazione del ceppo nel vaccino"" https://t.co/nyh1a9ionl"
0,"coronavirus, bill gates: ""vaccino? se funziona lo pago io"" https://t.co/vwrlsj4law"
2,"@corriere quindi il vaccino per chi l'ha già fatto non serve a nulla,contando poi anche che se te lo riprendi te lo riprendi in maniera più lieve...  alla 4° volte che lo fai non ti fa più una mazza? tutto sto panico istituzionale è solo per questa ""gara"" internazionale sul virus e basta"
2,"le azioni della cinese #nanoviricidesinc guadagnano il 74% indovinate che producono? il vaccino sperimentale contro il #coronavirus !  ..........e antiamooooooo! ???????????????????????????????????????? https://t.co/uikr2iqygb"
1,"appello onu e movimento internazionale croce rossa e mezzaluna rossa: “serve unità per il vaccino contro il covid19” https://t.co/bqnxw28cus"
0,"chiss se c'era pure qualche no-vax. chiss.  https://t.co/mcbdizx1oy"
2,"@ninogalloni @paginavox “c’è il rischio che il virus sparisca prima dell'arrivo del vaccino: siamo preoccupati""

https://t.co/bgy3tutpyx"
0,"@beppesarno tieni comunque conto che verosimilmente prossimo o fra qualche anno diventerà l'influenza stagionale.
ma avremo il vaccino (speriamo).
e come quest'anno, credo che lo farò.
voi?"
2,"@alex70fa aleeee.... italiani....

altro vaccino però obbligatorio x tutti....

sopravviveremo...?

https://t.co/eczimixhrc"
0,"@nicmax25 si ma c’è il vaccino. 
si ma i bambini lo superano meglio degli adulti.
si ma se lo si supera si rimane immuni a vita.
si ma il morbillo ha fatto scomparire intere popolazioni in passato. 
si ma ha lasciato un sacco di strascichi in chi lo ha passato. 
si ma quindi?"
0,"@alfonsofuggetta la gente non capisce. non è solo questione di trovare un vaccino per *questo* virus. ne arriveranno altri in futuro e bisogna per forza progettare un sistema completo e integrato per gestire la pandemia."
2,"@gregoryalane1 devono sparire i governatori che impongono mascherine all'aperto...ci vogliono malati e pronti per il colpo di grazia...il vaccino...venduti!"
0,"@stopconinomi purtroppo c’è stata una sottovalutazione mostruosa......
speriamo che il vaccino sia trovato al più presto!!"
0,"stanno andando veloci come razzi, tutti i gruppi, in tutto il mondo pfizer begins human trials of possible coronavirus vaccine - the new york times https://t.co/gqijzyurbu"
2,"@juanne78 @rn_inchieste @luigiantonio80 di come no ,ci fa crepare con il vaccino fatto da soros da gates e finanziato da conte ,ci vogliono morti"
0,"iniziamo male anche oggi: mi alzo e vedo che quell’ignorante della mia vecchia host mom americana scrive poemi su facebook su come il coronavirus sia stato creato in laboratorio e poi trasmesso intenzionalmente per obbligare i no-vax a vaccinarsi"
1,"coronavirus, meluzzi: 'porti chiusi altrimenti non c'è vaccino che tenga' https://t.co/vptyevfmpw"
2,"@matteosalvinimi no al plexiglas, mascherine, visiere, ma igiene, collaborazione tra genitori e insegnanti e buon senso, bambini malati stanno a casa. i giovani non sono a rischio, molti di loro sono prob già immuni essendo portatori. no a un novel vaccino. proteggere anziani e persone a rischio."
2,"@ivanoceriani @minervamcgrani1 al momento il vaccino non c’è e forse non ci sarà mai. il plasma sta funzionando, atteniamoci alle cose reali."
0,"@eadaimon non temo per me ma per chi non può difendersi. non c'è l'effetto gregge a tutelare gli immunodepressi perché troppo pochi hanno sviluppato gli anticorpi e non c'è vaccino."
1,"covid-19: parte negli usa sperimentazione #vaccino a mrna | #ecm https://t.co/wk9od4mmsy"
1,"vaccino, ecco perché non sarà per tutti. la sanofi ha già promesso le prime dosi agli usa https://t.co/shywldtmwf di @repubblica"
2,"3 anni fa, @msf lanciava una vasta campagna d'immunizzazione contro il #morbilloi in africa centrale, afflitta oggi dalla ""pi grande epidemia di morbillo contemporanea"". o il vaccino non funziona, o - dubbio legittimo - scatena la malattia. #lascienza risponde senza insultare? https://t.co/cpmnk5nzh0"
1,"per trovare un vaccino contro il coronavirus serve un nuovo “progetto manhattan” https://t.co/7brqyo96dm"
1,"coronavirus: il vaccino in un anno in poche settimane test sulluomo -  #coronavirus: #vaccino #poche  https://t.co/6c1eqzbgbh"
0,"otto strategie per trovare il vaccino https://t.co/57rcibwavm"
2,"la smettiamo con sta storia del vaccino? 
tra l'altro fermate gates, grazie
https://t.co/ivqctzmbmf"
2,"@secoloditalia1 ciccio, te lo fai tu e la tua famiglia quel ca@@o di vaccino.
io di avvelenarmi con quella brodaglia non ci penso nemmeno. #billgatesisevil #billgatesisnotourfriend"
0,"siamo solo delle piadine

#coronavirus #vaccino https://t.co/0afhe4ul46"
1,"@merynga1981 ti giuro che rula ha detto così.
che gli stati repubblicani americani sono no vax e contrari alla scienza.
e i poveri si ammalano.
giuro."
1,"«per il personale sanitario vaccino dal prossimo autunno» https://t.co/yx5cypueio"
1,"@giancapopopolo @robisala3 @_avvocato il punto è che dovresti controllare chiunque arriva dall’estero e chiunque italiano o meno che è stato all’estero (specialmente in quei paesi e non solo in cina...).
vada che non c’è vaccino ma almeno realizzino un test sicuro al 99% da poter fare rapidamente e con facilità."
2,"@fabiofranchi1 ma comunque ho i miei dubbi che si possa dimostrare l'immunità per evitare il vaccino. a parte i soggetti noti che guardacaso, si ""sono offerti volontari"" per il tampone, tra i quali, ahhh c'è chi è favorevole al vaccino."
2,"avviso:  il vaccino antinfluenzale 2018-19  contiene mercurio  (pericolosissimo!) e mette in pericolo soprattutto le donne incinte e i bambini https://t.co/m2ojmmerao https://t.co/rw38umyfko"
2,"un anno fa moriva il piccolo samuel di martino, a poche ore di distanza dalla somministrazione di un vaccino, antimeningococco b prodotto dalla glaxo. la procura nomina un perito per stabilire la verit sulla terribile scomparsa di un cucciolo di soli 5 mesi.  segue https://t.co/2ay53xlivx"
1,"@dispercezione @bitter_dicks hanno smentito eccome: non solo è caduta la *certezza* che fosse così, ma è venuto anche fuori che (nel caso spefcifico) non si trattava propriamente di asintomatici. alla luce di quella rettifica, l'affermazione di burioni diventa priva di senso -&gt; come quella del novax medio. https://t.co/lrvbi5beai"
0,"@danielamondorff @stefanhulughiuc @eugeniomuzzillo fintanto che non si trova un vaccino o r0 va sotto 1, questa e' un'emergenza sanitaria di massimo livello. la gente non deve andare in panico, ma nemmeno perdere la propria attenzione 2/2"
0,"@edoardo_riccio direi che dal 68 le cose sono cambiate. siamo più vecchi, più malandati e più numerosi. il virus poi è una sars. il fino a quando dipende da farmaci, vaccino, test diagnostici. non piace? prendetevela col virus"
0,"@italianoeromano vaccino, 5g, troika, contante, microchip.....questi sono dei pazzi"
0,"@cucchiriccardo @nandopiscopo1 non si potrà ripartire normalmente fino al vaccino lo stanno dicendo in tutti i modi gli scienziati"
0,"@repubblica ma non eri un fan dei 5 stelle no vax?ho sbaglio."
1,"antidiplomatico:negli usa testato sull'uomo il primo vaccino contro il coronavirus https://t.co/34zscsyzjt 96"
0,"#zazzaroni: ""nessuno sa esattamente quando finirà, dovremo imparare a convivere con il virus, fin quando non si trova un vaccino. pensiamo alla gente che ha bisogno di lavorare"""
0,"@carloalberto @francescodeben8 @alfonsofuggetta esattamente come i novax e i noeuro. quasi sempre chi è “no” di uno lo è anche degli altri due..sono fatti con lo stampino"
2,"@cesaresacchetti manco morta farò un vaccino"
0,"@rossaneldna l’essere uniti credo sia una chimera. io ad esempio auspicherei una unità, uno scambio di informazioni tra questi ca. 40 team di scienziati che cercano un vaccino. ma ognuno farà per conto suo purtroppo"
2,"@mgmaglie vogliono mantenere il blocco per persuaderci che possiamo uscirne solo con un vaccino. l'italia è un laboratorio per prove tecniche di totalitarismo"
2,"@luca_mussati @giochirilly forse credi che la app di tracciamento vogliono imporla per tracciare i positivi?credi che la favola del vaccino (inutile visto che le influenze non danno immunità) non sia x scopi diversi dal ""per il bene dell'umanità""?che i microchip siano nella fantasia dei complottisti?"
2,"@nemomcmlxv @valy_s @who ed a breve imporrà anche la vaccinazione per presunti corona virus .....

mah .....qualche dubbio mi sorge spontaneo..."
2,"@graziel65255465 ma dai #ivaccinisonosicuri anzi sicurissimi. lo sanno tutti che uno shock anafilattico potrebbe succedere mangiando una pizza, ma mai e poi mai per reazione a un #vaccino. basterebbe mettere a confronto gli ingredienti per capirlo. https:"
2,"@eltiburonr @cigno114 @primula23353243 @cesaresacchetti hanno secoli di esperienza. mica creano un virus antiuomo senza pensare prima al vaccino..."
2,"@giancarloderisi bolgan: negli over 65 la vaccinazione causa più complicanze e decessi.
https://t.co/gabsrwypdr"
1,"italiani se pensate che #trump sia una merda a chiedere il vaccino in esclusiva per gli americani, ricordatevi che salvini è il suo equivalente italiano e che almeno il 30% di voi lo voterebbe.

la sagra degli stronzi."
1,"@matteorenzi e se magari, prima del vaccino, arrivasse una cura? non é la stessa cosa, ma sarebbe una gran cosa. ed é meno complessa."
1,"@kinsil92 aspetta silvia, non è un vaccino ma un farmaco"
0,"@moneleonora nel senso che infierire non è nella mia natura.

dato che non è medico, sul web troverà qualcosa sulla fake della ruggine.

e magari scoprirà pure che i novax sono solo un mezzo per taluni di ottenere cuoricini a prezzo di saldo. 

ma non vorrei farla pensare troppo."
2,"juke era una bambina sana fino al giorno di quel maledetto #vaccino.   prima di vaccinare i vostri figli informatevi perch indietro non si torna.   qui la sua terribile storia  ????????  https://t.co/lhnyetotp5 https://t.co/yjayo3y35p"
1,"coronavirus - financial times: ""in uk forse 41mila morti, più del doppio delle cifre ufficiali"". onu: ""rischio carestia di proporzioni bibliche"". primo ok per test del vaccino su un uomo in germania
https://t.co/djp8muxgtb"
1,"@bottamktg @juanne78 ennesima menzogna del governo conte: solo propaganda politica. non esiste nessun vaccino pronto per il prossimo autunno né alcun accordo con l'italia: https://t.co/qlnfzcqmby"
2,"@petuffotanker @robersperanza l’australia ha vaccinazioni obbligatorie vietnam e thailandia ha vaccinazioni consigliate . io sono contrario al vaccino covid . questo cercavo di far capire e non accetterò nessun tipo di imposizione ."
0,"ho appena letto un ""io non mi vaccino a pre-scindere"",e la ""fase 2"" ora mi angoscia più della quarantena..."
0,"@rainews ma come si fa a pensare che basti questo? i ragazzi sono sempre vicini vicini, riaprire le scuole con virus in giro e senza vaccino vuol dire strage"
0,"@clarence101010 basta fare due ricerche comunque, conferenza stampa fatta da quei novax che si son trovati miracolati grazie al m5s, organizzata alla camera e che sostanzialmente ha portato ad un nulla di fatto visto che,  e cito(1/2)"
2,"devo correggermi. ho scritto che la probabilit� di avere 2 #sids in 2 gemelli � 1 su 50 milioni. altri mi han fatto notare che la probabilit� che avvengano lo stesso giorno � maggiore. che avvengano lo stesso giorno del vaccino ancora di pi�. cos� arriviamo a 1 su 133 miliardi !!"
2,"come volevasi dimostrare... oplà!  la società farmaceutica americana ''moderna'' e' vicina al primo vaccino contro il coronavirus https://t.co/igswrixtlz"
2,"i #vaccini sono sempre sicuri...o no?
https://t.co/ddgmzhsdbu

#vaccino #salute"
2,"@minervamcgrani1 mia madre, 85 anni, consigliata dal medico e caldeggiata da mio fratello, ha voluto sottoporsi al vaccino antinfluenzale. ora ha avuto un netto aggravamento delle sue condizioni, con gravi difficolt� di deambulazione, problemi neurologici"
2,"@italyqanons no no,
dovete stare buonetti e ammalati che poi arriva il vaccino e allora sarete miracolati.
maledetta big pharma e i suoi ignobili servi."
1,"@signorernesto il riferimento alla vaccinazione contro l'influenza non è per proteggersi dal coronavirus, vero? no perché, a me sembra scritto in maniera leggermente ambigua e la mamma dello scemo..."
2,"ditemi che questi #vaccini sono sicuri, ditemi che non hanno strappato questi bimbi alla loro gioia di essere tali rendendoli autistici. venitemi a dire che prima della vaccinazione stavano bene ed erano sani. ditemi che dal giorno successivo il buio  calato. diteci perch. https://t.co/jzca6c7otv"
0,"@rafaloca1 @cartabellotta c’è un solo modo per debellarlo e tornare alla “normalità”: sperare in un vaccino efficace"
2,"@juvemyheart più fanno scena più il prezzo del vaccino aumenta. i governi speculano su queste situazioni e poni dicono a noi di non farlo."
1,"coronavirus, professor de donno: ""plasma unico farmaco, è molto più potente di un vaccino"". e difende ricciardi da attacchi politici - il fatto quotidiano https://t.co/xmyrsboycm"
1,"https://t.co/nslwrfibwl la ministra interviene sulla polemica scatenata dai governatori della lega (una volta non strizzavano tutti l'occhio ai no vax?) #coronavirus"
1,"coronavirus: il vaccino australiano supera i test di laboratorio https://t.co/rt5hwip5pk"
0,"con i primi freddi arrivano anche i malanni stagionali: l'influenza, normalmente una malattia lieve, pu causare forme gravi in persone a rischio. per questo motivo  bene vaccinarsi ogni anno! https://t.co/xz3xl3pyiw #influenza #vaccino https://t.co/svmubaz6yp"
0,"@sofia_capello comunque non possiamo continuare a parlare solo tra noi, dobbiamo comprendere come fanno imbecilli, analfabeti, maniaci e novax ad avere ottordicimilioni di follower e noi che siamo belli, intelligentissimi e simpaticissimi stiamo a guardare il mondo che passa."
0,"@francescatotolo ma si figuri! l' unica speranza è un vaccino.. questi non ne vogliono sentir parlare di chiudere alcunché.. cmq, ho scoperto che lei è l' unica.. fino ad ora.. bocconiana di cui condivido ciò che scrive, dico l' ""unica"" perché con bifarini ci ho litigato, e mi ha bloccato.."
2,"leggete questo post. ma soprattutto i commenti. ogni genitore ha scelto di postare e raccontare la storia del proprio figlio danneggiato da vaccino. esistono, e lo faranno ricordare a tutti. sempre. #vaccini https://t.co/uvf9mrohel"
1,"@dantelaaw ammettiamo che sia corretto: non abbiamo una diagnostica e non abbiamo una cura preventiva (vaccino). 
allora dovremmo potenziare con tutte le nostre forze il ssn! ma siamo a livello di 30 posti in più di t.i. in toscana, cioè nulla! 
è assurdo!"
2,"@gustinicchi ...ho letto un'intervista di un virologo di cui non ricordo il nome, che il vaccino antinfluenzale abbassa le difese immunitarie del 40%, perciò è più facile prendere il covid19, e non solo..."
0,"@nonha_stata @talkin_hawkin chiaramente la mia era una provocazione ma certamente x la riapertura in sicurezza dovremo attendere cure certe ed il vaccino ecco perché serve un piano b"
0,"d'amato: ""oggi registriamo un dato di 85 casi di positività e prosegue un andamento stabile sotto i 100 casi e un trend al 1,5%.  entro maggio saranno selezionati i primi volontari per la sperimentazione del nuovo vaccino per il #covid_19.  noi unica regione ad averci investito"" https://t.co/aivrwigkub"
2,"coronavirus, vaccino moderna: speculazione e conflitto di interesse? - https://t.co/hlhxnuai7a"
0,"@doluccia16 vaccino truffa.. questa deve esse una seguace di quel genio di fusaro! ahahah cosa non si fa per un po’ di notorietà e per vende du libracci..."
2,"i danni da vaccino superano quelli delle malattie coperte senza vaccino https://t.co/6raafswoxk"
2,"non si pu offrire la prole a moloch.  basta vaccini.  roba da satanisti pi o meno consapevoli. cristo non usava vaccini e ancor meno li avrebbe usati con tracce di feti abortiti, ovaie di criceto, metalli pesanti ecc... come si fa a credere che siano cose buone? https://t.co/ensgw2ecju"
1,"coronavirus: coletto, l'università di perugia ha competenze per vaccino https://t.co/k6enlpzia4 di @arquennet"
0,"coronavirus, l'italia tra i primi paesi ad avere il vaccino. speranza: firmato l'accordo con astrazeneca https://t.co/4rptztno1v"
0,"la ricerca ha dato risultati così incoraggianti che l'australia ha deciso di vaccinare contro la tbc 4000 lavoratori della sanità, e trial simili sono in corso in olanda, germania e regno unito. secondo uno studio tedesco, il vaccino contro la tbc potrebbe aiutare molto &gt;"
0,"@miss_francym l'obiettivo (ideale? sperato?) è estendere l'immunizzazione col minor numero di morti possibile - almeno in assenza di vaccino, che l'estenderebbe senza sacrificare vite"
0,"@byoblu paragonare un'app, di cui si discute la questione conservazione dati, ai vaccini obbligatori che salvano la vita a milioni di persone è proprio da individuo piccolo piccolo. si rassegni le idee #novax rimarranno delle vaccate abissali e il coronavirus lo sta dimostrando."
2,"i medici indiani danno la colpa a gates per una devastante epidemia di poliomielite da vaccino che ha paralizzato 496.000 bambini tra il 2000 e il 2017. nel 2017, il governo indiano ha richiamato il regime vaccinale di gates e sfrattato gates.
https://t.co/evqxoxriw4"
2,"come per il 2019 anche per il 2020 questo deve essere un monito. affinch non sia ""solo una questione di punturina""... https://t.co/xa7bz0vakf"
0,"pensierino della notte
la scienza medica ed epidemiologica, epidemiologi del calibro di larry brilliant, insegnano che in assenza di vaccino, senza tt non si risolve una pandemia
ne usciremo se non si ascoltano false narrazioni strumentali, ma a chi vero esperto in pandemie
notte https://t.co/n7dk0etced"
0,"virus sparito? come lo vede e quando? perché non ha ricordato il vaccino? è forse contrario?"
1,"""alla fase 2 ci penseremo dopo""
bisognerebbe pensarci ora, proporre un piano, discutere alternative, assumerci responsabilità. 
che aspettiamo? contagi zero? morti zero? guariti&gt;contagi? il vaccino? 
procrastinare vale quanto una decisione sbagliata. https://t.co/zwwh1u065m"
2,"@byoblu in compenso é scomparsa tutta la censura di google sul tema vaccini... provate a cercare “danni da vaccino” e rimarrete strabiliati.
provate adesso prima che si ritorni come prima!!
ps secondo me fra poco, con la scusa che lo usiamo troppo, viene chiusa la rete."
2,"fanno il vaccino antinfluenzale, poi si ammalano e prendono l'influenza, alcuni purtroppo muoiono, e nemmeno si fanno domande.  si puo' morire d'influenza a 11 anni...no,  si puo' morire iniettandosi sostanze neurotossiche...si.  https://t.co/7yhh8wuexb https://t.co/km8uf6hb3f https://t.co/hu1udsmaka"
2,"leggete bene ebola false flag in arrivo il vaccino  pronto, non ha superato nessun trial clinico approvato in gran fretta. faranno scoppiare una finta epidemia. state in campana!  https://t.co/uqhy2fhy8w"
0,"@elenaforzoni siamo qui a fare un vaccino, come per tutti i vaccini ti chiedono di stare 20 minuti ad aspettare eventuali effetti collaterali. lei vuole scappare perché non ci sta in questo posto tutti insieme (10 persone tutte minute di mascherina in un corridoio lungo)."
1,"primo studio sull’uomo del vaccino covid-19.: il primo vaccino covid-19 che ha raggiunto la… https://t.co/ttbuikuaub"
2,"il #coronavirus è una #pandemia mondiale, questo vuol dire che se trovano il vaccino obbligheranno 7,5 miliardi di persone a vaccinarsi?sarebbe l'affare mai visto sul pianeta, forse ci metto troppa fantasia,ma se fosse io non mi vaccino"
2,"#coronavirus, #billgates chiama conte: ""ha riconosciuto l'impegno dell'italia. accordo su cooperazione mondiale per trovare il #vaccino"" - il fatto quotidiano
“to può tenè” è già stato detto? https://t.co/nog7ya5kfc"
1,"considerate le ""camere dell'eco"" nel dibattito, la conclusione è che su twitter non è facile scovare (e convincere!) gli incerti, coloro che non sono antivax ma hanno dubbi sui vaccini. su questo, stiamo lavorando a un nuovo paper. grazie ai colleghi di @isi_fondazione! 5/5"
2,"giulio tarro: “coronavirus non è ebola, il vaccino non serve. sanità in crisi per colpa di chi ha dimezzato le terapie intensive” – business insider italia https://t.co/6jxwuxq2ts"
1,"coronavirus, a fine aprile test per un vaccino sull'uomo https://t.co/qszttl262t"
2,"ricordate come tutti i nostri media spingessero per  l'antifluenzale come aiuto nel contrastare il #coronavid19? ???????????????????????? in inghilterra scatta l'allarme dei medici, chi ha ricevuto il vaccino antinfluenzale e' piu' a rischio di contrarre il #covid_19  https://t.co/2dhivd9rpt https://t.co/q8bdmkt2pg"
0,"@filipposala3 @biologiscienza @lucatelese e per quello che non mette le pubblicazioni nel cv?  guardi, io parlo con tutti, ma non con i no vax. quindi mi scusi"
1,"coronavirus, un vaccino ""jolly"" funziona anche sui macachi  #coronavirusitalia https://t.co/7uviawsr0s https://t.co/hcb4c4wvoq"
2,"@andi_sx_veg @graziel65255465 @angy_cocco @piersar62 @gael99 @pediatriaoggi @xenonian1 tu hai visto questo?  bambini indiani che hanno preso la paralisi flaccida da vaccino della polio?  ignorante pericoloso  https://t.co/6rtmgcit5q https://t.co/0p3uinlex"
0,"#coronavirus: #vaccino imminente dalla #germania - https://t.co/fxwxctjmf1 - #curevac #trump https://t.co/eozjlkjuka"
2,"@doluccia16 @aspettaaspetta sono mesi che medici seri dicono che il vaccino non serve perché non funzionerebbe!

però mass media e politici continuano a dire che lo aspettano!
posso immaginare perché."
2,"@tiecolino @brtcrl @piersar62 @antony220970 volete la verità su vaccini?
allora non si sputa su l'unica forza politica che ci ha provato, ma si incita, si aiuta chi da soli lotta o si è arreso a combattere il gigante. altrimenti mi indichi quale altra forza politica ascolta i no vax?
nessuno?"
0,"#coronavirus, patto europeo per il vaccino. lunedì sottoscrizione da 7,5 miliardi. il documento dei leader ue.
lettera firmata da conte, macron, merkel, michel, von der leyen, solberg. una risposta globale: lavorare insieme per guarire il mondo.
https://t.co/0nszuhqesg"
2,"@robersperanza @ministerosalute stanno studiando anche una cura contro il vaccino?"
2,"lo studio che smentisce tutto ► ""vaccino inutile! covid virus banale che... https://t.co/jffoxchvhc di @youtube"
2,"@robersperanza firmare per un vaccino promettente è come firmare una cambiale in bianco, come mettere la firma su un foglio bianco che verrà poi riempito con parole che non volevo scrivere. signor ministro si rende conto di quello che ha scritto e di ciò che ha fatto? smettetela di imbrogliarci"
2,"@szampa56 @robersperanza @ministerosalute un vaccino che non funziona neanche sulle scimmie? 3 mesi di sperimentazioni quando in genere servono 10 anni? per un virus rna? ma di che stiamo parlando?"
2,"tutto corrono a vaccinarsi contro la meningite quando il superbatterio new delhi continua imperterrito a mietere vittime...eppure se ne parla molto poco! sapete perch? perch non esiste, al momento, nessun vaccino in commercio... tranquilli si stanno organizzando... https://t.co/tuzmmjbweq"
0,"alcuni scienziati temono che non si troverà un vaccino contro il coronavirus, e dovremo convivere con la minaccia del covid-19 https://t.co/qr5jiccdvr"
1,"@_vitovaipiano @marco9894 @pinomeazza io credo (e non solo per il calcio) che sia arrivato il momento di convivere con questo virus e di ritornare piano piano alla normalità.
anche perché non puoi aspettare in eterno che si trovi il vaccino,se per caso non lo trovano che fai,tieni chiuso tutto fino in eterno?"
0,"cosa non è chiaro nel fatto che per avere il plasma devi avere dei guariti, ovvero dei malati sopravvissuti, mentre il vaccino serve ad evitare i malati? esiste gente che pensa che questa cura consista nel prelevare sangue da un guarito a caso e iniettarlo in un malato a caso..."
0,"@dadeonlain @eugenewith @alfonsoliguor11 sono 30 anni o più che aspettiamo un vaccino per l'hiv... non è affatto semplice"
0,"dove sono ora i no vax. in cerca del vaccino anti covid-19?   l’immunologo: “i vaccini obbligatori forse sono l’arma che aiuta i bambini” | rep https://t.co/9ep7t8k6gk @repubblica"
1,"""si è aperto anche un conflitto sul vaccino. è evidente che impadronirsi del vaccino prima degli altri è un vantaggio competitivo. a questo scandalo si dovrebbe reagire.""

massimo d'alema a #ctcf
#stiamoancoraattenti https://t.co/dwjwmdlzje"
1,"bill gates chiamerà conte sul vaccino per il coronavirus https://t.co/cuq5q8edun"
0,"@rossbrescia finché non ci sarà un vaccino o comunque una cura efficace dubito torneremo alla normalità tanto presto"
2,"@minervamcgrani1 scuola italiana menefrega.
oramai fa solo schifo. ma da mo...
e' il vaccino che mi preocc."
2,"stefano montanari: un altro eroe antivaccinista lascia | nextquotidiano https://t.co/yumiiqkkda"
2,"@francescatotolo un virus muta, il vaccino non ti dà alcuna garanzia"
0,"@llunijasanto @fooflavio non entro a scuola da un mese, da noi c'è spazio in abbondanza, ci sono anche varie aule vuote. la situazione non é uguale ovunque e la verità non ha un unico depositario.
rifaccio la domanda: se é un problema di strutture non ripartiremo più fino al vaccino?"
0,"che tenera la gente erborista-no-vax-antimicrochip che pensa che facendo una vita sana non ti può succedere niente.... poracci..."
0,"il globo deve unire i migliori virologi e finanziare ad alta scala studi e test per vaccino e cure subito #coronvirus"
2,"@danieleg1976 conoscevo.. bhe nel caso di bergamo, però, erano un po obbligati a fare il secondo vaccino x il meningococco. tra meningite e #covid19 meglio il secondo.
la possibilità però che i vaccini abbiano indebolito il sistema immunitario, favorendo l'infezione di corona, è molto alta."
0,"@sailor_snickers da pessimista posso dire
""adesso i nobofreevax, vorranno fare i covid party, così da avere l'immunità, ed evitare anche un possibile vaccino basato su questi anticorpi?"""
2,"@italyqanons @teoultimo ennesimo bufalaro seminatore d paura. la cura xcovid19 è già esistente e si chiama plasma iperimmune, purtroppo x voi, made in italy. il vaccino nn serve +a nulla dato ke il virus ha già perso, come tt gli anni, parte della sua forza e a ottobre sarà già completamente diverso..."
0,"@stefaniaconti @antonioripa @gianlucac1 @thmanfredi mi sono spiegato? 
la mia domanda è semplice: lockdown fino al vaccino? 
o è il caso di progettare un futuro prossimo?"
1,"coronavirus, vaccino entro fine anno: «ma non sarà per tutti, prima anziani e medici» https://t.co/6xpzewh3vx @leggoit"
2,"@robertoburioni @medicalfactsit de donno ha curato un intero reparto con il plasma, una terapia semplice e che ha un costo bassissimo.  trovo strano che dopo essersi confrontato con lei,i suoi social siano spariti e lei si mette a parlare di vaccini.per caso i sui amici ci devono guadagnare con il vaccino?"
2,"@giuseppeconteit @who @cepivaccines @gavi informati..  che la cura  c'è     e non serve il vaccino...  sarà  come  quello dell'influenza  che muta ogni anno....il plasma  non costa niente.. e   con bill gates   e i suoi vaccini   sperimentali  tu  .. lascia stare  gli italiani..chissà dove sei l'anno prossimo"
2,"il supermarket dei #vaccini non si ferma mai, oramai sfornano un vaccino nuovo al giorno:  in gran bretagna  al via il test per un vaccino contro il colesterolo.   oramai chiara la strategia di bigpharma, renderci sempre pi schiavi dei farmaci.  https://t.co/73gnbmgcf7"
0,"@libero_official beh ci vorrà ancora molto tempo che quando uscirà il vaccino dobbiamo stare tranquilli cauti e prudenti"
1,"l'ipotesi del #complotto riguardo al #coronavirus si è spostata sugli interessi delle ditte farmaceutiche #globali, che si starebbero dando da fare per produrre un #vaccino. a pagamento.  #coronaviruswuhan #coronavirusitalia  #globalizzazione

https://t.co/ctcriqmojg"
1,"@miia_2018 @giorgiameloni ,cosa bisogna combattere di preciso?la cura c'è!non c'è la prevenzione(il vaccino),ma la cura c'è! quindi,di preciso,cosa bisogna""combattere""?una malattia che fa meno morti di un influenza o dei suicidi(da inizio anno ad oggi 430mila suicidi!)?"
0,"@fangiovanna @uminopoli invece andare avanti senza vaccino è diverso. spiegami?"
2,"@criticascient @euromasochismo perché non volevano si scoprisse la vera cura, per poi obbligare al vaccino di bill gates, già brevettato a novembre scorso (doc ufficiali)."
0,"@marioscelzo1 io ho una malattia cronica autoimmune, sono  immunodepressa per la terapia, abito a mezz'ora di strada dal focolaio veneto e sinceramente tanto tranquilla non sono. per l'influenza stagionale infatti faccio il vaccino."
0,"e insisto.
ma perché toti, conte, meloni ecc li vedo sempre in giro senza protezioni?
ma che hanno, un vaccino che a noi non è concesso?"
0,"anche voi quando partono i complotti sulle nanotecnologie attivabili in seguito al vaccino antikovid!!!# iniziate a grattarvi il cuoio capelluto come giucas https://t.co/kiovqxkpqh"
1,"coronavirus, il vaccino-cerotto supera il primo test sui topi https://t.co/qs6x2xtbm2"
1,"""l'italia sta combattendo ancora, sul piano scientifico, sul vaccino"".

far passare il messaggio che tutto si possa curare con un farmaco.

anche i mali dell'anima. 

https://t.co/a5aoytummc"
0,"@ossijgeno non so, ma credo che giugno potremo finalmente respirare. 
in ogni caso, penso che ci saranno misure precauzionali finché non avremo un vaccino."
1,"coronavirus nel mondo, trump: ""vicini a un vaccino"". in brasile altro giorno nero: quasi 1.300 morti https://t.co/37qdwv0vwh"
0,"tanti insistevano che brevettassi il vaccino, ma non ho voluto.  il mio regalo a tutti i bambini del mondo il 3 marzo 1993 moriva albert sabin, il medico che ide il vaccino antipolio. non lo brevett perch potesse essere disponibile a tutti https://t.co/2psfurwjhp https://t.co/etognepdjj"
0,"mi fa male il braccio dove ho fatto il vaccino antinfluenzale, forse sto diventando autista."
1,"gli usa (e bill gates) in pole nella corsa al vaccino per il coronavirus https://t.co/ihtv4nsyvf"
2,"il dr. john bergman  svela che il vaccino antinfluenzale : diffonde il cancrohttps://t.co/yoklkqy8jb https://t.co/r0mkq1ghyb"
1,"vaccino coronavirus, primi test sull`uomo in gran bretagna, partner azienda di pomezia. ai volontari 700 euro https://t.co/ga3lm9qcuk"
0,"@26julymovement prevedo lo stesso scenario qua dopo il 4 maggio
senza vaccino l'unico contenimento è l'isolamento sociale"
0,"@risetta3serra @matteosalvinimi per tutte quelle malattie ci sono i vaccini. se tu non sei una no vax puoi stare tranquilla. se invece sei no vax allora ti ammalerai."
2,"global vaccine safety summit: le dichiarazioni degli esperti che mettono in dubbio sicurezza ed efficacia dei vaccini (sub ita) #invaccineswetrust #lascienza #scienceissettled  https://t.co/lvqngwy3wd"
2,"""morte in culla signori...ditelo a tutti""  mah.... veramente la seconda autopsia incrimina il vaccino!  ""ah s?"".... ????????????????????  vi auguro di morire malissimo  https://t.co/nvjnjjqiyi"
0,"@paolo21071966 @barillaridav @nzingaretti ecco bravo, ora scavati dal cazzo e sparisci.
ps. portati pure quel coglionazzo di barillari e tutti i no-vax che conosci."
1,"@superfiammetta hanno ricevuto il nulla osta da bruxelles a lasciare tutto aperto.
il progetto inizialmente era l'attacco biologico alla cina ma dai vertici è arrivato l'ordine di scremare la popolazione mondiale. siamo decisamente troppi 7 miliardi. il vaccino c'è ma è solo per gli eletti."
1,"@fangbianmen @pmo_w @t_tonii +++ il governo americano dichiara che il vaccino per il #coronavirus è già pronto e domani parte la sperimentazione clinica +++
https://t.co/l8mjtrr93y
@italianpolitics @minutemanitaly @gr_grim @cckki @renatosouvarine @giuseppe_masala @buffagniroberto @432wps @euromasochismo"
2,"@buffagniroberto dovresti sapere che *ogni* anno, alla fine della stagione invernale, ci si rammarica che il vaccino influenzale non ha funzionato come annunciato per via delle mutazioni"
0,"@paucapalea &gt; guardigione. se io (esempio), immodepressa, prendo il morbillo, la mia percentuale di sopravvivenza si abbassa molto. di conseguenza capisce bene che il vaccino è utile anche per gli altri e non solo per sé stessi."
2,"pronostichiamo un allarme ebola in tutto il pianeta.  bisogner fare presto.  se non paghi la licenza ti becchi il virus. https://t.co/gywytrrutd"
2,"coronavirus, “sul vaccino c’è troppo ottimismo’   https://t.co/kdhkios7mr"
2,"al momento vi sono 5mila domande pendenti di danneggiati da emotrasfusioni (qualcuno anche da vaccini). se tutti e 5mila chiedessero i danni morali per il ritardo  avendone il diritto  lo stato non troverebbe i fondi. la finanziaria 2007 (art.33) stanzi 700mila euro https://t.co/dyykvlxp8c"
2,"#ebola il vaccino  pronto ed  certificato efficace al 100%.  ora ci manca solo che si scateni un'epidemia in #europa.  scommettiamo che succeder a breve?  https://t.co/8dppu56tuj"
2,"questo studio dimostra come le piccole mutazioni della bordetella pertussis abbiano portato nel tempo (e in corrispondenza dell'inizio della somministrazione delle dosi massicce del vaccino a favorire l'insorgenza di ceppi di bordetella resistenti.. https://t.co/kxfjge9vpl"
1,"primo studio sull’uomo del vaccino covid-19. https://t.co/w19ulyjuzm"
0,"@robersperanza il vaccino sarà la vera via alla normalità"
0,"@robymerlini1 @grdfgv @marcofabris13 @robertoburioni @giuliogallera purtroppo bojo ha torto perché a parte la strage che ne seguirebbe, non è ancora affatto detto che si sviluppi un'immunità di gregge, in assenza di un vaccino, perché si teme che l'immunità da infezione sia temporanea.
come per l'influenza o il raffreddore."
2,"@chiossimanuela2 non esistono vaccino sicuri neanche per virus molto più datati ...non esistono cure per un sacco di malattie con cui la gente deve convivere .... arrabbiata perché sanità e ricerca dovrebbero essere una priorità qua la priorità è solo questo vaccino covid come non pensare male .."
0,"@sonni2013 @maluni54 @paroledipaola @mariolavia per superare l'emergenza sanitaria servirà il vaccino, circa 18 mesi, per quella economica, in mani sbagliate, serviranno 20 anni. quale delle due è prioritaria?"
0,"63 morti per morbillo. quasi tutti bambini. grazie, antivaccinisti, il vostro ""principio di precauzione"" sta avendo un successone. https://t.co/rsftf4b3jd"
0,"@seredomenici @tiecolino @danielamondorff lo sono pure io....e so cosa vuol dire respirare male per infiammazione o allergeni, pulisco casa di continuo il vaccino antinfluenzale lo evito ma questo ben venga per me a 60 anni meglio non rischiare, se sono stati così male a 18 e 38
poi ognuno è libero di pensarla come vuole"
2,"altra mamma. altra testimonianza. vaccino meningococco b. prognosi sindrome di kawasaki. era nel bugiardino come effetto avverso. i medici riconoscono il legame ma non lo mettono per iscritto. #vaccini https://t.co/d35e2dpthx"
0,"@gabbiacane in cina sono rimasti ""blindati"" circa 2 mesi e ora con estrema cautela iniziano ad uscire...se non abbiamo un vaccino, la trafila e' questa, non ci sono alternative."
1,"creato un vaccino-cerotto contro il #coronavirus: bene i primi test sui topi. la university of pittsburgh school of medicine anticipa: il vaccino potrebbe entrare già entro un mese nei test clinici di fase i su individui.
#covid19 #covid19italia"
2,"italia paese capofila sulle sperimentazioni vaccinali, al mondo, un grande laboratorio a cielo aperto, dove i danni da #vaccino sono a carico del ssn e non delle case farmaceutiche! quindi chiunque abbia da sperimentare un vaccino viene in italia, non costa nulla! decretazione"
0,"@sydbarrett76 nei commenti un'intera platea di fasci, bandierinati e no vax. merda a perdita d'occhio."
1,"c' un fondo residuo per vaccino #pneumococco con cui si pu o finanziarne uno nuovo a un costo molto pi basso e accessibile a tutti oppure continuare a finanziare @pfizer @gsk che non abbassano il prezzo e lo rendono poco accessibile. scelta facile se si pensa al bene di tutti https://t.co/vjf6clolig"
0,"@bannamix1 @andfranchini @antonio_bordin @valemameli @elenainvernizzi @evavola @valy_s @oinot49 @lucasucci @luca_mussati @nicorst ormai è chiaro che il virus esiste ed è di poco più aggressivo di una influenza. il problema è che fino a quando non si svilupperanno gli anticorpi o si troverà un vaccino, ci saranno contagi. gli sciacalli sfruttano la salute dei cittadini per fini elettorali. #cazzaroverde"
2,"ma i soldi per il vaccino non doveva metterceli bill gates?
ah, no, lui mica è scemo. non finanzia la ricerca, ma la produzione!
così, anche se il vaccino sarà inutile perché il virus è troppo mutevole tanto da ricolpire la stessa persona, lui  sa di certo cosa ci sarà dentro."
1,"tutti alla ricerca vaccino covid, nuovi test e fondi. alleanza ue per le forniture - metropolisweb https://t.co/mm96nllh6i"
2,"#vaccino per #pasqualino . ""s' fatto il vaccino e adesso sta male""  nessun problema ragazzi,nessun problema..... https://t.co/cptdmcv1nz"
2,"@steinmullertheo @adrywebber @italiaanzitutto @lunastorta13 @a_meluzzi @fratelliditalia non esiste nessun vacccino killer...ogni vaccino ha delle controindicazioni
tuttavia i vaccini propriamente detti ovvero quelli a base di virus depotenziati hanno la stessa tipologia di tossicità del virus da cui originano, e in persone con risorse immunitarie inferiori possono.."
0,"i no vax e la disinformazione sul vaccino del covid-19 prima ancora che esista un vaccino https://t.co/tgcnm7atsq via @valigiablu"
2,"mi propongo come cavia per vivere senza vaccino obbligatorio e senza microchip
(fai copia incolla vediamo quanti siamo?)"
0,"@medbunker cavia per il vaccino?"
2,"@minervamcgrani1 � successo lo stesso un anno fa, ad una mia amica. l�ho scritto ma poi fui aggredita da chi vuol rimanere ceco. il vaccino antinfluenzale mortale."
1,"@micmord @pinperepette @idnkovacs @gabry89 @_branzo_ @zip_oc quindi secondo lei notrack == novax?

perché se si cala un po' il livello del dibattito"
1,"al supermercato c'erano due che si stavano per menare per accaparrarsi gli ultimi 2 pacchi di farina sullo scaffale.
cambiare ""farina"" con ""vaccino"" e avrete la prospettiva del futuro prossimo."
2,"""il grossissimo problema è che qualsiasi nuovo vaccino contro il #coronavirus potrebbe innescare reazioni immunitarie letali quando le persone vaccinate entreranno in contatto con il virus selvaggio!""

ma che problema c'è? facciamo subito la sperimentazione umana.

#covid19"
0,"@simonellad che è come dire : chi ha attuato meglio il lockdown continui fino al vaccino."
0,"e poi quando ci scappa il morto tutti a piangere e a pietire il vaccino d'emergenza (no vax compresi, perch la morte fa paura a tutti). facciamoci domande e diamoci risposte, seguiamo i consigli del prof. burioni. https://t.co/tkzcykiqop"
2,"@rossell14407793 @italialibera6 @albertissimo78 si chiuda in casa, non esca non vada neanche al supermercato non si sa mai che venga infettato da qualcuno.per un vaccino serio ci vogliono dai3 ai 5 anni. lo stesso faucci ha detto che col vaccino si rischia il35%in più di prendere il virus."
1,"@fernandavigagni tutti allineati... e oggi con er bibbitaro che invoca una alleanza per il sacro vaccino... sarà diventato pure lui scienziato... 
statista e scienziato, ma dove vogliamo andare?"
1,"@giuseppeconteit @robersperanza chi ha riconosciuto la risposta adeguata? i 34k morti? la metà in lombardia? basta vantarsi! perchè il germania e francia hanno reagito meglio? 
un accordo per un vaccino che non esiste di cui non si sa nulla non le laverà la coscienza.
fuori i dati."
1,"è più facile trovare il vaccino #covid19 che un acquirente per
#alitalia"
1,"#coronavirusupdate #covid_19 #coronavirus #speranza: “vaccino lo paga lo stato”
https://t.co/krooly40ke"
2,"@giuseppeconteit @robersperanza in prima linea di che? di spendere miliardi da dare alle case farmaceutiche per un vaccino vje non servirà a niente? invece di buttar via soldi sul nulla li distribuisca agli italiani bisognosi"
1,"djokovic a contatto con un positivo al coronavirus. intanto il tennista si dice contrario al vaccino… https://t.co/iphgpn6ibq https://t.co/j47dxwvusq"
2,"@lastampa avete rotto con sto vaccino"
1,"trump offre 1 mld $ ad un�azienda tedesca, la curevac, per avere in esclusiva per gli usa il brevetto di un vaccino contro il covid-19 in avanzata fase di sviluppo. il governo tedesco vuole che il vaccino resti in germania, per distribuirlo anche nel resto d�europa. #americafirst"
2,"a proposito di ebola, i produttori del vaccino avranno l'immunit sui loro prodotti.  almeno in america, per il momento.  praticamente produrre vaccini  il business perfetto. non corri nessun pericolo se il tuo prodotto uccide chi ne fa uso (persone sane) https://t.co/kv7or3rzlw"
2,"breve storia triste. madre di bambino convinta che il vaccino antinfluenzale sia indispensabile ogni anno. faticosamente riesce a prendere appuntamento per lei e il figlio circa un mese fa. oggi la madre ha preso l'influenza. eh va beh, sar� per l'anno prossimo."
2,"decessi covid 6 gg fa:
ita(10023 spa(5690 fra(2314 uk(1019 nl(639 ger(389 bel(353 sve(102 por(100 aut(68 dan(65 irl(36 gre(32 rom(29 nor(20 lux(18 pol(18 ung(13 cec(11 fin(9 slo(9 bul(7 lit(7 cro(5 cipr(5 isl(2 est(1
non c'è una certa relazione con il vaccino antinfluenzale?: https://t.co/3rxlbihn6x"
0,"coronavirus e seconda ondata: “le nuove infezioni sono inevitabili fino al vaccino” https://t.co/xprfsqhetj"
2,"sanofi entra in tackle duro nella sanità italiana per tre anni dove detterà legge per tutte le linee guida. ricordo solo che una delle sorelle di sanofi fu giudicata colpevole per il vaccino che impose nelle filippine dove morirono decine di bambini.
uno scandalo.
@antonelloang"
0,"la soluzione alla pandemia covid – 19 che i governi, pare, condividono con le “organizzazioni deputate”, sembra essere quella del “vaccino”. https://t.co/mfw6mzdum3"
2,"@robersperanza fattelo tu il vaccino per un virus clinicamente sparito. io al massimo mi vaccino per sopportare gli ipocriti e incapaci come te. la costituzione tutela la libertà nessun obbligo al massimo una raccomandazione."
2,"i danneggiati da vaccino sono troppi! ll dato riportato  una stima per difetto; mancano infatti coloro che, pur riconosciuti danneggiati, non sono stati indennizzati perch le relative istanze sono state presentate in modo intempestivo. https://t.co/dgvdhiai4p"
2,"meglio tardi che mai...paragone si  svegliato...ascoltate cosa dice sulle vaccinazioni!???? https://t.co/xqq8m2s452"
2,"qualcuno si ricorda il nome del governatore della regione che si vanta di aver dato l'idea per la legge #lorenzin con una legge regionale che per prima ha escluso dai nidi comunali i bambini non #vaccinati? ricordiamocelo il 26 gennaio???? #bonaccini  https://t.co/dubstzullg"
1,"vaccino italo-inglese, italia beffata: prime 30 milioni di dosi al regno unito https://t.co/rbuu8onff2 di @moneypuntoit"
2,"noi con trump | dr. fauci conferma al congresso come il vaccino alimenta la pericolosità del coronavirus https://t.co/zqyxlpacis"
0,"@mzuppy @cartabellotta bassetti andrebbe radiato , un politico che fa finta di essere un medico, invece sarà il prossimo direttore sanitario della liguria , così la farà diventare no vax come i convegni dove fa il testimonial."
2,"medici coraggiosi ❤️

in merito all'obbligo del vaccino anti-inflienza medici specialisti in igiene, epidemiologia, statistica, ematologia e pediatria hanno pubblicato un dossier scientifico, scaricabile gratis da https://t.co/swmqrlladf

https://t.co/tq38zwpied"
1,"@adtacito sì ho letto anch'io. teoria sbagliata però: quel vaccino non viene fatto ai bambini italiani (anche perché funziona poco ed è in disuso)"
0,"qui stanno a parlare di finire questo campionato di #seriea .. quando poi non si rendono conto che potrebbe non partire neanche la prossima stagione. credo che la cosa sia chiara.. finché non ci sarà il vaccino nulla tornerà più come prima. spero di sbagliare."
1,"coronavirus: vaccino anti covid-19, è una ragazza la prima persona italiana a testarlo. ecco dove e come https://t.co/mjhhr1iikv #meteo via @ilmeteoit"
2,"se 10 100 1000 genitori affermano tutti la stessa cosa: il mio bimbo era sano fino a quel giorno maledetto del #vaccino mpr, perch voi medici/scienziati non prendete nemmeno in considerazione il nesso autismo/vaccino? lunica risposta  paura o corruzione. https://t.co/ws563ehddc"
1,"la virologa ilaria capua: 'se questo virus si comporter come il raffreddore non servir un vaccino' https://t.co/cwhdpg5y12"
2,"naturale. il vaccino di qualsiasi malattia consiste nellinoculare il virus della malattia stessa per provocare immunit con una ridotta forma della stessa. se le difese immunitarie non sono sufficienti, il virus pu provocare la malattia da cui intendeva invece immunizzare. https://t.co/sdvsr66tkr"
0,"@luciguenz @dario_donato per uscirne, in attesa di vaccino, è obbligatorio tornare a far funzionare le strutture sanitarie in modo normale dimininuendo drasticamente il numero dei ricoverati e contemporaneamente raddoppiando il numero di posti letto disponibili compresi quelli della terapia intensiva."
1,"@alessandrocrip6 @laregione quello senz’altro! 
non è cambiato molto rispetto a un mese fa’: non c’è un farmaco, il vaccino arriverà l’anno prossimo, gli ospedali sono pieni... per cui riaprire alla carlona è molto rischioso!"
0,"farmaci senza frontiere - chi governa su #bigpharma e chi difenderà i paesi poveri nella corsa al vaccino? @ellenthoen dalla battaglia per gli antiretrovirali al #covid19 - intervista di @msapia24 @rainews @who @medslawpolicy - video - https://t.co/ihetm8lzjg https://t.co/gsa5qps3kn"
2," @aine84443306: il vaccino anti influenza � gratis eppure la maggior parte dei dipendenti della asl lo rifiutano: un perch� ci sar� e noi�"
2,"@pbecchi 

secondo uno studio i virus competerebbero per le cellule da infettare, il che spiega il susseguirsi di epidemie di diversi tipi di virus, un virus meno pericoloso per l’uomo ma forse più forte del covid2 anziché l’incerto vaccino !"
2,"il plasma e' una cura, nessun vaccino grazie! https://t.co/hwifaxdzmv via @youtube"
2,"vaccino #hpv, con adiuvanti all'#alluminio potr essere un errore epocale ??lo danno a ragazzine dodicenni ??che poi prendono la pillola ??finch la prendono si ignora lo stato delle ovaia. finch... ??a 25-35 anni vogliono figli ??non ci riescono 17.50 https://t.co/kj2xc53quh"
1,"il #coronavirus e la necessità della #sperimentazioneanimale.
#vaccino #covid19 
https://t.co/yzmrhaihtc di @triesteallnews"
0,"@albeggiava52 @agnosticit @robertoburioni avrai la consapevolezza che finché il virus è in giro sarà opportuno rimanere in casa perché potrebbe ripartire in qualsiasi momento. propongo quindi, per compensare l'italico vizio, di assecondare questo istinto e lasciarvi in casa fino alla disponibilità di un vaccino."
0,"new fb postl'idea dell'app che monitora i contatti non piace per niente ai no vax. pur rimanendo dell'opinione che ci sono dei punti del design che vanno chiariti (server centrali vs peer to peer) già che quella banda di coglioni si mobilita contro mi pare un buon motivo per…"
0,"@gssargenti penso finché non si trovi una cura o un vaccino"
1,"accordo italia-usa per vaccino orale, alleate kiromic e molipharma   https://t.co/maqzh6h9xu"
0,"@gadlernertweet si saranno accorti che il virus non può essere debellato subito. senza vaccino. cosa fare? tanto vale ricominciare."
2,"a tutti quelli in file per farsi il vaccino della #meningite:  lo sapete che il vaccino copre solo pochi ceppi?  lo sapete che il vaccino non pu dare immunit istantanea?  ????questo potrebbe farvi scoppiare la meninge.  lo sapete che fra gli effetti collaterali c' la meningite? https://t.co/eg6fa3is"
2,"pensavano a mettere il digital id (marchio sottopelle) assieme ai vaccini già dal 20 settembre 2020. casualmente è arrivato il virus (brevettato da bill gates), e il vaccino (creato da bill gates), imposto dall'oms (finanziata da bill gates). tutto normale, no?"
2,"fra #vaccino esavalente e anti pneumococco la quantit di alluminio somministrata a un lattante di due mesi  0,945 mg. cos la dose considerata sicura per un lattante supera alla grande quella ritenuta preoccupante per un adulto, se ingerita (anzi: assorbita dallintestino). https://t.co/bqrx1qzfv9"
1,"il governo tedesco il conferma quanto pubblicato oggi da @weltamsonntag :lamministrazione trump ha cercato di comprare i virologi tedeschi che lavorano sul vaccino a tubinga e ha offerto ingenti somme in modo che fossero esclusive per gli stati uniti https://t.co/dfadoov4ta"
2,"@elele08 @salvatore585 @robertodavoli1 i miei figli, purtroppo vaccinati hanno uno allergie e l'altra difficoltà cognitive. ma ce ne sono a centinaia di giovani pieni di allergie, autistici, con problemi cognitivi, guarda caso esponenzialmente aumentati con la vaccinazione. avessi saputo quel che so oggi zero vaccini"
2,"la protagonista, danneggiata con riconoscimento della causa nella somministrazione di un vaccino, che ha vissuto tutta la sua esistenza allettata, fino al decesso nel corso del procedimento giudiziario, a soli 32 anni.     https://t.co/o3nvc1joad via @infoliberapress"
2,"@virtualraven @claudiovrt75 @pasqual15895724 @robertoburioni @rcipollina giusto, falso perché risulta letale probabilmente per il 98% e forse anche meno. tarro non ha detto che il vaccino non serve, ma che forse non sarà efficace. anche ilaria capua ha detto che non per forza il vaccino sarà necessario."
0,"@ricpuglisi i #novax hanno trovato la cura del secolo: la mascherina!"
0,"adnkronos: madre no vax non gli dà farmaco contro influenza, bimbo muore a 4 anni.
https://t.co/lsm3gjbyub"
0,"@deerewan @smarinomarino potrebbe essere vero....se non si trova il  vaccino."
1,"#coronavirus, il farmacologo garattini: ‘il vaccino forse pronto per fine anno’ https://t.co/z2hvzzf4ua #italia"
0,"@apacherossonero secondo me anche a settembre non si gioca. basterebbe un positivo per dover fermare tutto il campionato. finché saremo a contagi zero (difficile) o con un vaccino gli sport di squadra non ricominciano, figurarsi poi con il pubblico"
0,"vaccino covid-19 sanofi https://t.co/fy0kclkuzj"
0,"@udogumpel il bello se possimo dire cosi  
i #novax la stragrande maggioranza sta propri in quelle zone interessate da virus"
0,"su #vaccine ""email-based reminders to increase vaccine uptake: a systematic review."" un paper sullutilizzo delle nuove tecnologie per aumentare le coperture vaccinali di: b frascella, @aureaoradini, @fedeberez, @signorellicarlo, @proflopalco, @odoneanna https://t.co/mfivkbufqt https://t.co/pkkig8bz2d"
0,". @vonderleyen a @europarl_it : contro il virus #covid19 gli scienziati troveranno un vaccino, ma contro il cambiamento del #clima non c'è vaccino, per questo l'ue ora deve investire in un futuro pulito, che è il futuro dei nostri figli"
0,"fase 2, a trieste riapre il «bagno pedocin»: la spiaggia con il muro che divide uomini e donne
un muro che mi divida per sempre da #giletarancioni, #terrapiattisti, #novax, #populisti esiste?
se sì, ordino subito online...
https://t.co/jg85vwkuxm"
0,"còre `ngrato no-vax: il permesso di raccogliere fondi il 21 novembre negato a montanari | nextquotidiano https://t.co/s4967k3eqx"
2,"@adrywebber il cerchio si chiude: dalla via della seta all'... autostrada del #vaccino https://t.co/phfa1eyihd
@intuslegens https://t.co/ldgxjl9dvk"
2,"@robertoburioni lei saprebbe spiegarmi perché sono arrivati 30 mila soldati americani in europa senza nessun timore o precauzione?? che per caso hanno il vaccino o questo virus di fatto non è così pericoloso come dice lei? chiedo a lei perché è un esperto"
0,"dove sono finiti i no.vax.manifestazioni,non vaccinavano i figli..
il coglionavirus li ha resi idioti? https://t.co/pkme4vutyd"
0,"@mauro40981997 @giorgiameloni i novax sono dei ritardati mentali usciti da una caverna del medioevo. si curassero leggendo la bibbia e non osino bussare ad un ospedale frutto di ricerca scientifica."
0,"entusiasmo su ripartenza e vaccino trascina leuropa. piazza affari +326% -  #entusiasmo #ripartenza #vaccino  https://t.co/5lxrxsmcyx"
1,"""l'accordo con rottapharm biotech ci dà un po' di benzina per pianificare gli studi sul nostro vaccino e fare le cose con più tranquillità. stiamo disegnando lo studio di fase 1-2, che partirà a ottobre e coinvolgerà all'inizio un'ottantina di persone"". https://t.co/i5p7foqyei"
2,"""global vaccine safety summit"" : i maggiori esperti del settore hanno dubbi sulla sicurezza dei #vaccini.  non esistono studi adeguati sulle reazioni a lungo termine e sulle reazioni avverse degli adiuvanti, soprattutto se combinati tra loro.   (sub ita).  https://t.co/tytw2hsqk8"
0,"@andreabricchi77 @robertoburioni @welikeduel @nonleggerlo ""siamo una massa di ignoranti. parliamone.""
#rassegnato #minkiolandia #novax"
0,"no vax no ask no app si traduce in si racism, si fascism? perché molti di loro mi sembrano gli stessi."
0,"@minervamcgrani1 sani finché durano, grazie a tutti gli altri che si vaccinano. poi la tua prole diventerà untrice e onestamente merita di stare chiusa in un posto dove non può nuocere. è diritto di tutti rifiutarsi di condividere spazio con una bomba batteriologica figlia di una pancina antivax."
2,"""ammalato di tumore all'orecchio, ex dipendente telecom vince la causa: ora usa solo auricolari con il filo""  in questo caso la consulenza medica del tribunale  corretta o, come nei casi di danni da vaccino, dobbiamo pensare che non siano degli esperti? https://t.co/8ypdynmslj"
2,"@campanamirko non sono no vax ma non farò il vaccino"
0,"#coronavirus, #arcuri: ""l'emergenza finisce solo con il vaccino. #immuni scaricata da 2 milioni di utenti"" https://t.co/0mzjjcp6hk"
0,"scusate ma se io tra i congiunti ho chi non si farà vaccinare (quando ci sarà un vaccino) finché uno dei suoi in famiglia non contrarrà il #covid19 sono autorizzato a considerare più congiunti di lui la mia ragazza e i genitori vero?"
1,"azienda usa produce il primo vaccino sperimentale contro il coronavirus https://t.co/sbyvoqbmfn"
2,"@4everannina ultima ora! #aifa vieta le cure! la pandemia deve continuare per arrivare al #vaccino!!! fermate questi criminali! commissariate aifa! non bastano 33.000 vittime! #covid #coronavirus  https://t.co/mtosz5dpak"
2,"correva l'anno 2010, poi tutto caduto in oblio. chiss perch.  #vaccini https://t.co/q6ss6nufuj"
0,"@bettergiovanni tare sta già lavorando al vaccino"
0,"@robertoburioni @ggargiulo3 @medbunker quando i no vax ti entrano nell'account"
0,"il peggio del peggio 
#corrieredellasera: coronavirus, la nuova battaglia di burioni: «prima i no-vax, ora i no-mask».
https://t.co/rfxwiit24b

tramite @googlenews"
1,"@barbararaval @barbara_figari l'articolo non parla di vaccino in modo alcuno."
0,"l’antivax #beppegrillo ora vuole il vaccino per il #coronavirus @beppe_grillo 

https://t.co/kyeitc2tqn"
1,"@stefbazzi guardo il giappone, nessun vaccino, non servirebbe! la scienza e gli scienziati (quelli veri e onesti) dovrebbero studiare la cura."
1,"globale vaccino contro il cancro industria 2020 crescita del mercato, tendenze, revenue, share richieste e rapporto di ricerca – segrate giornale https://t.co/0hbd3my1qs"
0,"ma i genitori #novax che organizzano i #morbilloparty stanno anche organizzando le gite a #codogno? #covid2019 #coronaviriusitalia #corona"
0,"@vdoodoooooo chi vive insieme, suppongo nn debba più farlo e dunque giovani fuori di casa ;)
poi lui dice che quando il 60-70% avrà preso la malattia, questa sarà ""over"". boh!
vabbè magari nel frattempo uscirà il vaccino..."
2,"christian, danneggiato da vaccino a 5 anni. prima ero un bambino normalissimo e felice. nessun riconoscimento, nessun aiuto per le cure, la negazione totale da parte delle istituzioni. perch i danneggiati ed i morti da vaccino esistono, nonostante quella che vi racconta burioni https://t.co/pf8mml5no4"
1,"@pinopadrefiglio @reportrai3 ma non c'é scritto che il vaccino é pronto. questi sono accordi in previsione della fine della sperimentazione"
1,"ho la febbre no, mia madre non so che ha scritto sul gruppo di classe-1itori su questo fatto. litigano da ieri discutendo se il vaccino serve o meno. ammazzatemi che faccio prima."
0,"@2tiredgang faranno in modo di far uscire di più, ma il ritorno alla normalità, visto che i virus non spariscono per magia ci sarà solo con una cura o un vaccino, comunque si io parlo di lombardia ma diciamo che sono vicina all'originaria zona rossa quindi ci sono dentro da pure troppo hahah"
0,"@barillaridav ..oh..oh..i novax terrapiattisti fondano un partito..bene.."
1,"coronavirus, la rete dei no vax boicotta il vaccino per il covid19: &amp;laquo;&amp;egrave; tutta una truffa&amp;raquo; https://t.co/nmnt1vsn6w"
0,"ima, vacchi: «le macchine del gruppo per le dosi iniettabili del futuro vaccino» https://t.co/7blrcds8ts"
0,"c' un virus stronzo di cui si parla poco, forse perch si contrae per via sessuale: si chiama hpv e in alcuni ceppi pi stronzi porta forme precancerose al collo dell'utero. ma c' un vaccino: ora gratuito per le bimbe, poi speriamo anche per chi non ha l'utero #nessunodimeno ?? https://t.co/4ahk71etiv"
0,"desiderio n5- #polmonite: vaccino accessibile per tutti i bambini nel mondo.molti muoiono ancora per una malattia prevenibile. nel 2020 vorremmo vedere cancellate questa terribile ingiustizia. #spazioallecure https://t.co/pienix9vbk https://t.co/lyugyc8wtl"
0,"@italianoeromano @a_meluzzi l’importante è non fare vaccinare i novax 
così finalmente togliamo di mezzo definitivamente i novax"
0,"@stefano__conti è essenziale trovare un farmaco che contrasti l'evoluzione della polmonite, in modo da non intasare il sistema sanitario. così da guadagnare tempo x la realizzazione di un vaccino..."
2,"il #vaccino e i suoi effetti collaterali : in africa ci sono pi casi di polio derivata che di virus selvaggio.  ma non vi preoccupate, sar colpa dei #novax anche in questo caso   https://t.co/fpc1sqcdlq"
0,"orde di #novax contro il vaccino per il #covid19;
complottisti di ogni ordine e grado;
anti #5g che si improvvisano medici con il dottorato alla nasa;
fratelli d’italia e #lega che insieme arrivano al 40%.

insomma.
cazzo vi aspettavate di più dalla #finedelmondo?"
0,"@vig1979 @medicalfactsit si parte da un presupposto sbagliato, paragonare il costo del vaccino a quello del plasma...senza considerare che il vaccino tiene l’individuo sano, il plasma va somministrato in ospedale quindi in individui malati con un altissimo costo della degenza"
0,"@leo_the_teacher stiamo dicendo la stessa cosa, con una piccola differenza, per l'influenza stagionale esiste un vaccino e le persone più fragili dovrebbero averlo fatto. per il coronavirus no"
0,"@biffi_marco @matteosalvinimi ci sono procedimenti costosi è una cura per chi è malato nn sostituisce il vaccino
il plasma deve avere delle particolari caratteristiche numero di anticorpi ecc ecc
non tutti i guariti possono donarlo
altro discorso se riusciranno a riprodurlo in laboratorio
salvini sidevevergog"
2,"il vaccino per la meningite non  obbligatorio. ma qual  il problema quando puoi usare i media e creare una psicosi collettiva?  terribile che il @ministerosalute non intervenga.  liguria, vaccini gratis ai ragazzi. lettere a 79 mila famiglie. https://t.co/dn0jzzeqrx"
0,"perché la stupidità trova sempre nuove conferme... chi mi diceva che i novax erano spariti?! eccone una delle mie parti
https://t.co/xv99vwedr1"
2,"@comis_william @gigadesires questo conta, che si possa curare.
da quello che ho appreso tutta la serie di corona non sono prevenibili.
si modificano nel tempo, si comportano diversamente per ceppo etnico, per età e per mille altri fattori. mi inquieto quando sento anteporre alla cura certa, la vaccinazione."
2,"fino a 48 ore fa trump se ne sbatteva altamente del #covid19 . oggi a seattle sono partiti i primi test per un vaccino sull’essere umano. gatta ci cova..."
2,"� assolutamente essenziale fare prima possibile: devono sbrigarsi a produrre il vaccino per il #coronavirusitalia. se ci mettono troppo, il virus si estingue da solo, la massa di teledeficenti terrorizzati si accorge che l'apocalisse non c'� stata e chi cazzo glielo compera pi�?"
0,"@nakisady @nobody8591 @giandom84354994 tu non sei una pecora , sei un asino calzato e vestito .  no vax, no mask  e tutti gli irresponsabili idioti che la pensano come te , estromessi dal ssnazionale . così vi curerete con le vostre stronzate , senza pesare sui fondi della collettività in cui non vi riconoscete ."
0,"mentre in usa, uk e germania hanno iniziato i test per il #vaccino #covidー19, non ci sono vaccini sperimentali sviluppati in italia. causa probabile: i forti tagli a università e ricerca. non ci sorprendiamo se gli italiani riceveranno un vaccino dopo altri paesi
#italia"
1,"virus, l'epidemiologo lopalco: «vaccino, 118 prototipi. oxford, usa e cina in testa» https://t.co/kqdcoecfte"
0,"quanto vorrei che una onesta e capace equipe italiana trovasse il vaccino anti #covid?19  ed esigesse in cambio del lavoro svolto: niente! solo la salute della popolazione mondiale. avvoltoi siete avvoltoi. �ngopp �o sang da povera gente nun guardano �nfacc�a niente�."
0,"@angelit92832011 @franventuri81 @huffpostitalia il punto è che il vaccino viene già testato adesso. e quando sarà diffuso, lo sarà perché ritenuto sicuro. i suoi stessi sviluppatori si sono offerti per testarlo. vuole una garanzia migliore di questa?"
2,"coronavirus, professor de donno: “#plasma unico farmaco, è molto più potente di un vaccino”. 
https://t.co/rgk2ksjmsw"
0,"@ilgiannon domande tutte più che lecite.
ma che non hanno nulla a che vedere con gli sciagurati dei novax.
l’interrogativo (provocatorio) di puglisi eppure sembra chiaro."
0,"@wcostituzione @enricoruggeri il mio li fa, è dal 2000 che mi vaccino ogni anno per l'influenza."
0,"#coronavirus, ecco i due farmaci che fanno sperare i contagiati ma la missione è il vaccino 
https://t.co/2xeedjhijm"
2,"@beppe_grillo ""soluzione finale"", termine azzeccato. l'anti hpv  il pi subdolo ed efficiente mezzo di castrazione chimica? https://t.co/ycugw2yhn0"
1,"dr.ssa concepción campa huergo, dalla scoperta del vaccino contro la meningite ""b"", alla sviluppo della ricerca scientifica in omeopatia - s.i.m.o.h. https://t.co/xlkjfuvzbt"
0,"ma i #novax, dove cazzo sono spariti?"
2,"#ivaccinisonosicuri la rivista #vaccines ha pubblicato un lavoro di ricercatori dell'universit di bari, dove si  monitorato in maniera attiva le reazioni avverse al #vaccino #mprv.  #aifa riporta 12,7 reazioni gravi su 100.000 dosi, lo studio ne ha riscontrate 3.800 su 100.000 https://t.co/tvutzmhop9"
1,"il virologo riminese giacomo gorini sul #vaccino per il #coronavirus: ""inizieremo, proprio questa settimana, a testarlo sull’uomo""

#vaccinocoronavirus #vaccinocovid19 #covidー19 
https://t.co/jkzuodihsy"
0,"un anno e mezzo se va bene....in cina già passeggiano per strada. ora, tra cure e vaccino entro fine anno dovrebbe essere tutto risolto. i giornalisti si dovrebbero dare una regolata direi."
0,"@ricpuglisi tutti zitti ad aspettare il vaccino"
2,"@robersperanza che strano, già si sono accordati per il vaccino, azz sono dei maghi."
0,"@antony220970 @ilucciole @alessiasansone_ composta da cellule t e cellule b specifiche per quel microorganismo. le cellule b produco gli anticorpi che permettono di renderci immuni. chi si vaccino non potrà mai essere contagioso perché per essere contagiosi bisogna avere il virus cosa che se ti"
2,"questa volta sono stati troppo precipitosi per... https://t.co/rg8yvgqcvr"
0,"coronavirus, dalla cina primi successi per il vaccino https://t.co/olfinbjzy4"
2,"meningite b, il consiglio superiore della sanit belga non raccomanda il vaccino. in italia invece l'iss mette il bollino sulla pubblicit di gsk... https://t.co/eifhlkzqv0"
2,"https://t.co/nof0znooyb capito? in provincia di brescia apre ambulatorio per vaccinarsi contro il meningococco c. oltre alla profilassi antibiotica contro il batterio,verr offerto, alla popolazione tra gli 11 e i 50 anni, il vaccino! oltre..."
2,"invalida per colpa del vaccino contro l'influenza.  il giornale parla di ""incredibile vicenda"".  l'incredibile vicenda  cos incredibile, che  accaduta gi a centinaia di persone. https://t.co/gdsdxrx40m"
1,"a oxford azzardano: vaccino pronto in autunno https://t.co/t04sa3svqk"
2,"@gianca59906642 @diddi61075948 @tgla7 @robersperanza prima cosa cercherei di capirci qualcosa, visto che le certezze sono assai poche. 
invocano il vaccino per una malattia della quale non sanno ancora un tubo."
2,"avviso vaccino antinfluenzale 2018-19. come il mercurio causa processi neurodegenerativi cerebrali https://t.co/5gema9fdx7"
2,"siete contenti?
il vostro presidente del consiglio ha trovato il vaccino ed ha trovato anche i soldi..sveglia! a questi di noi non interessa niente!"
2,"@cpsrl @stanzaselvaggia ti fai un vaccino nato da un virus scomparso mesi prima. perché,detto da loro,il covid muta velocemente. 
mah."
2,"dai #vaccini ai #nanochip (altro che #microchip rfid). lo dicevamo, la via  quella, ormai ce lo dicono in faccia che vogliono ridurci a cyborg per poi spazzar via quel che resta di umano. e la stiamo percorrendo sparati come un frecciarossa. https://t.co/4yhq3pks6c"
2,"inefficacia vaccino morbillo  plotkin chiede nuovi studi https://t.co/f38qfvug8n via @libera scelta"
2,"questi bambini non festeggeranno nessun natale, il #vaccino li ha portati via. https://t.co/6hd1jmidzn"
1,"ma secondo voi che cazzo doveva dire?? uscite vedetevi e moltiplicatevi! cazzo è una pandemia mondaliale causata da un virus per cui nn esiste  un vaccino...svegliaa #fase2"
0,"@odiata @ratatouillestay per quello la gente fa il vaccino per l’influenza!!! cea gente non può permettersi di avere un’influenzaaaaaaaaa"
0,"@simoneakira @giuseppeconteit @billgates ma come simo, non lo sai? con la triennale diventi no vax e con la magistrale sblocchi anche la tessera del partito 3v. cosa pensi che io studi a fare?"
0,"@tiecolino @graziel65255465 e tu lo sai quante varianti dello stesso virus esistono in giro ogni stagione? non credi nella validità dei vaccini? cazzi tuoi. noi abbiamo eradicato malattie come ebola, poliomielite nel secolo scorso con loro, e errrrrradikeremo anche il corlonavairus con un vaccino."
0,"riflessione triste: questa settimana 639.000 casi di influenza, dall�inizio della stagione sono pi� di 3.500.000, prevenibili con una vaccinazione che costa pochi euro e che e� gratuita per gli ultra65enni e per i soggetti a rischio ma che pochi fanno"
2,"ma guarda a volte il caso, sui media non si fa altro che parlare di #coronavirus e, taaaaaaac, subito ci si mette al lavoro per un vaccino apposito.  ma guarda a volte le coincidenze. https://t.co/gbpphfa28v"
0,"#10daysofhumanrights articolo 25 della #dichiarazioneuniversaledeidiritti #dirittoallasalute l' #ema ha dato il via a #ervebro, il vaccino gi sperimentato in #congo per combattere il virus #ebola https://t.co/77j3lpt9wn"
0,"@rosalinobove @gianny0162 @robertoburioni speriamo che il vaccino a tempo record sia fuori per la prossima stagione invernale. senno si  rischia altro giro..."
2,"@fredericknapoli il rischio di una dittatura è altissimo infatti. quello di questa scemenza di virus ""pandemico"" fa ridere. e il vaccino non serve a niente. se lo facciano i beoti che credono ancora alle balle di questo governo di farabutti e dei suoi ""esperti"" prezzolati."
0,"@robertoburioni @parentetweet @giuliaselvaggi2 @robertoburioni lei é un grande,con i suoi libri mi ha fornito tutte le argomentazioni da sciorinare ai tanti ignoranti no vax.continui cosí,tantissimi italiani le sono grati per quello che fa.poi ci sono gli inetti a cui le persone competenti come lei danno solo fastidio."
0,"@mediasettgcom24 se non si trova un vaccino o una cura efficace in breve tempo, nulla tornerà come prima. sembra un film di fantascienza eppure é la realtà... una triste realtà. questo virus sta distruggendo l'umanità."
2,"il vaccino di gates modifica il dna: scienziati ed esperti di etica danno l’allarme     
https://t.co/rawxdxny9e    

https://t.co/kvbn31sma0"
0,"oggi ho avuto il piacere di intervenire ad una iniziativa di fondazione mondo digitale e msd italia sull'importanza della corretta comunicazione scientifica e sanitaria, con un focus sulla prevenzione vaccinale. #salutelazio #lovemyjob #vaccini #vax #novax https://t.co/gwwfam3cfc"
2,"esavalente ed mprv insieme al bimbo di 6 anni. il padre lotta per non fargli fare 2 #vaccini insieme. dopo il vaccino bimbo con 40 di febbre, nausea, problemi intestinali e stato di malessere 1erale. a voi, buona lettura. https://t.co/lwkufghmvm"
1,"@qlexpipiens @queequeg1901 @voceiddio quello dipende. se li tracci subito, se nel mentre ci sarà un vaccino, alla fine compri tempo e la possibilità di avere pochi casi tracciabili. una seconda ondata non è certa se adotti misure adeguate"
2,"gates scoperto vaccino contro coronavirus mio migliore investimento!
allarme italia pericolo africa! 

https://t.co/att76z9mqe di @youtube"
0,"@mauriliovitto perchè renderla obbligatoria privando i no-vax della soddisfazione di infettarsi l'un l'altro/a?"
0,"per sviluppare un candidato vaccino #covid19 dobbiamo contare sulla forza e il supporto degli altri.

e proprio quando la distanza sociale ci mette di fronte a nuove sfide, condividiamo i nostri progressi per accelerare la corsa verso il #vaccino

#janssenatourbest #wewontrest https://t.co/tydkb6mxcq"
2,"malattia potenzialmente letale:  - no cura - no vaccino  no obbligo ma fiducia.   malattie esantematiche:  - curabili - potenzialmente innocue  obbligo, sanzione,  nas, esclusioni, ghettizzazione sociale, derisione, persecuzione ed emarginazione consentite.  #vaccini https://t.co/tgo5pcrtbk"
1,"stati uniti e cina alleati contro il coronavirus? finora la risposta al virus globale è stata poco globale. gli usa non possono aiutare gli altri nell'emergenza, come fa la cina, ma sono avanti nella corsa geopolitica al vaccino. e se collaborassero? https://t.co/gpbtmueb89"
2,"@robersperanza il vaccino lo faccia lei e i suoi parenti. lei non può obbligare a fare un emerito cazzo . e spenda i suoi soldi x comprare merda non i nostri. se solo avesse un minimo di dignità si dimetterebbe ma cryedi che nemmeno la vendessero lei sarebbe capace di trovarla."
1,"@fabrizio_sn aspettiamo il vaccino,eh...parlare di autunno è prematuro..e intanto ne parliamo..."
2,"studio tedesco di bambini vaccinati contro non vaccinati. indovina chi  sempre pi sano? https://t.co/byqdyloar7"
2,"@1shaun28 @tiecolino il problema  che  stato approvato per il commercio europeo.  e chi se lo farebbe se prima non c' un'epidemia? https://t.co/mrnsmp84gr"
0,"@annalisachirico questo te lo scordi fino a quando non ci sarà un vaccino o due milioni di morti?
quale soluzione ti farà felice?. con i morti saresti libera presto a meno che non tocchi pure a te. e questo tweet nella richiesta che fai dimostra che non capisci un cazzo."
0,"@wawe970 avrei detto cancro, al virus c'è la possibilità di trovare il vaccino almeno."
2,"#dovesonofinitiisivax  appello a tutti i #buriones  ok  il vostro momento, fatevi avanti. ????  un istituto di ricerca di seattle sar il primo nel paese a ospitare studi clinici per testare il vaccino contro il coronavirus su 45 persone. https://t.co/f6c4o5gcdl"
1,"i titoli di stato italiani sono ora (quasi) titoli spazzatura secondo 3 delle 4 agenzie di rating, il pil degli usa è sceso ai livelli della crisi del 2008 e si prevede che nel secondo semestre quest'effetto sarà più che quadruplicato. e non è ancora stato trovato un vaccino..."
0,"vaccino fatto..  adesso una bella passeggiata zona zattere... https://t.co/ipmzpjwlzx"
1,"@capuanogio giovanni caro, cosa vuoi che ti dicano parlando ogni giorno. che hanno scoperto il vaccino? ti do una notizia: domani diranno le stesse cose di ieri. e dopodomani le stesse cose di domani"
2,"@ferrarigop2020 il vaccino per un virus rna è inutile, come quello influenzare basta cazzate."
1,"inovio: il vaccino per il coronavirus finanziato da bill gates https://t.co/wjo3j6d6jg"
2,"https://t.co/46oz5ypady abbiamo parlato spesso della correlazione tra morte in culla e vaccino esavalente. riporto a tal proposito un interessante articolo del 2014, dove si rilevava la necessit di uno studio in merito...a tale data era ancora concesso avere dubbi!"
2,"@martinetus provo ad integrare: non ci sarà mai un vaccino sicuro ed efficace contro il coronavirus.
tuttavia, uno o più vaccini verranno immessi sul mercato."
0,"@nadia_hopppe1 @boscoceduo corretto e giusto. chi si oppone al progresso sono gli stessi che bruciavano i telai e che prima hanno invocato che i vaccini fanno diventare spastici, e che ora trepidano per il vaccino anticovid"
2,"@vittoriobanti @giuseppeconteit @who bravo. la cura, il vaccino non e' altro che la risposta ai mesi di messaggi paranoici inviati alla popolazione. chi ha detto che immunizza se neanche siamo sicuri che chi prende il virus poi sviluppa gli anticorpi? il coronavirus , muta molto e si rischia di vaccinare per nulla."
0,"@anna95859997 @matteosalvinimi certo che mi informo ed è per questo che le dico che se anche ci fosse un caso su 100000 che il vaccino possa non essere tollerato (cosa che può accadere anche con una aspirina) il beneficio che porta debellando malattie mortali è ben superiore."
0,"@christianrocca quando diventi per sbaglio sottosegretario di stato del ministero dell’interno. (in quale paese un sostenitore delle teorie dei complotti, pseudoscienza, falso allunaggio, teoria del signoraggio, e novax è nominato sottosegretario di un ministero? chiedo per 30 mln di amici)"
2,"@robersperanza @ministerosalute in questo recente studio publicato su ""nature"" si evidenziano i rischi di un vaccino anti-covid sviluppato con fretta e senza un'adeguata sperimentazione. buona lettura sig. ministro.
https://t.co/pbdmljlmb3"
1,"oms, per il vaccino ancora 12-18 mesi #spaziotransnazionale informa https://t.co/1k8b1qmgf0"
0,"@gianfrancodura3 dopo il vaccino almeno per due anni dovremo tutti comprare italiano aiutare i lavoratori i piccoli negozi e fare le vacanze in italia"
2,"no questa  bella. arianna 5 anni, le somministrano 2 #vaccini insieme. la bimba ha crisi epilettiche e sviene poco dopo il vaccino. i medici che dicono alla madre? signora lei ha trasmesso tensione alla bimba. oh ma questi sono laureati in medicina !!! https://t.co/12zzwtu5es"
0,"i miei figli sono vaccinati per la #varicella.c'� stata una bella epidemia e loro stanno bene, felici e senza aver preso nulla. davide � del 2012 e abbiamo pagato il vaccino perch� era a pagamento. rinunciate a qualsiasi cosa ma #vaccinate per i vostri figli e per gli altri."
2,"@minervamcgrani1 il problema non sono i vaccini,ma il fatto che gliene sono stati sparati 8 in un giorno.
non prendete ogni occasione buona per fare i no-vax"
0,"mettono la bandierina italiana, fanno i sovranisti e poi denigrano la mia regione lazio ke nonostante tutto è + avanzata rispetto ad altre, stanno sperimentando anche un vaccino dalle mie parti. bravi continuate a nutrirvi di meschinità meridionale e di altezzosità settentrionale"
0,"attenti al morbillo! https://t.co/r9qsxshmq4"
0,"vaccino contro il covid-19 l'immunologo svizzero esce allo scopero: ""possibilità di successo"" https://t.co/ouzjgiqhsm"
0,"@fuanimarino @massimosandal io se un giorno ipotetico si potrà avere il vaccino per covid19. .. ed io che non posso vaccinarmi perché immunodepresso, se so chi me lo attacca perche gira con sintomi, giuro che possa avere ora un infarto, lo strangolo con le mie mani nude... lo reputo un mio diritto civile."
2,"@acidelius qto è l'obj
gates e rockefeller hanno investito su id2020, un microchip sottopelle per le vaccinazioni digitali. la crisi da coronavirus è perfetta per obbligarci a usare id2020. indosseremo il marchio della bestia.
https://t.co/7uryfqd7ph"
2,"@svvetlanova esempio di presa in giro,-per il coronavirus può essere utile iniettarsi del disinfettante- tutta la stampa indignata e poi ti accorgi che gli ingredienti comuni per il vaccino sono: 
 thimerosal - disinfettante 
 formaldeide - disinfettante"
1,"la germania ha introdotto lobbligo del vaccino contro il morbillo per gli studenti e i bambini degli asili nido https://t.co/ozyhsv6rvj"
2,"@potus
vuoi che ci vacciniamo per viaggiare negli states?
stiamo a casa volentieri...

 https://t.co/bytsmdbiff"
2,"@matteosalvinimi hanno paura di perdere gli affari del vaccino"
1,"#coronavirus, policlinico milano: con modellazione cellulare piu' veloci verso vaccino https://t.co/bw14cpr3eg"
2,"tutti aspettano come una liberazione il vaccino, dimenticando che: 
1° il vaccino viene sviluppato sulla base delle proiezioni teoriche sui virus in circolo l’anno precedente e dunque imprevedibili. 
2° la forte variabilità di un #coronavirus di cui esistono già diverse varianti. https://t.co/9jcrqhfoxo"
1,"coronavirus, negli usa al via test sull'uomo per un vaccino https://t.co/o4sodmpgb4 di @repubblica"
2,"america  ora ufficialmente un sistema di caste! il new jersey vota per la modifica della legge s2173 su #vaccine esenzioni per bambini ricchi delle scuole private! va bene ferire e uccidere i poveri - bianchi e neri - quelli che non possono permettersi le scuole private. https://t.co/b04xdy0i6a"
2,"chissà il ""munifico filantropo"" bill gates quanto ha foraggiato le istituzioni per poter vaccinare l'universo mondo ... speranza: «rischio zero solo col vaccino» fase 3, si attendono le azioni delle regioni - https://t.co/pt52oky1yx - cronaca, italia https://t.co/zazj7qeqn5"
1,"coronavirus, “guerra del vaccino”: la germania difende la sua ricerca dai miliardi offerti da trump #covid2019 #coronavirus #ricerca #vaccino https://t.co/0fiucxua5m https://t.co/hznaodsgfq"
0,"?preveniamo insieme l#influenza:   - fai il vaccino - lava bene le mani regolarmente  - non usare antibiotici contro linfluenza, sono inutili contro i virus  proteggi te stesso e gli altri ? https://t.co/tb1fykcxtj https://t.co/qwugzochnh"
2,"@beppe_grillo caro beppe stai parlando di un bimbo danneggiato da vaccino? tu lo sapevi bene prima di venderti al patto della scienza di burioni..."
1,"luogocomune:dal top di harvard, le incognite di cov-2, immunità e vaccino   https://t.co/kvp0qxbtex 12"
2,"se sono sicuri,perch chiedere l'immunit?  fatevi una #domanda    s da un'epidemia hanno solo da guadagnare e nulla da perdere ,cosa succeder? https://t.co/yj8q3onish"
1,"coronavirus, parla l’esperto: test del vaccino in 2-3 mesi. le ultime novità https://t.co/l4xunixsjk  11/02/2020"
0,"@jl83x @rosssa101 @mgabrielladavid gli antivirali tra l'altro, non sono sempre efficaci.

passi per questo coronavirus, ma facciamo un esempio stupido:

""epidemia di ebola. 80% di mortalità. effetti collaterali dell'ipotetico vaccino circa 1 su 100mila.""

ti vaccini o tenti la fortuna?"
2,"fa il richiamo vaccinale contro tre infezioni batteriche. muore a causa di un infezione batterica dopo aver fatto il vaccino.  colpa dell'infezione batterica spuntata dal nulla. come morire pugnalato,  colpa del coltello, ovvio ???? https://t.co/rqolgzt44r"
2,"#domandedasomaro 5) perch il governo usa metodi da #gestapo contro chi tenta di analizzare i #vaccini per verificare la loro sicurezza, ma protegge con ogni mezzo le ditte produttrici, addirittura le esonera da ogni responsabilit per danno da #vaccino??? https://t.co/1hvcbqersg https://t.co/v0xoqconr6"
2,"mi pare che sia essenziale indagare sulla letalità del covid 19 nella zona di bergamo nell'ipotesi che la concomitanza del vaccino antinfluenzale e di quello anti meningococco abbia mandato in tilt il sistema immunitario!!!"
0,"#economia vaccino, scatta la «raccolta fondi» mondiale da ue 1 miliardo, l’italia dona 140 milioni https://t.co/uyyvvkpggh"
2,"""loperazione di registrazione che somiglia a una marchiatura in versione hi-tech viene effettuata contestualmente alla vaccinazione."" ???? @euromasochismo   https://t.co/i035f2glnd"
2,"@octavianzaki @sarahconnor_18 stai sul discorso immuni. quindi non dovremmo uscire fino al vaccino? e si troverà, visto che chi ha gli anticorpi non è sicuro sia immune? ma perché chi è nei servizi essenziali può lavorare in sicurezza già adesso? fattele due domande."
2,"@nonvaccinato tutto ciò che è vaccino è bufala"
0,"@miti_vigliero i no vax e la mamma"
0,"@fanpage sterili polemiche a parte... dopo aver debellato i virus epatitici (hbv/vaccino, hcv/farmaci) anche il covid-19 non avrà scampo! per i no vax: il rischio dei virus è pandemico, quello per i vaccini è infinitesimo! https://t.co/obpfrt0pmh"
0,"@aminuscolo la parola chiave è ""sospendere"". non sappiamo i tempi: smetterà da sola, sarà necessario attendere produzione vaccino e vaccinazione di massa o che? alla fine qui siamo in ballo da due settimane scarse. ora giusto stare spostati sul lato ""non vita"" (o vita con prudenza). poi boh."
