1,"@lubenasich influenza ha il vaccino. scommettiamo che a fine anno in italia ci saranno più morti per l'influenza che per il corona virus?"
1,"bimbo con #meningite, era vaccinato. dall'asl hanno reso noto che il bambino (colpito dalla meningite b) era vaccinato sia per il meningoccocco di tipo b che c. via alla profilassi https://t.co/owsdm6bhvy"
1,"un complimento a tutti gli imbecilli scappati dalla zona rossa, gradite fare una donazione per avere uno spritz su per il culo o per un vaccino? imbecilli, vediamo se finalmente ascoltate ciò che vi viene detto o se apparire e ancora il vostro scopo di vita

#restiamoacasa"
0,"coronavirus, l`ultimo delirio dei no-vax: `il vaccino? rischia di fare danni` - https://t.co/tldlc7c4dx https://t.co/gwhd8bselk"
1,"#coronavirus, negli #usa oltre 35 mila casi #vaccino russo pronto in 11 mesi  #ansa #23marzo #covid19 https://t.co/wjaxzd0c0l"
0,"coronavirus conte 140mln per vaccino risultati incoraggianti sui topi https://t.co/vthylcja2j"
1,"4 paesi ue formano un’alleanza per il vaccino: c’è anche l’italia https://t.co/8hvjzbokfc via @bi_italia"
1,"quando sarà pronto (realisticamente) il vaccino contro il coronavirus -  #quando #pronto #(realisticamente)  https://t.co/lacmhfdsdk"
0,"mascherine obbligatorie fino a quando non si sarà trovata una cura efficace e un vaccino (tra una e e una o c'è un abisso) e applicazione non obbligatoria.

#conte #senato #covid19 #covidー19 https://t.co/7s475bl0kn"
2,"zingaretti rende la vaccinazione antinfluenzale obbligatoria. mariano amici: “solo marchette alle multinazionali del farmaco” -  #zingaretti #rende #vaccinazione  https://t.co/awk1009req"
1,"milioni di #migranti senza identit�, senza storia sanitaria. senza alcun #vaccino, senza alcun obbligo... #meningite"
1,"@lapoelkann_ #covid19italia visto nell'ottica del singolo individuo adulto e sano, � davvero poco pi� di una brutta influenza. nel complesso (no immuni, no vaccino, ecc) � per� ben pi� grave della ""banale"" influenza, dal punto di vista della popolazione n"
0,"@mabma27 @popoloditwltter @gazzettamantova si ma santo cielo, lo capici o no, che il vaccino sara' pronto, se tutto va bene fra sei mesi, un anno? nel fattempo "" crepiamo "" tutti come scarafaggi?"
2,"@billgates il vaccino io non lo faccio"
1,"diritto al vaccino, c’è sempre la «crisi di sanità pubblica»
https://t.co/9x6dr3qdng"
2,"@refereedoc @attiliolioi @bealorenzin @nzingaretti che tu sia una capra lo si evince dal facciamoretate! tuttora non esiste un vaccino, e visto che il virus pare essere intelligente, mutando continuamente, non credo che mai ce ne sará uno!quindi fallo tu e i tuoi amici #pentapidioti, così tra un anno avremo meno coglioni in giro!"
2,"una casa farmaceutica che ha frodato il ssn, realizzerà un vaccino anticovid sperimentato solo alla spicciolata.
il delitto perfetto. 
conte ritìrati!"
0,"@ogiannino proponga un piano integrativo al presente, che funzioni dopo il ""lockdown"" fino al vaccino."
0,"@_bubec @blaineilmono @italianofronte state facendo solo confusione e disinformazione. tipico dei #novax"
0,"@nicolettagiuse1 @robersperanza se vuole in cambio di una dose di vaccino le regalo un vocabolario di sintassi."
0,"sentivo proprio la mancanza di qualche novax di stocazzo."
0,"#billgates pronto a finanziare il #vaccino per tutti, se funziona.
una cosa eccezionale da un uomo eccezionale. #imprenditore e persona assoluta. il mondo ringrazia e spera. #hope #covid https://t.co/z1lvcz7uej"
2,"spettacolo!al corso preparto invitano i genitori a vaccinarsi contro la pertosse, in modo che il neonato non rischi di prendere la malattia prima di poter effettuare lui stesso il vaccino. quindi, dopo essermi bucato, non lo dovrei far uscire di casa?  chiedo a @euromasochismo https://t.co/o0sb3ifm5l"
2,"il #vaccino non c'entra...  siete veramente dei fottutissimi geni...  due gemellini sanissimi stanno malissimo a meno di 24 ore dal vaccino. il maschietto muore, la femminuccia si salva.  il vaccino non c'entra.  paesi dall'altra parte del mondo, poveri, con malnutrizione e"
0,"@barillarim5s @colvieux grazie per la dritta che quando serve un vaccino, chi ci guadagna è chi produce il vaccino, cioè le case farmaceutiche.
e io che ho sempre pensato che a produrre i vaccini fosse la centrale del latte.

ps penso al tuo stipendio con tanta gente che ora è in difficoltà e mi incazzo"
2,"@enrymontanari il bugiardino serve per capire da cosa è composto un vaccino, le schifezze che ci sono dentro, anche no grazie.
per quanto riguarda gli studi, i casi sono due: il vaccino viene fatto di corsa, quindi  breve sperimentazione o è già pronto da tempo.  comunque sia, qualcosa non va."
0,"annunciati oggi i primi risultati promettenti di un candidato vaccino covid 19 https://t.co/klw84yyq5q"
2,"oggi in tv la glaxo pubblicizzava il vaccino per la meningite b affermando che gli altri vaccini per la meningite non fanno un gran che.....se prima mi facevano schifo ora gli darei fuoco....(cit.)"
0,"in arrivo il vaccino contro il colesterolo  ""salveremo 30mila vite in 10 anni""  aspetto con ansia quello contro la caduta dei capelli! https://t.co/yimbze9fok"
0,"a tutti quelli che vogliono tornare in chiesa per la messa propongo di curarsi non con il futuro vaccino per #covid19 ma di affidarsi al cuore immacolato di maria #asteroide #sciacalli"
2,"@minervamcgrani1 per iniziare minerva, per iniziare... ne hanno tanti da smaltire prima di rendere l'umanità schiava di ogni vaccino. vorrebbero che uccidessimo per averli, ma accadrà il contrario. poi ci sono quei film del 2011 tipo contagion, è così chiaro tutto..."
2,"zingaretti e la propaganda del vaccino. fottiti #nonelarena"
2,"@corriere due mesi comunque restano e serviranno solo per farci terrorismo in vista dell'acquisto di milioni di dosi di vaccino che speriamo solo vengano buttate via al più presto ma nient'altro... due ultimi mesi inutili di emergenza ma già si vorrebbe decretarne un'altra.... cui prodest?"
1,"@carlocmarzucchi @bloccac @giannigipi non si può affermare che sfruttano l'emergenza sanitaria per anticipare e favorire l'approvazione di un accordo vergogna? 
per screditare non bastava più il ""complottisti"" o il ""novax""... ora pure #sciacalli"
1,"accesso universale al vaccino: sirchia propone francesco come garante https://t.co/t1yic1o8ue"
0,"c’è l’app ma forse, boh. test sierologici, ma non si sa. trasporti? c’è l’idea ma forse non facciamo in tempo. di questo passo bisogna davvero stare in casa fino al vaccino per non far morire la gente. che è impensabile #fase2"
1,"plasma o vaccino, cosa conviene? ecco il confronto tra punti di forza e limiti https://t.co/8apesqnar3"
2,"@giochirilly ho la speranza che speranza schiatti visto le statistiche sui nuovi vaccini.
ma è troppo codardo per sottoporre se stesso al vaccino"
0,"per quelli che volevano il mondo senza i vaccini... ecco, questo è il mondo senza un vaccino. #covidー19"
2,"interessante intervista ad un medico rianimatore che fa il punto della situazione sul #covid19: prevenzione, terapia, vaccino.

https://t.co/dryj1g5ukg
https://t.co/dryj1g5ukg"
0,"@solaripaolo @robertoburioni @mariaritadadamo @matteosalvinimi se ha un caso ne discutiamo, alla agenzia del farmaco non risultano casi, bisogna dimostrare che l'insorgenza della patologia è correlata con il vaccino, dimostrato solo con il vecchio vaccino antipolio opv #sabin  un caso su 750000"
2,"@ilariabifarini hanno scoperto il giochino e lo useranno ancora, non resta che aspettare un virus o presunto tale e saranno pronti ad imporre restrizioni sempre più dure. verremo marchiati con un vaccino, cip o app che sia. 
mentre il simbolo di sottomissione c'è già : la mascherina!"
1,"@beppe_grillo a meno che non pensavate di impossessarvi del  brevetto e avere il monopolio sul vaccino, mi sembra ovvio che venga distribuito nrl mondo. anche oggi abbiamo avuto la dose di c****ta non richiesta."
2,"""valutazione del fallimento del #vaccino contro il morbillo a tianjin (cina)""  a bambini vaccinati con pi dosi, si verificano notevoli casi di morbillo a tianjin, con coperture del 97%.   necessario comprendere le ragioni del fallimento del vaccino.  https://t.co/unhnb7jzu6"
0,"@giardinodidio73 @ladyonorato ancora con la storia dei no vax...  i vaccini hanno salvato milioni di persone, dall''800 in poi. vogliamo negare la scienza?"
1,"covid-19, patto commissione ue-produttori per vaccino  https://t.co/wdpaqstrzg"
2,"l'immagine che ho allegato al presente tweet � un post pubblicato su fb da barbara nardella, la nonna del piccolo samuel, la quale scrive che � stata effettuata una seconda autopsia sul corpo del piccolo, dalla quale � emerso che � morto a causa di un vaccino ... segue"
0,"@enryiflodni @robertoburioni @fedez @chiaraferragni probabilmente mai, diventerà la nuova influenza, pur con esiti molto inferiori agli attuali grazie al vaccino"
0,"@agenzia_ansa è interessante leggere tutti i tweet dei no-vax quanto sono arrabbiati, quanto insultano... eppure sono stati tra i primi a barricarsi in casa quando il sono stati confermati i primi casi covid19 in italia. e prima di ricevere insulti, sappiate che l’ho visto di persona."
1,"justin ha donato oltre 3milioni di dollari per trovare un vaccino per il coronavirus, ha amici nell'industria kpop e si sta tenendo in contatto con loro per ricevere notizie in tempo reale. mi sembra strano che hailey bieber sia così mal informata, in ogni caso state esagerando"
2,"quando la stampa poteva ancora informare sui danni da #vaccino https://t.co/qcsba5dmrb"
2,"muore a 5 anni dopo richiamo vaccinale ma non  colpa del vaccino bens di un infezione batterica dicono . il richiamo fatto, secondo il calendario vaccinale  il dtpa, anti difterite, tetano e pertosse. tutte  tre sono infezioni batteriche. fate voi???? https://t.co/mi2sg8jg6a"
0,"@robersperanza a tutti gli scenziatoni #novax , va bene se non volete farlo, ma se vi contagiate poi vi andate a pagare tutte le spese mediche privatamente, così non peserete con la vostra ignoranza al ssn"
0,"il vaccino non  un opinione. internet oggi  terra di nessuno. situazione molto pericolosa se lignoranza si unisce allarroganza @robertoburioni ora al convegno i costi dell #antiscienza  sui danni della disinformazione scientifica, organizzato da @istbrunoleoni #28novembre https://t.co/qojlftofyu"
0,"@matteograndi strano il silenzio dei novax, forse hanno capito quanto sono stati stupidi ed incoscienti!"
2,"al cotugno, ospedale di napoli specializzato in malattie infettive, vi sono stati alcuni casi di meningite. stessa cosa a bergamo. questo per� � un ceppo contro cui non c'� vaccino che tenga perch� il ceppo � subsahariano. silenzio totale dei media, ovviamente."
0,"@barillarim5s un no vax riapparso dal nulla in questo triste momento..."
0,"@medicalfactsit perfetto così tra plasma e nuovo vaccino, forse riusciremo a vincere il covid 19 in termini di cura e prevenzione."
1,"“vaccino obbligatorio per over 65 anni”così zingaretti. sei d'accordo? forum https://t.co/whxkpob9lj"
2,"se volete continuare a farvi prendere in giro mentre mettono in pericolo la vita o la salute dei vostri figli fate pure. accomodatevi! io no, grazie! https://t.co/e8kq7qo4dt"
1,"coronavirus: anche la russia inizia i test per un vaccino https://t.co/d0h7ndv04l"
2,"sta cadendo il velo... #vaccini #vogliamogiustiziaeliberta https://t.co/vqob6afdwo"
2,"questa mamma racconta praticamente in diretta la regressione allo stato autistico della figlia dopo 48 ore dall'iniezione del vaccino esavalente.  ""ieri avevo una bambina che era sana al 100%, oggi ho una figlia ferita, per non scrivere disabile""!  https://t.co/o2blqcmdjl https://t.co/9gpqmzpcwp"
0,"di questa #quarantena ricorderò le litigate con i complottisti e i #novax su facebook.
grazie, mi avete regalato emozioni nelle mie giornate altrimenti vuote.
❤"
1,"coronavirus, rezza di malattie infettive: ""per il vaccino ci vuole un anno, siamo pronti ma poi bisognerà provarlo"". quindi la rivelazione shock:""difficile dire quando ci sarà il picco.e' plausibile che il virus sia entrato nel lodigiano ancora prima del blocco dei voli da wuhan"" https://t.co/ji03gldeyq"
2,"ieri +71% per la societ che sta producendo il #vaccino per il #coronavirus .  #lascienza per ci dice che a loro non conviene produrre vaccini, quindi sar sicuramente un caso  #libertadiscelta https://t.co/jzazxjruj0"
1,"@giuseppeconteit @robersperanza avevate detto che il vaccino non sarebbe stato pronto prima dell'anno prossimo e va bene così, sono un medico e so quali sono i tempi della sperimentazione; poi #speranza firma l'accordo per 400 milioni di dosi in autunno.
la puzza di merda si sente da 1 km.
#governodellavergogna"
2,"noi lo dicevamo che l’obbligo vaccinale sui bambini era il cavallo di troia...ma voi ci chiamate novax...
#covidー19
#vaccini https://t.co/vje1nqhwvg"
2,"@2111colfed @monica__2008 @kappati a convivere ...a distanza di 40 anni c'è tantissima gente che continua a contagiarsi e a morire (si parla di circa 40.000.000 di morti nel mondo) ..il vaccino,sempre dato per pronto, non è mai arrivato ..esistono delle cure ..ecco, pure col covid dovremmo imparare a conviverci"
2,"uno scienziato delle nazioni unite ammette che i vaccini uccidono le persone durante il ""vertice sulla sicurezza dei vaccini"" https://t.co/fqiai14acr"
2,"@bealorenzin @radiocusano @deputatipd @pdnetwork voi quanto siete affidabili ?

https://t.co/lyg26kfgrl https://t.co/6qttwpuc70"
0,"@diritto2punto0 @marcomaroni i gruppi di pettegolezzi dei genitori nelle scuole, comunque gestiti (e wa è il peggio) andrebbero perseguiti per legge. come i no vax."
1,"al via la fase di sperimentazione clinica di un possibile vaccino contro il coronavirus negli stati uniti. - (associated press)
#covid19 https://t.co/eh9atf7wvl"
2,"cosa spinge robert f. #kennedy jr. ad esporsi fino al punto di sfidare pubblicamente la #merck, produttrice del vaccino #gardasil, a citarlo in giudizio per calunnie????? #vaccini  https://t.co/s5cgy8iezr"
2,"bill gates e rockefeller hanno investito su id2020, un microchip sottopelle per le vaccinazioni digitali. la crisi da coronavirus  perfetta per obbligarci a usare id2020. quando usciremo di casa, potrebbero obbligarci a indossare il marchio della bestia. https://t.co/aqjdxlwv0r"
0,"#morbillo. continua lalert dell#oms: nel 2018 ha provocato oltre 140.000 morti. unica arma: il #vaccino. in #italia casi in diminuzione ma nei giovani adulticopertura  scarsa #sanit https://t.co/6ve7nbgxaw di @qsanit"
0,"@hismomsname @jerico999 @robertoburioni esattamente. perché? perché per l'influenza esiste il vaccino. l'età media dei ricoverati è 70 anni, categoria che con l'influenza non va in ti grazie al vaccino. questo sto cercando di chiarire. le categorie non a rischio, anche senza vaccino, quanto devono preoccuparsi?"
0,"@giorgioasnaide3 @stanzaselvaggia “si stanno buttando miliardi per il vaccino”....... ma voi vi meritate l’estinzione!"
0,"@lightburner @giapettinelli se i medici lo riterranno giusto (ed è una scelta che condivido) allora sì, deve decidere chi ha competenza in merito. di certo non mi fido di un novax"
0,"coronavirus. test animali bypassati negli stati uniti per la ricerca di un vaccino? no! facciamo chiarezza - open https://t.co/rp6iay3gnz"
0,"il ritorno incrollabile dei no vax (di f. abbate) https://t.co/m89flcgpib"
2,"argentina, 2012 la #gsk viene condannata per aver estorto, dietro pagamento, il consenso genitoriale durante i trial clinici di alcuni minorenni per un #vaccino antimalaria. quattordici bambini morirono durante la sperimentazione."
0,"i novax potrebbero lottare contro il vaccino al coronavirus. non possiamo permetterglielo. https://t.co/9v9kkdwcg8"
0,"anche le teorie più assurde e strampalatempalate che fino a ieri si esibivano come una medaglia.
coerenza vorrebbe che per loro, cura e vaccino, siano negati.
&lt;continua&gt;"
0,"@mariasolemugna1 inizia ad aprire gli occhi, chi potrebbe prendere il posto di conte? salvini magari? e vediamo cosa farebbe? sarebbe contro il vaccino perché altrimenti ci iniettano mercurio nelle vene con un cip collegato ai satelliti?"
2,"inizia tu a fare il vaccino.. barbara #noneladurso...io non lo faccio."
0,"un mese con il #vaccino sperimentale anti #covid19. la volontaria: 'sto molto bene'. la volontaria è la dottoressa groppelli, virologa del st george's hospital di londra. https://t.co/tfxkqndjbp via @repubblica"
2,"@joe911s sono riusciti a creare un clima di terrore, che solo iniettandosi dosi massicce di vaccini stagionali molti idioti forse la finiranno di rompere il cazzo...
#coronavirus
#covid
#vaccine
#paura
#terrore"
1,"@gualtierieurope @mariannamadia e il divieto di brevettare sul genoma e i suoi derivati? vi rendete conto che l'irbm é campata di assistenzialismo statale e i nostri concittadini non vedranno il vaccino? e le perdite economiche su questo? @pdnetwork https://t.co/jiasoquhhh"
2,"@vnotkind dovrebbero mandarlo a casa ciccone a botte di un vaccino al giorno"
1,"coronavirus | boris johnson | “il vaccino potrebbe non arrivare mai” https://t.co/7twdxpnd8t"
2,"gardasil, il vaccino contro il papilloma virus umano (hpv)  , sta distruggendo le ovaie delle ragazze e i sistemi riproduttivi.https://t.co/vq8j0qfmks https://t.co/7xte0kjpqn"
0,"«la verità non si può multare» con la v maiuscola. così la deputata #peppegrillara sara #cunial #novax fermata e multata dai carabinieri. @fulvioabbate speravo che il #coronavirus li avesse estinti ma sono ancora tra di noi. @mov5stelle"
2,"@ubikurbs qui la church of satan, ovviamente pro vaccini, che si lancia nella difesa totale del vaccino hpv ???? https://t.co/v7hwsbkiqe"
0,"forse sono io scollegata dal mondo ma ho come l'impressione che non appena uscirà il vaccino gran parte di quel 40% all'improvviso cambierà idea, non so ecco."
0,"@maxdantoni per quelli che ""se tutti facessero così..."", quindi come facciamo? finché non si trova un vaccino stiamo tutti chiusi? anche anni? se è dimostrato che il distanziamento è efficacie allora bisogna trovare il modo di poter uscire distanziati. o con buon senso o con delle regole."
2,"@fioredisaguaro @valy_s ecco il vaccino contro il covid 19 e a cosa servirà e perchè 
c' è di mezzo sempre lo psicopatico di bill gates.
https://t.co/3kjmxkoczr"
2,"@nzingaretti io non mi vaccino per una patologia inesistente"
2,"a moe!  condannati bambini perfetti,  sani e innocenti,  discriminati a vita,  perseguitati come i sioux,  braccati da cani avidi e alla catena. che i vermi vi mangino vivi! https://t.co/xfexdoylgq"
0,"@beppe_grillo adesso vuoi un bel vaccino? ma dai? senza vergogna!"
0,"pare che i #novax siano fuggiti tutti in groenlandia."
1,"il paradosso degli scienziati di oxford: per mettere a punto il vaccino abbiamo bisogno di nuovi contagiati https://t.co/ms5iz0eaaz"
2," @randallflagg71: voglio vedere con che coraggio @robertoburioni continuer� ad affermare che i vaccini non fanno male!!1!!1!!1!!!1"
0,"coronavirus elisa di francisca: “djokovic no vax? rabbrividisco. il vaccino salva vite” -  #coronavirus #elisa #francisca:  https://t.co/q9t4yiwpof"
2,"@carmeme1 @balli271 @alessandra1605 @minervamcgrani1 ma è quello che dico io solo che la cura non farebbe entrare tutti i soldi che porterebbe un vaccino"
0,"@dieghe78 @milaneese @elenadalforno @fedecamellini @stanzaselvaggia fosse per i no vax ancora staremmo  a morire di vaiolo."
2,"@psichemkd @fantaliz no...il vaccino contro la tbc non è obbligatorio per nessuno in italia, tra l'altro è un vaccino particolarmente insidioso."
1,"@bruttilde @auniversale ma guardi che io non ho criticato ne il plasma né il vaccino. ho semplicemente fatto un appunto prettamente ""economico"".
è lei forse che mi è sembrata scettica sul plasma. a mio parere, in attesa dell'eventuale vaccino, è stata la cura più efficace, ma la meno chiacchierata."
2,"creare lepidemia, portare la popolazione allincubo malattia e annunciare la lieta novella: abemus vaccinum! ruba galline, ladri di vite umane, con quale coraggio iniettate farmaci ai vs simili? https://t.co/lruthlmp"
0,"@g_a_v_76 @nicolaporro non c'è una cura e penso non ci sarà (solo il vaccino), la cura sono i tuoi anticorpi"
1,"vaccino coronavirus, ema: aspettare ancora mesi per gli studi clinici https://t.co/cl7zklgnpy"
0,"@bianco_cloe @la7tv aimè la capisco, sono di bologna ed ho perso due amici che per me erano come fratelli, uno lascia due bambini. spero e confido nell’intelligenza e buon senso della gente perché se non arriva presto il vaccino una soluzione là si deve trovare. in bocca al lupo per il suo papà."
1,"cos’è il vaccino anti pneumococco? a cosa serve e quando farlo? composizione e modalità di ...rischi, controindicazioni e risultati.
il vaccino anti pneumococco è il vaccino che serve a prevenire le infezioni da streptococcus pneumoniae (o pneumococco). https://t.co/dyih2vdkyt"
1,"al tg1 si sono rotti così tanto i coglioni di allungare il brodo che ora il vaccino lo trovano loro. https://t.co/0ddvoafsby"
1,"a fine aprile cominceranno i test sull'uomo del vaccino anti coronavirus
via @fanpage https://t.co/3srg6utj16"
2,"i primi a fare il vaccino sperimentale (inutile) sarete voi medici e forze dell'ordine.
mo' so cazzi."
1,"xi, 2 mld a oms.vaccino cinese per tutti https://t.co/lvkxw1mczx"
0,"@maxtom49 @danieledvpd elementare.
trattasi della tipica espressione di incapaci.
incapaci, come, tutto il mondo che gira intorno al @mov5stelle
a pensare che, questi signori, da sempre alla guida dei movimenti #novax oggi si trovano a gestire la tragedia del coronavirus che solo un vaccino può salvare"
2,"trump cerca di accapparrarsi il vaccino anti covid19. quindi vuol dire che cel hanno gia! il virus evidentemente è da laboratorio!"
0,"@04carmen20 @votersitalia sulla non pericolosità del vaccino si è espressa la nostra proliferazione come genere. altrimenti ci saremmo fermati al vaiolo. li cerchi lei, ma sulle banche dati (pubmed)."
0,"coronavirus, l'influenza 2016 causò 25 mila morti. pregliasco: «ecco perché il vaccino per il covid sarà fondamentale» https://t.co/tg6howehjt https://t.co/na1mx4tudn"
2,"brescia. studentessa 19enne muore di meningite. soluzione : vaccinare tutti a tappeto. peccato che non vi dicano due cose.... 1) la ragazza era vaccinata contro la meningite. 2) la meningite pu essere un evento avverso al vaccino esavalente infarix hexa. https://t.co/hnfeevmaol"
0,"@christianbisti @mcc43_ immagino che per poterlo escludere si debba aspettare il vaccino.
c'è chi proprio non può permetterselo."
0,"@robertoburioni @carlogubi @francescodeben8 @steveross75 @medbunker @keynesblog la ridicolizzazione delle competenze è quello che ci ha portato ai no-vax e alle altre bestialità equivalenti, ricordatelo."
0,"ricerca alzheimer: vaccino efficace nelle cavie. entro due anni sperimentazione umana https://t.co/oj8pn5hbgr"
1,"prima mappa in scala atomica 3d del #coronavirus
https://t.co/h71tit0ntv

i ricercatori dell'university of #texas at #austin e del national institutes of health hanno fatto un importante passo avanti verso lo sviluppo di un #vaccino per il nuovo... ( #ecplanet #edoardocapuano ) https://t.co/zcrz9jvlc6"
0,"e lo potete scrivere, contro tutto e tutti, che i no vax torneranno a farsi sentire, sono solo in letargo, nemesi medica"
0,"@infocoronavirus @maurettis @adnkronos c) sapevate che per legge un donatore può donare ogni 30 giorni? 
d) sapevate che la donazione e’ volontaria e quindi non si può contare su disponibilità illimitata di plasma mentre sul vaccino si"
1,"il governo usa voleva garantirsi l'esclusiva di un vaccino anti-#sarscov2 che la tedesca #curevac sta sviluppando, sarebbe pronto a giugno: ricerca finanz. dal gov. tedesco (+ #billgates) nel fondo cepi di 140 mio �. ora l'azienda ha rifiutato l""offerta"" di #trump. segue"
2,"@liaquartapelle @luigidimaio @antonioguterres lo hai capito che nessun vaccino non potrà mai funzionare per i corinavirus ? è come pretendere di fare un vaccino per il raffreddore. ma ce l'hai un cervello che ti funziona autonomente?"
1,"#coronavirus e #vaccino, come si sta muovendo l'europa https://t.co/foolxpsfhx https://t.co/0wefffgljt"
2,"questo   il  giornalismo?  altra #fakenews sul razzismo che non c'  stato ..ma nessuna denuncia per il #vaccino che ha ammazzato  sei tu che fai schifo. tu giornalista bugiardo https://t.co/wfo9ryimch"
2,"oggi sono 7 anni che giacomo � volato via... dopo atroci sofferenze causate da un vaccino che lo ha reso tetraplegico! un abbraccio enorme va ai suoi coraggiosissimi genitori, mario e concetta, sempre in prima fila per la battaglia a favore della libert� di scelta vaccinale."
0,"stamattina nella sala colazioni di un agriturismo nel padovano ho appreso “con certezza” che dietro il #coronavirus c’è bill gates che possiede 5 case farmaceutiche che ora svilupperanno il vaccino e sai che soldi, altro che microsoft. ora chiamo i miei direttori e sai che scoop."
2,"sbagliate il vaccino non ci proteggerà ci farà prendere il covid ma in una forma più lieve invece la cura che ce l'abbiamo ci va sicuramente guarire e prima quindi cosa sondaggio non è andato a buon fine"
0,"quelli che usano la tragedia di bergamo per diffondere bufale no vax sul coronavirus: di andrea rossetti il servizio di tg leonardo (rai3) del novembre 2015 sulla presunta correlazione tra un supervirus creato in laboratorio e il covi-19 è soltanto… https://t.co/1zzejv0q9b https://t.co/fald0sqmum"
0,"tanti insistevano che brevettassi il vaccino, ma non ho voluto.  il mio regalo a tutti i bambini del mondo.  il 3 marzo 1993 a washington moriva albert sabin, il virologo di origine polacca che invent il vaccino antipolio  [la lapide  nel giardino di borgo allegri a firenze] https://t.co/dg6zn7lzxe"
0,"@sararigby7 stessa condizione ""clinica"", ma quando uscirà il vaccino per il #covid lo farò, non per me, ma per tutelare le persone vicino a me che, magari, non sono altrettanto sane.
è la ragione per cui in giappone, chiunque abbia un minimo di raffreddore, mette la mascherina. civiltà..."
2,"“il covid-19 è come l’hiv: non ci sarà mai un vaccino ci salverà solo un farmaco”: lo studio pugliese sul coronavirus non accettato dal governo -  #covid-19 #l’hiv: #vaccino #salverà  https://t.co/uanuk2xeqr"
1,"coronavirus, vaccino ispirato a terapia genica: “test su uomo a fine anno”  https://t.co/vuosflfapr"
1,"la canzone �un poco di zucchero� � ispirata al vaccino contro la poliomelite. la figlia di robert sherman aveva ricevuto il vaccino e lui chiese se avesse fatto male, ma lei rispose �no, mi hanno dato solo una zolletta di zucchero e l'ho ingoiata�. #marypoppins"
1,"coronavirus, vaccino: a settembre 400 milioni di dosi. test in corso, ma … https://t.co/ahomwow1ab"
2,"perch� non dite che a brescia e #bergamo hanno vaccinato a tappeto la popolazione per la meningite a fine gennaio,devastandogli il sistema immunitario,come accade ai bimbi che hanno la febbre per giorni dopo il vaccino,e poi si ammalano? #dimartedi #covid19"
1,"coronavirus, il vaccino è un cerotto https://t.co/wk1lw8f44e via @repubblica"
1,"trump vuole il vaccino per il coronavirus in esclusiva per gli usa, l’ira della germania: “sarà per tutto il mondo” #16marzo https://t.co/f0ultwecdx"
2,"@cominazzini @cmt1972 @wricciardi @repubblica ti sei già proposto come cavia per il vaccino?"
0,"@esanatas97 @fgiallorossa @rtl1025 qualora fosse vero dovrebbero darci un vaccino(sempre se esiste), altrimenti dobbiamo comunque continuare a combatterlo come stiamo facendo. i processi avrebbero vita a sè stante"
0,"facciamo una cosa: se esce il vaccino per il #coronavirus, noi sorosiani, ordoliberisti, complici della big pharma e gretini lo facciamo.  voi furbacchioni ""iononcicasco"", invece, vi curate con acqua, limone, spremuta di cetriolo e coronaparty.  ci state? qua la mano!"
2,"ieri � morto il padre di una mia carissima amica. aveva 73 anni. gli era stato somministrato il vaccino antinfluenzale e da l� � iniziato un calvario: polmonite, problemi neurologici e di deambulazione, che lo hanno portato su una sedia a rotelle. #lastragesilenziosa"
0,"@aylaf93 ipotesi per assurdo:""0 casi,0 morti,liberi tutti,torna la normalità""
tutti a festeggiare:tra di noi ci sarà l'ultimo asintomatico inconsapevole che infetta tutti e ripartiamo da capo. la normalità tornerà al 100% quando ci sarà il vaccino"
0,"@matteo07294851 senza vaccino funzionante e testato i manubri impregnati di sudore, le docce.... figurati.
continuo ad allenarmi a casa."
0,"@baumanstyle nè dubito, finché non sì trova un vaccino le mascherine saranno d'obbligo, secondo me"
2,"@robersperanza proprio ora che sta scomparendo il virus pagate un vaccino?"
1,"aspettare il vaccino per togliere la mascherina appare inverosimile in #lombardia, ma vedremo se anche questo è una affermazione tiramolla. 
https://t.co/snt6d8ylxc via @milanoevents.it | news ed eventi a milano"
0,"ci sono ben 6 diverse marche che producono vaccino antinfluenzale senza lattice, tra cui scegliere. chi  allergico al lattice lo sa, che deve chiedere al medico e fare attenzione per questo ed altri farmaci. lessenziale  proteggersi con la vaccinazione. https://t.co/tboj2hvvu1"
0,"@lor_biagetti @gianlucac1 la soluzione c’è sempre stata.
soppressione dell’epidemia.
adottata da sempre.
caccia agli infetti, rinchiuderli nei lazzaretti, se peggiorano in ospedali dedicati.
testare, rintracciare, testare, isolare, quarantenare, curare.
fino alla scomparsa del patogeno o al vaccino."
0,"perché tra i più razzist omofobi complottisti no vax e no mascherine ..sono immigrati  da noi rumeni,albanesi,in genere da paesi dell’est???"
0,"i nemici del “#vaccino dei popoli”. l’accesso sostenibile ai farmaci #covid19 segnerà il crinale di una guerra ad alta densità geopolitica. in gioco c’è il diritto alla salute. la rubrica di @ndentico https://t.co/wy2ivzndw9 https://t.co/nf7vnpehvb"
0,"un batterio intestinale complice dell'infarto. lo hanno scoperto scienziati del policlinico universitario umberto i di roma. la scoperta potrebbe gettare le basi per un vaccino preventivo anti-infarto e per terapie mirate. #ansa #infarto #salute #cuore https://t.co/44vjm3yxzc"
1,"@lidia25aprile @mariakostourou @alexa5313 @angelaangelmi @elvielly @50genny @siparisipari @loanartemisia @lopec15 @valerymell1 @mbmarino @gianpaolag18 @raffym48 @ritadv100 @titzbiltz @nikkio48 @giulicat1512 @angelinascanu @agata46_ @martabolzoni3 @spatresano @maurizio101112 @giovann00341278 @giordanobattini @annamar06982989 @arnaldabolzoni @brancarossana @mammanunmat64 @antonel12659251 @giuspecoraro buongiorno lidia. saremo anche un popolo di adolescenti ma dobbiamo crescere e non è possibile rimanere a casa fino a quando si troverà il vaccino. non possiamo permetterci di vivere di rendita . non tutti almeno."
0,"@giorgiameloni spero che non la sardegna resti off limits, ""niente sbarchi"" se non dovessero mettere a punto una cura o vaccino. 
se così non fosse, il prossimo inverno lo passeremo con il covid e addio sardi... https://t.co/ozupapqa42"
1,"coronavirus: al via sperimentazione vaccino di 'takis' sui topi. in autunno sull' uomo https://t.co/akt2sxgmzu"
0,"carissimi no-vax, quello che stiamo vivendo ora è un mondo senza un vaccino. voi non ne vorreste nessuno."
0,"emilia romagna ore 14 , vado senza appuntamento a asl per vaccino antinfluenzale. fatto. esco alle 14,30 e dopo alcune ore mi � arrivata la email con aggiornamento del mio libretto vaccinale, anche nel fascicolo sanitario online una sanit� proprio da cambiare, mi raccomando ????"
0,"#italiani tranquilli gli #americani vi salveranno #coronavirus e #vaccino , azienda #usa annuncia sperimentazione entro #aprile #italia #covid19italia - il sole 24 ore https://t.co/n5un4kggnc"
0,"un certo ""giornalismo"" � l'arma di distrazione di massa di certa ""politica"".  dove sono i demagoghi pro #novax #freevax? perch� cari accattoni di voti non andate in tv ora a dire:alla ""gggente"" va garantita la libert� di scelta se vaccinarsi o no? #coronavirusitalia #coronavirus"
2,"@maurodottorini @repubblica se ammalarsi di covid-19 e guarirne non conferisce immunità, come potrà mai conferirla un vaccino?
si ritiene tanto intelligente da bollare come demente la sen. cunial ma allo stesso tempo non riesce a fare una deduzione così elementare..."
0,"coronavirus, l`appello ai grandi della terra per un «vaccino del popolo, libero da brevetti». e speranza: «non sia privilegio di pochi» - open https://t.co/kjcf2h8vai"
0,"fra 7-8 mesi all�uscita del vaccino per #coronavirus voglio vedere chi non lo far�. intanto per� l'atteggiamento contro i #vaccini porta molte persone a non vaccinarsi, per l'influenza e abbiamo avuto molti decessi. con la salute non si scherza.@radiocusano @deputatipd @pdnetwork"
2,"questo  il foglio illustrativo  di un #vaccino chiamato tetravac, quello che avete fatto iniettare ai vostri bambini.  sapete che tutti gli ingredienti  di questi vaccini fanno venire il cancro la leucemia, l'encefalopatia, i disturbi del compoamento, ecc.   leggeteli per dio! https://t.co/kxhab0uuyb"
